employee_id_hash,name,company_id,tenure_years,gender,marital_status,is_permanent,performance_score,performance_rating,has_promotion,behavior_avg,psychological_score,drive_score,mental_strength_score,adaptability_score,collaboration_score,has_quick_assessment,holistic_score,score_alignment,leadership_potential
b0c90386da284e0700645d006e6677e4,Taufik Sasmita,65,3,O,married,t,41.73581658368677,Excellent,1,92.5,87.125,85.0,85.7,87.8,90.0,1,89.16022727272727,0.6401479764926783,86.875
fc8b075db46508e71d2be3acc256f9c4,Ulfa Tampubolon,98,10,O,married,t,33.36713995943205,Good,0,90.3125,76.45,74.6,74.5,76.7,80.0,1,78.22875,0.660893431989894,76.17999999999999
b433953a6db73b535295bf0bc6eaeb8d,Vina Nasution,101,6,O,married,f,39.17407811931139,Good,1,87.08333333333333,83.975,84.0,80.3,81.6,90.0,1,84.4251923076923,0.664819537638627,83.675
6454006028096215decc7ea21c8e6edd,Citra Sutanto,69,4,O,single,t,46.95064232589588,Excellent,1,96.66666666666669,70.95,69.3,67.8,66.7,80.0,1,89.965,0.563724178308501,70.41499999999999
0932bfea2d3011d9f0fb94ef7fa05a3b,Rudi Setiawan,101,5,O,widow,t,40.63556457065585,Good,1,90.0,77.375,73.0,77.2,79.3,80.0,1,84.55535714285715,0.635371178736625,77.025
f52773fc05f209f8d45263992ce543e9,Umi Nugraha,69,4,O,married,f,36.79851250845166,Average,1,75.0,75.85,79.3,77.7,76.4,70.0,1,76.355,0.7047018299087188,76.315
2a9db7d3e4e55f32f17bdcc8aaad75d8,Putri Harahap,69,6,O,single,t,39.1255352715799,Good,1,82.5,84.625,81.8,84.5,82.2,90.0,1,83.20416666666667,0.6807723259641008,84.215
e4c2d7916d816845887f90a544ef0ad8,Lina Nasution,63,0,O,single,t,88.66351138156415,Good,0,87.5,22.5,6.0,7.0,7.0,70.0,1,107.93333333333337,0.0954043516371321,19.3
88c5252bccc012bc2bc25d2738996b9a,Hendra Susanto,66,3,O,widow,t,28.215530243927812,Good,1,94.58333333333331,82.275,79.3,77.7,82.1,90.0,1,76.90365384615384,0.6566885236119455,81.74000000000001
e54915156bc980c76d4d4f0efe9bd426,Umar Irawan,78,4,O,married,t,39.362181654270906,Average,1,93.75,85.175,84.3,83.7,82.7,90.0,1,86.94416666666667,0.6449097695524991,84.89
38b35a4b0ab4b3ec7c2c672e44a796e9,Putri Rachman,66,4,O,single,t,31.56498673740053,Average,1,79.64285714285715,76.45,74.6,74.5,76.7,80.0,1,73.50478021978023,0.7101524376652055,76.17999999999999
fa5a5cc7770eacf09db505a731e1c27a,Cahya Hidayat,78,4,O,married,t,27.27349560513861,Average,1,98.75,85.125,84.0,82.5,84.0,90.0,1,78.21249999999999,0.6425344001269596,84.825
2ed67b8db71a52d7071a68c2be201de1,Aditya Iskandar,82,13,O,married,t,38.045456909554275,Good,0,91.07142857142856,15.0,0.0,0.0,0.0,60.0,1,63.97527472527472,0.5448819020106603,12.0
262f33875cd997935a55cd3bcb781411,Vera Suharto,82,3,O,married,t,42.05024184740208,Good,1,90.625,86.1,84.0,86.4,84.0,90.0,1,88.55596153846153,0.6436509162708874,85.8
056470a2d6db000f56b97e1c8ce3f53e,Mega Nugraha,101,1,O,single,t,39.874915483434755,Average,0,78.57142857142857,13.0,4.0,5.0,3.0,40.0,1,61.17142857142857,0.5536085253508354,11.2
edbe111b2f6b45b81aa017790e6abfcd,Zaki Susanto,82,3,O,single,t,43.8058748403576,Excellent,1,100.0,83.85,85.6,83.9,85.9,80.0,1,92.17722222222224,0.602320211738427,84.13
725eca3dc41544617ebaf1ddc948dbe1,Lestari Simbolon,101,5,O,married,t,46.018619649451296,Good,1,97.08333333333331,77.375,73.0,77.2,79.3,80.0,1,91.2298076923077,0.5826787312493735,77.025
e53709e4103fce4c062858eb070a5274,Candra Nasution,101,5,O,widow,t,40.63556457065585,Good,1,90.0,77.375,73.0,77.2,79.3,80.0,1,84.55535714285715,0.635371178736625,77.025
c342db96f729ddb1213417a986dbf898,Citra Kusumah,72,0,O,single,t,40.70317782285328,Good,0,93.75,25.25,7.0,7.0,7.0,80.0,1,70.1,0.5209135332817336,21.6
2edf627057fa9eae0d046f9f33c83168,Erna Gunawan,63,7,O,widow,t,27.721433400946587,Need Improvement,0,90.0,86.60000000000001,84.7,86.4,85.3,90.0,1,76.40857142857143,0.6884958479655626,86.33500000000001
c794c256dabeefc5beff71f9ca88e6b3,Omar Pratama,66,4,O,married,t,29.55928452885857,Excellent,0,85.75,82.9,77.7,82.3,81.6,90.0,1,75.57681818181818,0.7013274024052004,82.285
836f7909853d1a60438f91cbf31432c9,Hendra Nugroho,70,3,O,single,t,29.34415145368493,Need Improvement,1,91.25,83.275,85.2,82.6,85.3,80.0,1,77.1575,0.6805049883018516,83.535
ffe45d6db9364eac779c7a11c2bf2c6f,Fajar Ramadhan,98,10,O,married,t,33.36713995943205,Good,0,90.3125,76.45,74.6,74.5,76.7,80.0,1,78.22875,0.660893431989894,76.17999999999999
73e07fcf9a1175164a65b3ab6d2a66ba,Ulfa Wahyudi,82,3,O,single,t,44.5946961159943,Excellent,1,95.71428571428572,78.225,75.6,80.6,76.7,80.0,1,89.87067460317462,0.5973642395901668,78.005
bcc73d5780624bbb7d4d180dddf6cdc6,Zaki Prabowo,82,13,O,married,t,37.99864773495605,Average,0,88.0,82.075,79.7,78.7,79.9,90.0,1,83.13678571428572,0.6632026756505265,81.56
3c9df76b3633b700e303fe0a361a09cf,Yudi Permana,81,2,O,single,t,41.846968672526486,Good,1,99.16666666666669,22.25,6.0,6.0,7.0,70.0,1,71.79166666666667,0.4941199911705015,19.05
53a2fbce70a4d07d11586b38cffe31d1,Citra Santoso,78,4,O,married,t,27.27349560513861,Average,1,98.75,85.125,84.0,82.5,84.0,90.0,1,78.21249999999999,0.6425344001269596,84.825
82840c035d2d2308feeeca94e21edfc8,Nita Irawan,66,4,O,single,t,31.56498673740053,Average,1,79.64285714285715,76.45,74.6,74.5,76.7,80.0,1,73.50478021978023,0.7101524376652055,76.17999999999999
4ff87be2b6554a85a2fbaafd81524d1c,Gilang Simbolon,69,4,O,single,t,46.95064232589588,Excellent,1,96.66666666666669,70.95,69.3,67.8,66.7,80.0,1,89.965,0.563724178308501,70.41499999999999
d219ed7bee0050949a397a6e2bb55a46,Lestari Lubis,78,4,O,married,t,39.362181654270906,Average,1,93.75,85.175,84.3,83.7,82.7,90.0,1,86.94416666666667,0.6449097695524991,84.89
4a42b9c5aee9c583145dff6097ee461d,Cahya Irawan,82,4,O,married,t,38.03245436105477,Good,1,96.875,78.15,75.6,77.7,79.3,80.0,1,84.65035714285715,0.6247616656218029,77.92999999999999
3d88b6beed4f8cd661498e09d1b9e11a,Yoga Tampubolon,75,3,O,married,t,44.10228041059685,Excellent,1,93.4375,84.625,81.8,84.5,82.2,90.0,1,90.69147727272728,0.6188427991138283,84.215
d90417bdae44a18ef09dd3ad391bc2cc,Ulfa Sanjaya,81,12,O,married,t,28.134625497708655,Average,0,100.0,78.375,77.7,78.1,77.7,80.0,1,77.29027777777777,0.6268095011855878,78.25999999999999
48f80eaf19c6a6d765db0573ff49c88e,Cahya Ramadhan,81,4,O,married,t,40.87528428299219,Average,0,85.0,75.85,75.8,74.0,73.6,80.0,1,82.80045454545454,0.6449690813914315,75.63999999999999
528b602b5a4e80735762f56758fca820,Nita Setiawan,66,4,O,married,t,29.55928452885857,Excellent,0,85.75,82.9,77.7,82.3,81.6,90.0,1,75.57681818181818,0.7013274024052004,82.285
4dba7ba5b1311f663c17f2adcb729911,Intan Irawan,64,3,O,single,t,22.52873563218391,Good,1,88.75,86.225,85.6,80.6,88.7,90.0,1,71.5325,0.688466580028307,86.005
3e9afafe748f92aa45bc49867b640c89,Gilang Utomo,63,7,O,widow,t,27.721433400946587,Need Improvement,0,90.0,86.60000000000001,84.7,86.4,85.3,90.0,1,76.40857142857143,0.6884958479655626,86.33500000000001
21ade038b884c06bedfb71046e1e9315,Bella Iskandar,81,2,O,single,t,41.846968672526486,Good,1,99.16666666666669,22.25,6.0,6.0,7.0,70.0,1,71.79166666666667,0.4941199911705015,19.05
24cc596eb9b6841581bed9d7bbf45dfc,Eko Budiman,81,2,O,single,t,41.846968672526486,Good,1,99.16666666666669,22.25,6.0,6.0,7.0,70.0,1,71.79166666666667,0.4941199911705015,19.05
a751bf5ef34c7292d45e583fe98c18cf,Vino Purnomo,101,11,O,married,t,44.63514848910386,Average,0,100.0,81.9,76.8,80.9,79.9,90.0,1,92.29307692307692,0.5889762773903614,81.24000000000001
31b38475dfe3f903a248ebe2c2ff74c6,Joko Adiputra,82,3,O,single,t,42.94056180465917,Good,1,93.75,83.8,82.5,80.6,82.1,90.0,1,89.55590909090908,0.620733899757191,83.425
4bddc9d0929e58f00136676a5fc59c7c,Bella Hakim,82,4,O,married,t,46.33536173089926,Good,1,90.83333333333334,78.375,77.7,78.1,77.7,80.0,1,89.92250000000001,0.6005916151726776,78.25999999999999
1a6dc21b26b837d182a980086bcfe827,Intan Nugroho,69,4,O,single,t,46.95064232589588,Excellent,1,96.66666666666669,70.95,69.3,67.8,66.7,80.0,1,89.965,0.563724178308501,70.41499999999999
db4ef9cc6c2d20e50c8bbda14854c4b9,Tono Kurniawan,69,4,O,single,t,46.95064232589588,Excellent,1,96.66666666666669,70.95,69.3,67.8,66.7,80.0,1,89.965,0.563724178308501,70.41499999999999
def4f08e4ad645dde77800b2f9098a14,Putra Siregar,82,4,O,married,t,100.0,Excellent,1,100.0,85.175,81.3,81.7,87.7,90.0,1,140.06678571428571,0.0722363372714792,84.74
e710b6e7544bc3b3c6ee0631e56bca6d,Siska Hartono,76,3,O,single,t,60.28566599053414,Excellent,1,86.75,77.6,79.3,74.4,76.7,80.0,1,100.255,0.4842398611434446,77.565
c122ac52330da0396ef9146cbe6a9be4,Candra Pratama,101,6,O,married,t,39.62136578769439,Good,1,90.0,85.225,85.6,80.6,84.7,90.0,1,86.05321428571429,0.6543779687539938,85.005
3867f0d134e4c93a3953185d8fa44e41,Cahya Hidayat,78,4,O,married,t,39.362181654270906,Average,1,93.75,85.175,84.3,83.7,82.7,90.0,1,86.94416666666667,0.6449097695524991,84.89
cea28e1915ee30660c643561d5afece0,Joko Simbolon,63,0,O,single,t,88.66351138156415,Good,0,87.5,22.5,6.0,7.0,7.0,70.0,1,107.93333333333337,0.0954043516371321,19.3
13ebded50b21ce2fd21cff3f6b34e9e7,Pramono Wijaya,101,15,O,married,t,40.190443993689435,Good,0,97.5,85.625,84.0,84.5,84.0,90.0,1,88.90416666666667,0.6284972490256882,85.325
badedd47566c48b4a8c05d7699cb199b,Yudi Yulianto,63,0,O,single,t,88.66351138156415,Good,0,87.5,22.5,6.0,7.0,7.0,70.0,1,107.93333333333337,0.0954043516371321,19.3
53f4e3042d766dffdfc92d8d0768622f,Tono Yulianto,69,6,O,single,t,39.1255352715799,Good,1,82.5,84.625,81.8,84.5,82.2,90.0,1,83.20416666666667,0.6807723259641008,84.215
a0942b4e446b966087caa6e0de103cf8,Ika Sinaga,66,4,O,single,t,38.599654421155435,Good,1,98.33333333333331,75.85,79.3,77.7,76.4,70.0,1,84.87722222222222,0.6173696448488077,76.315
7ee88e0dcd245aec3af5ff1362f53d0a,Aditya Sinaga,66,4,O,single,t,38.599654421155435,Good,1,98.33333333333331,75.85,79.3,77.7,76.4,70.0,1,84.87722222222222,0.6173696448488077,76.315
25efb74f19397610f9b422d3ffa64bbc,Elsa Budiman,76,3,O,single,t,60.28566599053414,Excellent,1,86.75,77.6,79.3,74.4,76.7,80.0,1,100.255,0.4842398611434446,77.565
273a880e946941539aa30a463363e341,Andi Darmawan,69,4,O,married,f,36.79851250845166,Average,1,75.0,75.85,79.3,77.7,76.4,70.0,1,76.355,0.7047018299087188,76.315
f6edc315d521407f6563f37dda849410,Johan Suryanto,82,3,O,single,t,43.8058748403576,Excellent,1,100.0,83.85,85.6,83.9,85.9,80.0,1,92.17722222222224,0.602320211738427,84.13
78943e3d49d139e63671ee40a46a6393,Pramono Firmansyah,78,4,O,married,t,27.27349560513861,Average,1,98.75,85.125,84.0,82.5,84.0,90.0,1,78.21249999999999,0.6425344001269596,84.825
c29e5435730b2888188316270e0d8c06,Gina Firmansyah,66,4,O,single,t,31.56498673740053,Average,1,79.64285714285715,76.45,74.6,74.5,76.7,80.0,1,73.50478021978023,0.7101524376652055,76.17999999999999
73ed83d1dad641293e338b299b81160d,Qonita Wibowo,101,3,O,single,t,43.54293441514537,Good,0,97.5,75.85,79.3,77.7,76.4,70.0,1,88.805,0.5979923185734806,76.315
71612f51f8f334b24334dea0c414160d,Umar Lubis,82,6,O,married,t,43.15569487983282,Good,1,86.0,85.225,85.6,80.6,84.7,90.0,1,87.84022727272728,0.6448536463287031,85.005
b8a0f81ed30d6878bd3fe84495fd2926,Bella Budiman,82,1,O,married,t,44.4895199459094,Good,0,95.83333333333331,22.5,6.0,7.0,7.0,70.0,1,73.1,0.4913680294343645,19.3
3b23dacf4d11e308080d5bf52ab8b2e1,Cahya Saputra,81,12,O,married,t,28.134625497708655,Average,0,100.0,78.375,77.7,78.1,77.7,80.0,1,77.29027777777777,0.6268095011855878,78.25999999999999
659fb3598220437de6c08d654706cc0b,Ulfa Sinaga,72,0,O,single,t,40.70317782285328,Good,0,93.75,25.25,7.0,7.0,7.0,80.0,1,70.1,0.5209135332817336,21.6
dcd9dcb4c079f8001d2c37badb8a534e,Kartika Kusuma,75,3,O,single,t,45.30702563156924,Excellent,1,93.25,85.075,81.8,84.5,84.0,90.0,1,91.78840909090908,0.6131868989134723,84.66499999999999
f4fdee797f6ecf0dfd7487a790314778,Sari Darmawan,66,4,O,single,t,31.56498673740053,Average,1,79.64285714285715,76.45,74.6,74.5,76.7,80.0,1,73.50478021978023,0.7101524376652055,76.17999999999999
8251071656292eea2617022afa909731,Ika Mahendra,75,3,O,single,t,45.30702563156924,Excellent,1,93.25,85.075,81.8,84.5,84.0,90.0,1,91.78840909090908,0.6131868989134723,84.66499999999999
1b70104968ea27e702695f79beccc3ee,Vera Sanjaya,66,3,O,widow,t,28.215530243927812,Good,1,94.58333333333331,82.275,79.3,77.7,82.1,90.0,1,76.90365384615384,0.6566885236119455,81.74000000000001
d262b572615ce259a46591bc99f06414,Andi Siregar,78,4,O,married,t,27.27349560513861,Average,1,98.75,85.125,84.0,82.5,84.0,90.0,1,78.21249999999999,0.6425344001269596,84.825
8245f690962cf648f108aac3a289e56a,Ika Rachman,78,4,O,married,t,39.362181654270906,Average,1,93.75,85.175,84.3,83.7,82.7,90.0,1,86.94416666666667,0.6449097695524991,84.89
f386eb81367ec68efa54964940608507,Olivia Wibowo,72,0,O,single,t,40.70317782285328,Good,0,93.75,25.25,7.0,7.0,7.0,80.0,1,70.1,0.5209135332817336,21.6
3127be1a8780ca86bab7d65442c1f16c,Oki Rachman,82,4,O,married,t,47.37230315323622,Excellent,1,95.0,75.85,75.8,74.0,73.6,80.0,1,91.29136363636364,0.5757754635805756,75.63999999999999
432bafc4fe00af2d79bd6e0603a6e5f3,Nanda Prasetyo,82,13,O,married,t,37.99864773495605,Average,0,88.0,82.075,79.7,78.7,79.9,90.0,1,83.13678571428572,0.6632026756505265,81.56
9d70bf97d4d440ae990351dad94e1f24,Yudi Irawan,78,4,O,married,t,39.362181654270906,Average,1,93.75,85.175,84.3,83.7,82.7,90.0,1,86.94416666666667,0.6449097695524991,84.89
87b2bf11c015d7c1b03624cc5c361eab,Qonita Adiputra,82,13,O,married,t,30.56118999323867,Good,0,91.5,83.0,79.9,78.1,84.0,90.0,1,78.17857142857142,0.6734120426630048,82.495
67baa7c7403958eff6c5321cbf15a6b7,Wulan Setiawan,101,5,O,married,t,46.018619649451296,Good,1,97.08333333333331,77.375,73.0,77.2,79.3,80.0,1,91.2298076923077,0.5826787312493735,77.025
76a96d157a80ad251cef3cc0a04e6e14,Dian Sinaga,69,4,O,single,t,46.95064232589588,Excellent,1,96.66666666666669,70.95,69.3,67.8,66.7,80.0,1,89.965,0.563724178308501,70.41499999999999
c406b3f3822f7de73b0933d32828103d,Gina Sasmita,82,1,O,married,t,45.199459093982426,Good,0,95.0,22.25,7.0,6.0,6.0,70.0,1,73.375,0.4885577763342684,19.1
48628556390f6f184e7fe3b5cb309f9f,Taufik Ramadhan,76,2,O,single,t,45.81473968897904,Excellent,0,98.18181818181816,79.825,77.6,82.4,79.3,80.0,1,92.12204545454544,0.5858903654485028,79.705
f57e55f5d62218f8fea88609a6b57401,Karina Purnomo,82,8,O,married,t,27.53703362222632,Good,0,90.0,80.175,84.7,76.8,79.2,80.0,1,74.32522727272728,0.6794554377868787,80.41
06b08f327e825c1f40fdc7a524db6770,Umi Harahap,69,4,O,single,t,46.95064232589588,Excellent,1,96.66666666666669,70.95,69.3,67.8,66.7,80.0,1,89.965,0.563724178308501,70.41499999999999
f4bd98206b94214df0f4557845cd8d87,Faisal Hidayat,101,6,O,married,t,39.62136578769439,Good,1,90.0,85.225,85.6,80.6,84.7,90.0,1,86.05321428571429,0.6543779687539938,85.005
6402da161610e7dd52314440372e88c3,Rudi Nugraha,70,8,O,single,t,49.96619337390128,Excellent,0,97.5,77.375,73.0,77.2,79.3,80.0,1,94.69107142857143,0.5555630496840722,77.025
25dba351e9ccbc4fe30b01f82df14f61,Joko Firmansyah,101,11,O,married,t,44.63514848910386,Average,0,100.0,81.9,76.8,80.9,79.9,90.0,1,92.29307692307692,0.5889762773903614,81.24000000000001
705a6cb66400758777632aa14bc38992,Made Harahap,69,4,O,single,t,46.95064232589588,Excellent,1,96.66666666666669,70.95,69.3,67.8,66.7,80.0,1,89.965,0.563724178308501,70.41499999999999
d7983b1ce09f4192262d42ec4865e8e7,Citra Sugiarto,81,2,O,single,t,41.846968672526486,Good,1,99.16666666666669,22.25,6.0,6.0,7.0,70.0,1,71.79166666666667,0.4941199911705015,19.05
f301d10a568ac718a29f76164b1bea11,Wawan Suharto,82,4,O,married,t,38.03245436105477,Good,1,96.875,78.15,75.6,77.7,79.3,80.0,1,84.65035714285715,0.6247616656218029,77.92999999999999
14d4c2ed50274cf7ba0e85518ad1b65c,Maya Yulianto,82,3,O,single,t,42.94056180465917,Good,1,93.75,83.8,82.5,80.6,82.1,90.0,1,89.55590909090908,0.620733899757191,83.425
de8c96d278a3ef43a8938cd501bde53f,Jaya Wibowo,65,1,O,married,t,23.2702276312824,Good,0,92.0,77.5,76.5,80.0,83.5,70.0,1,70.51666666666667,0.6636704107685549,77.825
58df97ed8bf7dd42d99aa55584e84cdf,Hadi Adiputra,81,4,O,married,t,40.87528428299219,Average,0,85.0,75.85,75.8,74.0,73.6,80.0,1,82.80045454545454,0.6449690813914315,75.63999999999999
9161eb094d147040ca8704a3895adecd,Zainal Adiputra,70,3,O,single,t,43.95706558485463,Excellent,1,100.0,84.625,82.5,83.9,82.1,90.0,1,92.5375,0.5972830266202477,84.25
3c93e79063737c6a75ab3fe5b22c9fcc,Sinta Kurniawan,69,6,O,single,t,39.1255352715799,Good,1,82.5,84.625,81.8,84.5,82.2,90.0,1,83.20416666666667,0.6807723259641008,84.215
6e1ce547ac42ab7796d11797db69d0e7,Johan Purnomo,66,3,O,widow,t,28.215530243927812,Good,1,94.58333333333331,82.275,79.3,77.7,82.1,90.0,1,76.90365384615384,0.6566885236119455,81.74000000000001
db96f99049d536f833c050f182040958,Omar Lubis,82,4,O,married,t,46.33536173089926,Good,1,90.83333333333334,78.375,77.7,78.1,77.7,80.0,1,89.92250000000001,0.6005916151726776,78.25999999999999
5de82d627bdb1e9e51a2b0fdb4f0ee23,Jaya Budiman,70,3,O,single,t,43.95706558485463,Excellent,1,100.0,84.625,82.5,83.9,82.1,90.0,1,92.5375,0.5972830266202477,84.25
ee8f2a176122610fc1aa5e1df80ed019,Aditya Tampubolon,66,4,O,single,t,38.599654421155435,Good,1,98.33333333333331,75.85,79.3,77.7,76.4,70.0,1,84.87722222222222,0.6173696448488077,76.315
794703447e77ea23adb805bbd900af00,Jaya Budiman,69,4,O,married,f,36.79851250845166,Average,1,75.0,75.85,79.3,77.7,76.4,70.0,1,76.355,0.7047018299087188,76.315
afae55da8835203981d6f1a93b868c96,Lukman Sugiarto,82,6,O,married,t,43.15569487983282,Good,1,86.0,85.225,85.6,80.6,84.7,90.0,1,87.84022727272728,0.6448536463287031,85.005
becc6a36510eab570fccdda2cc4f5f49,Taufik Suharto,78,3,O,married,t,27.38336713995943,Excellent,1,99.375,73.25,73.0,77.0,73.0,70.0,1,74.93035714285713,0.6212703189033932,73.4
3a2557b683844420b94f66ecd3b4acd8,Vina Setiawan,81,15,O,married,t,40.584854631507774,Good,0,99.5,79.4,76.4,85.7,75.5,80.0,1,87.97,0.608581769099239,79.22
435b66ff5008f2a6336b283150747245,Ulfa Sasmita,77,14,O,married,t,43.424611223799864,Good,1,90.0,79.57499999999999,80.1,79.8,78.4,80.0,1,87.57249999999999,0.6250051265782522,79.58
e40f6fe8ae7e96c36a93ab482b703820,Vina Irawan,101,6,O,married,f,39.17407811931139,Good,1,87.08333333333333,83.975,84.0,80.3,81.6,90.0,1,84.4251923076923,0.664819537638627,83.675
62885f5fa0b2b2bbbdc628d02e432993,Elsa Nasution,69,4,O,married,f,36.79851250845166,Average,1,75.0,75.85,79.3,77.7,76.4,70.0,1,76.355,0.7047018299087188,76.315
0018d996921e861cf92230193d1a4f70,Zahra Nugraha,101,5,O,married,t,42.77838456337443,Good,1,90.83333333333331,87.15,88.0,86.6,84.0,90.0,1,89.54884615384616,0.6416953200912217,87.05
be4dc249271bdda856822a00d47ce4fd,Aditya Budiman,77,14,O,married,t,43.424611223799864,Good,1,90.0,79.57499999999999,80.1,79.8,78.4,80.0,1,87.57249999999999,0.6250051265782522,79.58
ec21164e465fd140afddb639405377cd,Sinta Hakim,78,4,O,married,t,39.362181654270906,Average,1,93.75,85.175,84.3,83.7,82.7,90.0,1,86.94416666666667,0.6449097695524991,84.89
3d72f936fc6b783669cd62fa555cdc98,Tono Pratama,75,3,O,single,t,45.30702563156924,Excellent,1,93.25,85.075,81.8,84.5,84.0,90.0,1,91.78840909090908,0.6131868989134723,84.66499999999999
18c614e4508155f55e47d381067a5601,Umi Situmorang,82,3,O,single,t,44.5946961159943,Excellent,1,95.71428571428572,78.225,75.6,80.6,76.7,80.0,1,89.87067460317462,0.5973642395901668,78.005
7cb883161b2dc6ccf16664df3f2a9645,Wawan Irawan,66,4,O,single,t,31.56498673740053,Average,1,79.64285714285715,76.45,74.6,74.5,76.7,80.0,1,73.50478021978023,0.7101524376652055,76.17999999999999
59a1225251427e9684b0903d9dfea1ae,Nanda Darmawan,65,3,O,married,t,41.73581658368677,Excellent,1,92.5,87.125,85.0,85.7,87.8,90.0,1,89.16022727272727,0.6401479764926783,86.875
c1e23ddbe48e4a78a07b9ec917355ee6,Rina Situmorang,82,4,O,married,t,47.37230315323622,Excellent,1,95.0,75.85,75.8,74.0,73.6,80.0,1,91.29136363636364,0.5757754635805756,75.63999999999999
146f45987b4ad35b5edfea1bb7360637,Kiki Gunawan,69,4,O,single,t,46.95064232589588,Excellent,1,96.66666666666669,70.95,69.3,67.8,66.7,80.0,1,89.965,0.563724178308501,70.41499999999999
44dbf9dc8079012c60de4bee9765295d,Dimas Budiman,78,4,O,married,t,39.362181654270906,Average,1,93.75,85.175,84.3,83.7,82.7,90.0,1,86.94416666666667,0.6449097695524991,84.89
cbfe47f9876a3b83d6e1806ff070f1df,Zaki Nasution,82,1,O,married,t,41.88640973630832,Good,0,91.25,23.0,8.0,7.0,7.0,70.0,1,69.675,0.5237280674827629,19.9
1323cddc225ed12b5852ce87078c30af,Mega Nugraha,82,3,O,married,t,42.05024184740208,Good,1,90.625,86.1,84.0,86.4,84.0,90.0,1,88.55596153846153,0.6436509162708874,85.8
0b816dbd1061b12c1c987bde27c49060,Zaki Gunawan,78,4,O,married,t,39.362181654270906,Average,1,93.75,85.175,84.3,83.7,82.7,90.0,1,86.94416666666667,0.6449097695524991,84.89
4f146c0ea30fba3703c19915bd87b7c7,Taufik Adiputra,81,2,O,single,t,41.846968672526486,Good,1,99.16666666666669,22.25,6.0,6.0,7.0,70.0,1,71.79166666666667,0.4941199911705015,19.05
e536d0a12c7bb78e33d910c1206eaf43,Umar Tampubolon,69,4,O,single,t,46.95064232589588,Excellent,1,96.66666666666669,70.95,69.3,67.8,66.7,80.0,1,89.965,0.563724178308501,70.41499999999999
160a4ea705d87f8bb7be07fed07d9bff,Wati Harahap,82,13,O,married,t,30.56118999323867,Good,0,91.5,83.0,79.9,78.1,84.0,90.0,1,78.17857142857142,0.6734120426630048,82.495
758c94553897a431ada4950a4ca2d3fc,Zainal Hartono,66,4,O,single,t,31.56498673740053,Average,1,79.64285714285715,76.45,74.6,74.5,76.7,80.0,1,73.50478021978023,0.7101524376652055,76.17999999999999
91dc9150921e8202f19d8cb8ca7f44cb,Eko Susanto,101,5,O,widow,t,40.63556457065585,Good,1,90.0,77.375,73.0,77.2,79.3,80.0,1,84.55535714285715,0.635371178736625,77.025
5c55a2c5cdceb6bbd4082176f77d78e5,Dian Firmansyah,66,4,O,single,t,31.56498673740053,Average,1,79.64285714285715,76.45,74.6,74.5,76.7,80.0,1,73.50478021978023,0.7101524376652055,76.17999999999999
49e2aefb9b99f0280244211183c5cc72,Cahya Wahyudi,69,4,O,single,t,46.95064232589588,Excellent,1,96.66666666666669,70.95,69.3,67.8,66.7,80.0,1,89.965,0.563724178308501,70.41499999999999
6fa081e81b76aa235f715f85d352e77d,Putra Sinaga,69,6,O,single,t,39.1255352715799,Good,1,82.5,84.625,81.8,84.5,82.2,90.0,1,83.20416666666667,0.6807723259641008,84.215
51681a8627afe9a03ffcf6dc3ec7d435,Candra Budiman,82,3,O,single,t,43.8058748403576,Excellent,1,100.0,83.85,85.6,83.9,85.9,80.0,1,92.17722222222224,0.602320211738427,84.13
46e1a8d58f98bce94c73ba9a1c55cbc6,Fajar Prabowo,101,5,O,married,t,46.018619649451296,Good,1,97.08333333333331,77.375,73.0,77.2,79.3,80.0,1,91.2298076923077,0.5826787312493735,77.025
62da1e75ce3554de4c074fd34236ce46,Joko Maulana,82,4,O,married,t,100.0,Excellent,1,100.0,85.175,81.3,81.7,87.7,90.0,1,140.06678571428571,0.0722363372714792,84.74
a9f3bc9e2b4e36e45b31fb9ee0a64b9f,Gilang Sugiarto,78,4,O,married,t,39.362181654270906,Average,1,93.75,85.175,84.3,83.7,82.7,90.0,1,86.94416666666667,0.6449097695524991,84.89
2eb068a40abdb2e1efda32479ea7edff,Wawan Sugiarto,69,6,O,single,t,39.1255352715799,Good,1,82.5,84.625,81.8,84.5,82.2,90.0,1,83.20416666666667,0.6807723259641008,84.215
ef17daf65554e0712a90c7c7a86be987,Gita Sugiarto,66,3,O,widow,t,28.215530243927812,Good,1,94.58333333333331,82.275,79.3,77.7,82.1,90.0,1,76.90365384615384,0.6566885236119455,81.74000000000001
1a9be1d8b910e24b093fd9fd82013d35,Made Nugraha,66,3,O,widow,t,28.215530243927812,Good,1,94.58333333333331,82.275,79.3,77.7,82.1,90.0,1,76.90365384615384,0.6566885236119455,81.74000000000001
5851f81a6b7b9f64703d562f0d567b40,Qori Irawan,69,6,O,single,t,39.1255352715799,Good,1,82.5,84.625,81.8,84.5,82.2,90.0,1,83.20416666666667,0.6807723259641008,84.215
9c1a51f66518a6660ddfc629b268b442,Jaya Wibowo,66,4,O,single,t,31.56498673740053,Average,1,79.64285714285715,76.45,74.6,74.5,76.7,80.0,1,73.50478021978023,0.7101524376652055,76.17999999999999
2a8596c056e72a6029f033a630732457,Putra Cahyono,69,4,O,single,t,46.95064232589588,Excellent,1,96.66666666666669,70.95,69.3,67.8,66.7,80.0,1,89.965,0.563724178308501,70.41499999999999
789a595f6aecae7bc740f1db74e494f3,Joko Hakim,67,8,O,married,t,33.07133198106829,Good,0,99.0,80.175,84.7,76.8,79.2,80.0,1,81.7025,0.6319504644098186,80.41
663a61fc93a9e5dd215fc5a89ed49dd1,Lukman Hartono,65,3,O,married,t,41.73581658368677,Excellent,1,92.5,87.125,85.0,85.7,87.8,90.0,1,89.16022727272727,0.6401479764926783,86.875
4b9395f7a69ec2fe4d3e55d8769eeaee,Zaki Mahendra,103,16,O,married,t,23.506874013973405,Need Improvement,0,69.36111111111111,83.0,79.9,78.1,84.0,90.0,1,65.57499999999999,0.7854601656219073,82.495
20f74f9e125587f6cbd129071a5f3e57,Yanto Sasmita,82,1,O,married,t,44.4895199459094,Good,0,95.83333333333331,22.5,6.0,7.0,7.0,70.0,1,73.1,0.4913680294343645,19.3
4232f3878d8b2ceef33ba98f32ddbb99,Lestari Kusuma,77,14,O,married,t,43.424611223799864,Good,1,90.0,79.57499999999999,80.1,79.8,78.4,80.0,1,87.57249999999999,0.6250051265782522,79.58
861872fd7f746c88c19765f1d1edb3f3,Maya Harahap,64,3,O,single,t,22.52873563218391,Good,1,88.75,86.225,85.6,80.6,88.7,90.0,1,71.5325,0.688466580028307,86.005
52fa71cd60caac80c9f9253dfc8f31fb,Nita Tampubolon,66,4,O,single,t,38.599654421155435,Good,1,98.33333333333331,75.85,79.3,77.7,76.4,70.0,1,84.87722222222222,0.6173696448488077,76.315
0f85d9411b84b629c387dece41ab6963,Wati Wijaya,78,4,O,married,t,39.362181654270906,Average,1,93.75,85.175,84.3,83.7,82.7,90.0,1,86.94416666666667,0.6449097695524991,84.89
ca06317efc8c6c85f3768449efe16443,Tono Nugraha,81,2,O,single,t,41.846968672526486,Good,1,99.16666666666669,22.25,6.0,6.0,7.0,70.0,1,71.79166666666667,0.4941199911705015,19.05
9e0f948af4a7a815b0446f2797d225c0,Qori Firmansyah,66,4,O,single,t,31.56498673740053,Average,1,79.64285714285715,76.45,74.6,74.5,76.7,80.0,1,73.50478021978023,0.7101524376652055,76.17999999999999
dcf6b17460961b457fe3fbaf26242e5c,Qori Tampubolon,82,3,O,single,t,44.5946961159943,Excellent,1,95.71428571428572,78.225,75.6,80.6,76.7,80.0,1,89.87067460317462,0.5973642395901668,78.005
a4d523843f573cc3f849a98d0a373d67,Ika Gunawan,101,5,O,married,t,46.018619649451296,Good,1,97.08333333333331,77.375,73.0,77.2,79.3,80.0,1,91.2298076923077,0.5826787312493735,77.025
1270726f953d857aa05b0b4d7ca6371f,Ulfa Harahap,75,3,O,single,t,45.30702563156924,Excellent,1,93.25,85.075,81.8,84.5,84.0,90.0,1,91.78840909090908,0.6131868989134723,84.66499999999999
c35ceac5209eef5688a015a7be869415,Elsa Prasetyo,65,3,O,married,t,41.73581658368677,Excellent,1,92.5,87.125,85.0,85.7,87.8,90.0,1,89.16022727272727,0.6401479764926783,86.875
ffb032aef422b966505c9b1fbed510cd,Omar Darmawan,82,1,O,married,t,45.199459093982426,Good,0,95.0,22.25,7.0,6.0,6.0,70.0,1,73.375,0.4885577763342684,19.1
edb90512a74edfa97e261ab9730a02f6,Sinta Wibowo,82,1,O,married,t,45.199459093982426,Good,0,95.0,22.25,7.0,6.0,6.0,70.0,1,73.375,0.4885577763342684,19.1
04e0e53b1239077b38d5be4ff7ba3244,Karina Wahyudi,103,16,O,married,t,23.506874013973405,Need Improvement,0,69.36111111111111,83.0,79.9,78.1,84.0,90.0,1,65.57499999999999,0.7854601656219073,82.495
e00f10116fbe5e5614960c64b236e7e1,Nita Nugraha,66,4,O,single,t,31.56498673740053,Average,1,79.64285714285715,76.45,74.6,74.5,76.7,80.0,1,73.50478021978023,0.7101524376652055,76.17999999999999
7df82e446217730cb37f479d887348a7,Indra Sutanto,75,3,O,single,t,45.30702563156924,Excellent,1,93.25,85.075,81.8,84.5,84.0,90.0,1,91.78840909090908,0.6131868989134723,84.66499999999999
292c379f618345fea432644899b0485c,Zaki Sasmita,81,2,O,single,t,41.846968672526486,Good,1,99.16666666666669,22.25,6.0,6.0,7.0,70.0,1,71.79166666666667,0.4941199911705015,19.05
4046d2e4851b3e8cc0a827698fea15b2,Faisal Mahendra,82,4,O,married,t,47.37230315323622,Excellent,1,95.0,75.85,75.8,74.0,73.6,80.0,1,91.29136363636364,0.5757754635805756,75.63999999999999
493acf4ed6e2f8d28d507ef0008da091,Gita Hidayat,82,8,O,married,t,27.53703362222632,Good,0,90.0,80.175,84.7,76.8,79.2,80.0,1,74.32522727272728,0.6794554377868787,80.41
8e9e5c002657a6a7d8e8b7b38d0ff5a3,Bella Cahyono,78,4,O,married,t,39.362181654270906,Average,1,93.75,85.175,84.3,83.7,82.7,90.0,1,86.94416666666667,0.6449097695524991,84.89
9d31403bbfd46bd68ef483cdf466afc7,Qonita Wibowo,66,3,O,widow,t,28.215530243927812,Good,1,94.58333333333331,82.275,79.3,77.7,82.1,90.0,1,76.90365384615384,0.6566885236119455,81.74000000000001
1f7caeb98c53085e6c29c0771cab788c,Elsa Tampubolon,66,4,O,single,t,38.599654421155435,Good,1,98.33333333333331,75.85,79.3,77.7,76.4,70.0,1,84.87722222222222,0.6173696448488077,76.315
d2b5966f83b5c4345357c9ac55992f6f,Zaki Setiawan,82,3,O,single,t,43.8058748403576,Excellent,1,100.0,83.85,85.6,83.9,85.9,80.0,1,92.17722222222224,0.602320211738427,84.13
3b5c16a46f5819f9f8577f5687ab499f,Mega Setiawan,70,8,O,single,t,49.96619337390128,Excellent,0,97.5,77.375,73.0,77.2,79.3,80.0,1,94.69107142857143,0.5555630496840722,77.025
e98a3d413b796248f14747ab7619ef4f,Nita Hidayat,66,4,O,single,t,38.599654421155435,Good,1,98.33333333333331,75.85,79.3,77.7,76.4,70.0,1,84.87722222222222,0.6173696448488077,76.315
3b597f78a730139b32d8f5c57e818499,Vina Kurniawan,82,4,O,married,t,38.03245436105477,Good,1,96.875,78.15,75.6,77.7,79.3,80.0,1,84.65035714285715,0.6247616656218029,77.92999999999999
45a5114845dec13bb8ed07ed98281878,Bella Nugroho,66,4,O,single,t,38.599654421155435,Good,1,98.33333333333331,75.85,79.3,77.7,76.4,70.0,1,84.87722222222222,0.6173696448488077,76.315
0f796bfe77c6752c2a7175a1ed4f4b69,Nanda Nugroho,101,1,O,single,t,39.874915483434755,Average,0,78.57142857142857,13.0,4.0,5.0,3.0,40.0,1,61.17142857142857,0.5536085253508354,11.2
aa7b0a6c88d28a7b3fac2fd15b452764,Mega Kusuma,81,12,O,married,t,28.134625497708655,Average,0,100.0,78.375,77.7,78.1,77.7,80.0,1,77.29027777777777,0.6268095011855878,78.25999999999999
8eddfb11d689905311038430d8992123,Joko Purnomo,66,4,O,single,t,38.599654421155435,Good,1,98.33333333333331,75.85,79.3,77.7,76.4,70.0,1,84.87722222222222,0.6173696448488077,76.315
34e0e77096427c43508b87a431ecedca,Taufik Lubis,82,13,O,married,t,30.56118999323867,Good,0,91.5,83.0,79.9,78.1,84.0,90.0,1,78.17857142857142,0.6734120426630048,82.495
a53dce84b89dcb8c16b41f78080b25fa,Zahra Ramadhan,101,15,O,married,t,40.190443993689435,Good,0,97.5,85.625,84.0,84.5,84.0,90.0,1,88.90416666666667,0.6284972490256882,85.325
b8e89ff98a98270701ed5df1725ccb40,Novi Sugiarto,82,6,O,married,t,43.15569487983282,Good,1,86.0,85.225,85.6,80.6,84.7,90.0,1,87.84022727272728,0.6448536463287031,85.005
34eed5f432d8831c3b56c66e0a6b5c59,Kartika Suharto,66,4,O,single,t,38.599654421155435,Good,1,98.33333333333331,75.85,79.3,77.7,76.4,70.0,1,84.87722222222222,0.6173696448488077,76.315
6d13b79b58036d9f4257d69b392a62fa,Elsa Kusumah,65,3,O,married,t,41.73581658368677,Excellent,1,92.5,87.125,85.0,85.7,87.8,90.0,1,89.16022727272727,0.6401479764926783,86.875
60a6cadd7d3d1de9a18d4d969a4833cc,Wulan Sasmita,81,2,O,married,t,40.59800165276838,Average,0,95.0,74.725,79.5,73.3,76.1,70.0,1,85.2286111111111,0.6186685359921282,75.19999999999999
523aa16a6428e54580fd7f349d94ddcc,Qori Utomo,101,5,O,widow,t,40.63556457065585,Good,1,90.0,77.375,73.0,77.2,79.3,80.0,1,84.55535714285715,0.635371178736625,77.025
5f62bd71a942b9834542d5cfefbaf4db,Joko Prasetyo,81,2,O,single,t,41.846968672526486,Good,1,99.16666666666669,22.25,6.0,6.0,7.0,70.0,1,71.79166666666667,0.4941199911705015,19.05
4193166bcb7db6062d1688131ec47627,Elsa Nugraha,78,4,O,married,t,39.362181654270906,Average,1,93.75,85.175,84.3,83.7,82.7,90.0,1,86.94416666666667,0.6449097695524991,84.89
e98d80be75052a96c18fac38a5aeaf4f,Oki Tampubolon,82,8,O,married,t,27.53703362222632,Good,0,90.0,80.175,84.7,76.8,79.2,80.0,1,74.32522727272728,0.6794554377868787,80.41
6e7f95f9222c10c3631e8993b65d18d1,Yudi Santoso,82,4,O,married,t,47.37230315323622,Excellent,1,95.0,75.85,75.8,74.0,73.6,80.0,1,91.29136363636364,0.5757754635805756,75.63999999999999
fde685790c594649b21a972d9ad7d52f,Siska Sugiarto,70,12,O,married,t,39.51994590939824,Excellent,0,82.5,85.625,84.0,84.5,84.0,90.0,1,83.8375,0.6812153250523459,85.325
106708d3663d834a246944ab1c9de308,Elsa Cahyono,103,16,O,married,t,23.506874013973405,Need Improvement,0,69.36111111111111,83.0,79.9,78.1,84.0,90.0,1,65.57499999999999,0.7854601656219073,82.495
b7e9a8421514c1f6023eac131160105c,Zahra Adiputra,82,1,O,married,t,41.88640973630832,Good,0,91.25,23.0,8.0,7.0,7.0,70.0,1,69.675,0.5237280674827629,19.9
6bb030fc8f57fef2e19409b3828cd7bc,Agus Prabowo,64,3,O,single,t,22.52873563218391,Good,1,88.75,86.225,85.6,80.6,88.7,90.0,1,71.5325,0.688466580028307,86.005
cbbbfa9928a35b87b6f1a14f0bffa0bb,Vera Harahap,82,13,O,married,t,37.99864773495605,Average,0,88.0,82.075,79.7,78.7,79.9,90.0,1,83.13678571428572,0.6632026756505265,81.56
95862a4bb7ca09bc75218ffb0046537a,Gina Yulianto,82,4,O,married,t,38.03245436105477,Good,1,96.875,78.15,75.6,77.7,79.3,80.0,1,84.65035714285715,0.6247616656218029,77.92999999999999
78aa8016ec3909bb1f4a5bdb552aaab4,Andi Tampubolon,78,4,O,married,t,39.362181654270906,Average,1,93.75,85.175,84.3,83.7,82.7,90.0,1,86.94416666666667,0.6449097695524991,84.89
1289c6449caa975bc128bfd0aa69f890,Mega Sanjaya,66,4,O,married,t,29.55928452885857,Excellent,0,85.75,82.9,77.7,82.3,81.6,90.0,1,75.57681818181818,0.7013274024052004,82.285
c4b76f70ead396e652caf85e10cdb733,Haris Hidayat,81,12,O,married,t,28.134625497708655,Average,0,100.0,78.375,77.7,78.1,77.7,80.0,1,77.29027777777777,0.6268095011855878,78.25999999999999
c304911775fa83f786fd3b88b1146703,Intan Susanto,67,8,O,married,t,33.07133198106829,Good,0,99.0,80.175,84.7,76.8,79.2,80.0,1,81.7025,0.6319504644098186,80.41
cfad9cb309e3f437fc6a246b6aee7440,Vera Prasetyo,78,3,O,married,t,27.38336713995943,Excellent,1,99.375,73.25,73.0,77.0,73.0,70.0,1,74.93035714285713,0.6212703189033932,73.4
c8eb8e33cd9ec5c508cf61eb6c0eb93e,Dewi Saputra,81,2,O,single,t,41.846968672526486,Good,1,99.16666666666669,22.25,6.0,6.0,7.0,70.0,1,71.79166666666667,0.4941199911705015,19.05
444190a596f202644e3635bc2b096da7,Zainal Suharto,78,3,O,married,t,27.38336713995943,Excellent,1,99.375,73.25,73.0,77.0,73.0,70.0,1,74.93035714285713,0.6212703189033932,73.4
e846bba6707da9a30e29687592d17190,Citra Situmorang,82,3,O,single,t,43.8058748403576,Excellent,1,100.0,83.85,85.6,83.9,85.9,80.0,1,92.17722222222224,0.602320211738427,84.13
7536e7a71d7695ddc96ae53977c95ffb,Intan Suharto,69,4,O,single,t,46.95064232589588,Excellent,1,96.66666666666669,70.95,69.3,67.8,66.7,80.0,1,89.965,0.563724178308501,70.41499999999999
091e972d1f78847db35301bec487c896,Olivia Simbolon,65,1,O,married,t,23.2702276312824,Good,0,92.0,77.5,76.5,80.0,83.5,70.0,1,70.51666666666667,0.6636704107685549,77.825
818e3983eabbf4509093da7e38a34881,Aditya Gunawan,101,6,O,married,t,42.81479169917305,Good,1,93.75,77.375,73.0,77.2,79.3,80.0,1,87.5221153846154,0.6114948813795626,77.025
49ce1a862e2984a627e246fdaf5c46c5,Bella Prabowo,69,6,O,single,t,39.1255352715799,Good,1,82.5,84.625,81.8,84.5,82.2,90.0,1,83.20416666666667,0.6807723259641008,84.215
516031767019ced60893a14e4b2ec707,Faisal Sasmita,101,1,O,single,t,39.874915483434755,Average,0,78.57142857142857,13.0,4.0,5.0,3.0,40.0,1,61.17142857142857,0.5536085253508354,11.2
f8e37ae0e1cd8d63c7e4e62902b3b18d,Dimas Wahyudi,66,4,O,single,t,31.56498673740053,Average,1,79.64285714285715,76.45,74.6,74.5,76.7,80.0,1,73.50478021978023,0.7101524376652055,76.17999999999999
cac4dd0ba927f28d4ead383dde4d9e1b,Maya Harahap,78,4,O,married,t,27.27349560513861,Average,1,98.75,85.125,84.0,82.5,84.0,90.0,1,78.21249999999999,0.6425344001269596,84.825
3de42f731c39e7fa724f36731160767e,Joko Lubis,82,3,O,single,t,44.5946961159943,Excellent,1,95.71428571428572,78.225,75.6,80.6,76.7,80.0,1,89.87067460317462,0.5973642395901668,78.005
1bd4025ab8f22375f788d09367b6ba11,Sinta Sanjaya,81,2,O,single,t,41.846968672526486,Good,1,99.16666666666669,22.25,6.0,6.0,7.0,70.0,1,71.79166666666667,0.4941199911705015,19.05
822bd3f1bc1c99aa1feb97ac6a36cbe0,Novi Kusuma,96,7,O,married,t,36.995717827360835,Excellent,0,75.0,84.475,81.5,83.7,82.7,90.0,1,79.10916666666667,0.7151664675574456,84.05
07687185aca4fb861e62d24823585413,Zaki Kusuma,82,3,O,single,t,43.8058748403576,Excellent,1,100.0,83.85,85.6,83.9,85.9,80.0,1,92.17722222222224,0.602320211738427,84.13
5849256f168018a5e2eecf822547ec68,Intan Kusumah,76,3,O,single,t,60.28566599053414,Excellent,1,86.75,77.6,79.3,74.4,76.7,80.0,1,100.255,0.4842398611434446,77.565
9d8b48753459bdc9d12a4b24f1809ad7,Wati Hidayat,81,12,O,married,t,28.134625497708655,Average,0,100.0,78.375,77.7,78.1,77.7,80.0,1,77.29027777777777,0.6268095011855878,78.25999999999999
e2a27d26c3a239a6ce91cb531c2c2a8b,Omar Situmorang,67,8,O,married,t,33.07133198106829,Good,0,99.0,80.175,84.7,76.8,79.2,80.0,1,81.7025,0.6319504644098186,80.41
c682b30da4fb90964f4db257243f9ea3,Zainal Harahap,98,10,O,married,t,33.36713995943205,Good,0,90.3125,76.45,74.6,74.5,76.7,80.0,1,78.22875,0.660893431989894,76.17999999999999
546725b27776e59c23f3b68e707c7674,Jaya Kurniawan,63,0,O,single,t,88.66351138156415,Good,0,87.5,22.5,6.0,7.0,7.0,70.0,1,107.93333333333337,0.0954043516371321,19.3
26bfbf4307a5f8abed32b0ba436fc48b,Pramono Saputra,82,1,O,married,t,44.4895199459094,Good,0,95.83333333333331,22.5,6.0,7.0,7.0,70.0,1,73.1,0.4913680294343645,19.3
a35edb34b430f32997fe7eed584a4393,Jaya Hermawan,101,5,O,widow,t,40.63556457065585,Good,1,90.0,77.375,73.0,77.2,79.3,80.0,1,84.55535714285715,0.635371178736625,77.025
3046ecd80d3528130c0ec752ffe39741,Candra Lubis,82,6,O,married,t,43.15569487983282,Good,1,86.0,85.225,85.6,80.6,84.7,90.0,1,87.84022727272728,0.6448536463287031,85.005
01519da1f5399d3b57679d4fbf453de0,Karina Hidayat,69,4,O,single,t,46.95064232589588,Excellent,1,96.66666666666669,70.95,69.3,67.8,66.7,80.0,1,89.965,0.563724178308501,70.41499999999999
1f8e668897b3cd27efa88a7273967ffe,Made Kurniawan,78,4,O,married,t,39.362181654270906,Average,1,93.75,85.175,84.3,83.7,82.7,90.0,1,86.94416666666667,0.6449097695524991,84.89
c86b66678da82488631995b85d287f26,Karina Sutanto,78,3,O,married,t,27.38336713995943,Excellent,1,99.375,73.25,73.0,77.0,73.0,70.0,1,74.93035714285713,0.6212703189033932,73.4
f1918127628c937fac0debb928c8f05e,Novi Tampubolon,76,2,O,single,t,45.81473968897904,Excellent,0,98.18181818181816,79.825,77.6,82.4,79.3,80.0,1,92.12204545454544,0.5858903654485028,79.705
0593e54d1bec6372abaa90bd62b90dd2,Zaki Nugraha,82,1,O,married,t,45.199459093982426,Good,0,95.0,22.25,7.0,6.0,6.0,70.0,1,73.375,0.4885577763342684,19.1
b6fc75fd0057976f26c1cddecde76b6f,Hendra Nugraha,78,4,O,married,t,27.27349560513861,Average,1,98.75,85.125,84.0,82.5,84.0,90.0,1,78.21249999999999,0.6425344001269596,84.825
1c36ad3a77e05a10db6a9d6fef4a25c4,Wawan Kusuma,81,15,O,married,t,40.584854631507774,Good,0,99.5,79.4,76.4,85.7,75.5,80.0,1,87.97,0.608581769099239,79.22
447103d6549dfcefa5a19f2debaf7248,Dimas Hartono,82,4,O,married,t,47.37230315323622,Excellent,1,95.0,75.85,75.8,74.0,73.6,80.0,1,91.29136363636364,0.5757754635805756,75.63999999999999
9e39d9cccd25313ef012541d65bf2047,Tono Susanto,101,5,O,married,t,42.77838456337443,Good,1,90.83333333333331,87.15,88.0,86.6,84.0,90.0,1,89.54884615384616,0.6416953200912217,87.05
dba251b6affda3109fe20a3c500bced0,Yoga Sugiarto,69,4,O,single,t,46.95064232589588,Excellent,1,96.66666666666669,70.95,69.3,67.8,66.7,80.0,1,89.965,0.563724178308501,70.41499999999999
53e497c99014d99c39921f8c70b99ccb,Dewi Sinaga,101,8,O,married,t,43.32449160035366,Good,1,100.0,86.60000000000001,84.7,86.4,85.3,90.0,1,92.59538461538462,0.6047313823753581,86.33500000000001
20bb787362cf4eba3a9383bd78ab087c,Umar Irawan,70,3,O,single,t,43.95706558485463,Excellent,1,100.0,84.625,82.5,83.9,82.1,90.0,1,92.5375,0.5972830266202477,84.25
58bf6d6ef07b3d6ab911194d8695488b,Omar Kusuma,78,4,O,married,t,39.362181654270906,Average,1,93.75,85.175,84.3,83.7,82.7,90.0,1,86.94416666666667,0.6449097695524991,84.89
662b3f85fc3bb074e6deccc5893ca16e,Umar Kusuma,65,1,O,married,t,23.2702276312824,Good,0,92.0,77.5,76.5,80.0,83.5,70.0,1,70.51666666666667,0.6636704107685549,77.825
43c00b1f5a9bfadb7b53c10aa886a8c9,Qonita Harahap,82,4,O,married,t,100.0,Excellent,1,100.0,85.175,81.3,81.7,87.7,90.0,1,140.06678571428571,0.0722363372714792,84.74
0fd40ac71652a1fdd52743f163ae80b1,Hadi Situmorang,98,10,O,married,t,33.36713995943205,Good,0,90.3125,76.45,74.6,74.5,76.7,80.0,1,78.22875,0.660893431989894,76.17999999999999
d8d8382248f395e9ae052027bb112e8b,Zahra Wicaksono,82,1,O,married,t,44.4895199459094,Good,0,95.83333333333331,22.5,6.0,7.0,7.0,70.0,1,73.1,0.4913680294343645,19.3
1d371adf2504b4c44a8ba8c7ac3acaaa,Fitri Wibowo,64,3,O,single,t,22.52873563218391,Good,1,88.75,86.225,85.6,80.6,88.7,90.0,1,71.5325,0.688466580028307,86.005
3c39bd2e12ce1346b6637b57404e900f,Andi Irawan,69,4,O,single,t,46.95064232589588,Excellent,1,96.66666666666669,70.95,69.3,67.8,66.7,80.0,1,89.965,0.563724178308501,70.41499999999999
f098de1c1d1a03660e926c72fb262876,Yanto Wijaya,66,4,O,married,t,29.55928452885857,Excellent,0,85.75,82.9,77.7,82.3,81.6,90.0,1,75.57681818181818,0.7013274024052004,82.285
c332b699537efb7ea32cdeaf5c740b3b,Joko Wibowo,101,3,O,single,t,43.54293441514537,Good,0,97.5,75.85,79.3,77.7,76.4,70.0,1,88.805,0.5979923185734806,76.315
134473a4fb0bf9fdc0146e1955fda081,Reza Rachman,77,14,O,married,t,43.424611223799864,Good,1,90.0,79.57499999999999,80.1,79.8,78.4,80.0,1,87.57249999999999,0.6250051265782522,79.58
ef3245303db44a804b26333ee0e20e0b,Faisal Utomo,75,3,O,married,t,44.10228041059685,Excellent,1,93.4375,84.625,81.8,84.5,82.2,90.0,1,90.69147727272728,0.6188427991138283,84.215
996434e19fae53122716edd899b40788,Intan Firmansyah,101,8,O,married,t,43.32449160035366,Good,1,100.0,86.60000000000001,84.7,86.4,85.3,90.0,1,92.59538461538462,0.6047313823753581,86.33500000000001
cccce8dd4c891ba47db06ecdb409ebd5,Wulan Kurniawan,81,15,O,married,t,40.584854631507774,Good,0,99.5,79.4,76.4,85.7,75.5,80.0,1,87.97,0.608581769099239,79.22
2535fc9b02f75a43ef3eca73addb489a,Maya Pratama,101,6,O,married,f,39.17407811931139,Good,1,87.08333333333333,83.975,84.0,80.3,81.6,90.0,1,84.4251923076923,0.664819537638627,83.675
58e52fdf0fb25417a86ec1c2e495fd53,Olivia Pratama,82,4,O,married,t,47.37230315323622,Excellent,1,95.0,75.85,75.8,74.0,73.6,80.0,1,91.29136363636364,0.5757754635805756,75.63999999999999
31a1eb340e425392c8fe30565da25710,Erna Pratama,101,5,O,married,t,46.018619649451296,Good,1,97.08333333333331,77.375,73.0,77.2,79.3,80.0,1,91.2298076923077,0.5826787312493735,77.025
ed91a66f2963aa47e8e8c8481991b4f9,Ulfa Saputra,82,6,O,married,t,43.15569487983282,Good,1,86.0,85.225,85.6,80.6,84.7,90.0,1,87.84022727272728,0.6448536463287031,85.005
8ee8854678921068be921c20564f3197,Kiki Rachman,82,3,O,single,t,42.94056180465917,Good,1,93.75,83.8,82.5,80.6,82.1,90.0,1,89.55590909090908,0.620733899757191,83.425
148a7fdeebafa5f241aca14139d5e7be,Nanda Kurniawan,67,4,O,married,t,15.382014874915484,Average,1,90.0,80.55,81.3,81.7,79.2,80.0,1,64.16499999999999,0.6480904472263742,80.615
cf3cdad396c17865e5dd1b2f18377ec7,Wati Maulana,101,6,O,married,t,39.62136578769439,Good,1,90.0,85.225,85.6,80.6,84.7,90.0,1,86.05321428571429,0.6543779687539938,85.005
60e27716d0872ed066ed34d63c1bf08c,Ika Siregar,82,3,O,married,t,42.05024184740208,Good,1,90.625,86.1,84.0,86.4,84.0,90.0,1,88.55596153846153,0.6436509162708874,85.8
0805bbd2564f8e483e81d4303e48e936,Vino Adiputra,66,4,O,married,t,29.55928452885857,Excellent,0,85.75,82.9,77.7,82.3,81.6,90.0,1,75.57681818181818,0.7013274024052004,82.285
78dabee4d92089c2f916acbbd22a59ae,Indra Gunawan,67,4,O,married,t,15.382014874915484,Average,1,90.0,80.55,81.3,81.7,79.2,80.0,1,64.16499999999999,0.6480904472263742,80.615
5e7d8038ed6a314307b6186b6c2dae9e,Yoga Rachman,75,3,O,single,t,45.30702563156924,Excellent,1,93.25,85.075,81.8,84.5,84.0,90.0,1,91.78840909090908,0.6131868989134723,84.66499999999999
e195e9124eeb78c8938caee498972fca,Agus Rachman,78,3,O,married,t,27.38336713995943,Excellent,1,99.375,73.25,73.0,77.0,73.0,70.0,1,74.93035714285713,0.6212703189033932,73.4
01f15d9b93890f49c5cfaf12540b9d2e,Intan Kusuma,101,5,O,widow,t,40.63556457065585,Good,1,90.0,77.375,73.0,77.2,79.3,80.0,1,84.55535714285715,0.635371178736625,77.025
6a8f63e25c077e3952652d9ec8aa3d5c,Haris Suryanto,78,4,O,married,t,39.362181654270906,Average,1,93.75,85.175,84.3,83.7,82.7,90.0,1,86.94416666666667,0.6449097695524991,84.89
29bae27d9dc98c76d63bfd642ec10a21,Cahya Nugraha,81,2,O,married,t,40.59800165276838,Average,0,95.0,74.725,79.5,73.3,76.1,70.0,1,85.2286111111111,0.6186685359921282,75.19999999999999
54b21b78375f719794d12252afa89a33,Citra Nugraha,76,2,O,single,t,45.81473968897904,Excellent,0,98.18181818181816,79.825,77.6,82.4,79.3,80.0,1,92.12204545454544,0.5858903654485028,79.705
2f4198e5e04e28a57274f3e81270e947,Cahya Rachman,66,4,O,single,t,31.56498673740053,Average,1,79.64285714285715,76.45,74.6,74.5,76.7,80.0,1,73.50478021978023,0.7101524376652055,76.17999999999999
2ff02b32a5cc0ef5d05dd67885f6977c,Yoga Wicaksono,69,4,O,single,t,46.95064232589588,Excellent,1,96.66666666666669,70.95,69.3,67.8,66.7,80.0,1,89.965,0.563724178308501,70.41499999999999
0794196ec41a810c4f4ae47e942271ae,Taufik Hakim,82,6,O,married,t,43.15569487983282,Good,1,86.0,85.225,85.6,80.6,84.7,90.0,1,87.84022727272728,0.6448536463287031,85.005
4b91afd58c9567f5da7f435dc0b37c00,Rina Prabowo,66,4,O,single,t,38.599654421155435,Good,1,98.33333333333331,75.85,79.3,77.7,76.4,70.0,1,84.87722222222222,0.6173696448488077,76.315
ace96fe5dffe3a71350c5a0de3cf5739,Nita Situmorang,101,6,O,married,t,42.81479169917305,Good,1,93.75,77.375,73.0,77.2,79.3,80.0,1,87.5221153846154,0.6114948813795626,77.025
7293daa36af019d0740d73df0bc5fbf7,Lina Darmawan,101,5,O,widow,t,40.63556457065585,Good,1,90.0,77.375,73.0,77.2,79.3,80.0,1,84.55535714285715,0.635371178736625,77.025
2737fc05d952f965d1d3996d0a2435aa,Zaki Permana,101,5,O,widow,t,40.63556457065585,Good,1,90.0,77.375,73.0,77.2,79.3,80.0,1,84.55535714285715,0.635371178736625,77.025
ff00c5fe8c6d657d2f52b0f3fb2e6117,Gilang Nugroho,78,4,O,married,t,39.362181654270906,Average,1,93.75,85.175,84.3,83.7,82.7,90.0,1,86.94416666666667,0.6449097695524991,84.89
bdc95986697e2ef972e588e9ffc14b30,Omar Nasution,81,15,O,married,t,40.584854631507774,Good,0,99.5,79.4,76.4,85.7,75.5,80.0,1,87.97,0.608581769099239,79.22
7f93de1c43c5d9adbba835f74bdc621a,Taufik Budiman,66,3,O,widow,t,28.215530243927812,Good,1,94.58333333333331,82.275,79.3,77.7,82.1,90.0,1,76.90365384615384,0.6566885236119455,81.74000000000001
47eff6f26092590e78acb65ea960ca72,Kiki Sasmita,82,1,O,married,t,45.199459093982426,Good,0,95.0,22.25,7.0,6.0,6.0,70.0,1,73.375,0.4885577763342684,19.1
bbb9ec84a88ac9efa1387a04f70c0953,Mega Utomo,63,6,O,single,t,73.90128465179176,Need Improvement,1,87.5,76.6,79.3,74.4,72.7,80.0,1,111.68714285714285,0.3417484054302714,76.565
f2b50ca67e55a4f74e4f2c1f1ab510e0,Yoga Prasetyo,101,15,O,married,t,40.190443993689435,Good,0,97.5,85.625,84.0,84.5,84.0,90.0,1,88.90416666666667,0.6284972490256882,85.325
f4f586c539e53da2f42be1242653a6c6,Novi Prasetyo,82,4,O,married,t,38.03245436105477,Good,1,96.875,78.15,75.6,77.7,79.3,80.0,1,84.65035714285715,0.6247616656218029,77.92999999999999
f3d5f10829151e22a00cd15a20c8b9d7,Gita Siregar,81,2,O,married,t,40.59800165276838,Average,0,95.0,74.725,79.5,73.3,76.1,70.0,1,85.2286111111111,0.6186685359921282,75.19999999999999
a08102a61b57e22a3afccc723fac8ecc,Yoga Siregar,98,10,O,married,t,33.36713995943205,Good,0,90.3125,76.45,74.6,74.5,76.7,80.0,1,78.22875,0.660893431989894,76.17999999999999
ee5b2201fec2d8b1ce7c2e985b2b3153,Dian Tampubolon,101,2,O,single,t,43.826910074374574,Good,0,90.5,78.875,75.6,80.6,79.3,80.0,1,87.85249999999999,0.6187560899089909,78.655
90937c1a745c9b80f6d0657193484590,Made Situmorang,82,3,O,single,t,43.8058748403576,Excellent,1,100.0,83.85,85.6,83.9,85.9,80.0,1,92.17722222222224,0.602320211738427,84.13
7b5d8cbead2d37cef8a9637bc6b40e5d,Agus Adiputra,81,2,O,single,t,41.846968672526486,Good,1,99.16666666666669,22.25,6.0,6.0,7.0,70.0,1,71.79166666666667,0.4941199911705015,19.05
dfc628b60891f7c4c46d54a92b64283f,Eko Nugroho,101,8,O,married,t,43.32449160035366,Good,1,100.0,86.60000000000001,84.7,86.4,85.3,90.0,1,92.59538461538462,0.6047313823753581,86.33500000000001
099b13d638c44a2b456eb546fd4a7798,Omar Rachman,75,3,O,married,t,44.10228041059685,Excellent,1,93.4375,84.625,81.8,84.5,82.2,90.0,1,90.69147727272728,0.6188427991138283,84.215
9549196f047ca776810fb78645fd435e,Novi Setiawan,81,4,O,married,t,40.87528428299219,Average,0,85.0,75.85,75.8,74.0,73.6,80.0,1,82.80045454545454,0.6449690813914315,75.63999999999999
3c5545189d5d05594da95f976fc8e2ff,Yoga Ramadhan,82,1,O,married,t,41.88640973630832,Good,0,91.25,23.0,8.0,7.0,7.0,70.0,1,69.675,0.5237280674827629,19.9
deb43295c50cbcfc58ea949db128b2f8,Qonita Hakim,78,4,O,married,t,39.362181654270906,Average,1,93.75,85.175,84.3,83.7,82.7,90.0,1,86.94416666666667,0.6449097695524991,84.89
0db3df92318c8eabb58ec78353c6333b,Kiki Irawan,82,4,O,married,t,47.37230315323622,Excellent,1,95.0,75.85,75.8,74.0,73.6,80.0,1,91.29136363636364,0.5757754635805756,75.63999999999999
fe8e03a58134bb6280757e245f1508ab,Putri Sinaga,101,5,O,married,t,46.018619649451296,Good,1,97.08333333333331,77.375,73.0,77.2,79.3,80.0,1,91.2298076923077,0.5826787312493735,77.025
3e66ab50679de2ab09e1579d61882561,Ika Hidayat,75,3,O,single,t,45.30702563156924,Excellent,1,93.25,85.075,81.8,84.5,84.0,90.0,1,91.78840909090908,0.6131868989134723,84.66499999999999
9e65292cea2b346d3a53ea31a5c1cbf4,Sinta Tampubolon,63,0,O,single,t,88.66351138156415,Good,0,87.5,22.5,6.0,7.0,7.0,70.0,1,107.93333333333337,0.0954043516371321,19.3
f8dadc90e433ec29cb581549ee23ef2c,Eko Yulianto,101,5,O,widow,t,40.63556457065585,Good,1,90.0,77.375,73.0,77.2,79.3,80.0,1,84.55535714285715,0.635371178736625,77.025
6dd217e8787c3d01d3745e67ca5dd14e,Yoga Santoso,70,3,O,single,t,43.95706558485463,Excellent,1,100.0,84.625,82.5,83.9,82.1,90.0,1,92.5375,0.5972830266202477,84.25
23809fbe296f8bb4c6437f7f19d4d9f3,Taufik Budiman,101,6,O,married,t,39.62136578769439,Good,1,90.0,85.225,85.6,80.6,84.7,90.0,1,86.05321428571429,0.6543779687539938,85.005
a33636730fa2d2b97c49c0e7d1dd6859,Wulan Sanjaya,72,0,O,single,t,40.70317782285328,Good,0,93.75,25.25,7.0,7.0,7.0,80.0,1,70.1,0.5209135332817336,21.6
6b182dcceabe622aafd6b175c204f568,Lukman Sutanto,82,8,O,married,t,27.53703362222632,Good,0,90.0,80.175,84.7,76.8,79.2,80.0,1,74.32522727272728,0.6794554377868787,80.41
4d36e0f2ef8b5f718e0183345950c867,Made Suryanto,66,4,O,single,t,31.56498673740053,Average,1,79.64285714285715,76.45,74.6,74.5,76.7,80.0,1,73.50478021978023,0.7101524376652055,76.17999999999999
318401e75bfadff4b20099ca2679d990,Umar Tampubolon,101,3,O,single,t,43.54293441514537,Good,0,97.5,75.85,79.3,77.7,76.4,70.0,1,88.805,0.5979923185734806,76.315
6285483e6ef0d8fdf5d76ee7a00cb64f,Nanda Irawan,78,4,O,married,t,39.362181654270906,Average,1,93.75,85.175,84.3,83.7,82.7,90.0,1,86.94416666666667,0.6449097695524991,84.89
bc671784a6e0c17e9b64a09d6fd64acc,Jaya Yulianto,81,12,O,married,t,28.134625497708655,Average,0,100.0,78.375,77.7,78.1,77.7,80.0,1,77.29027777777777,0.6268095011855878,78.25999999999999
5ef7451c660b94fbe9953aafd50dc201,Agus Mahendra,98,10,O,married,t,33.36713995943205,Good,0,90.3125,76.45,74.6,74.5,76.7,80.0,1,78.22875,0.660893431989894,76.17999999999999
af5ba5ba5c8c4766361fadb983c9bcbb,Qori Sanjaya,82,13,O,married,t,37.99864773495605,Average,0,88.0,82.075,79.7,78.7,79.9,90.0,1,83.13678571428572,0.6632026756505265,81.56
e9b16db289184e6ff409f32f03ebcdf4,Andi Harahap,82,3,O,single,t,43.8058748403576,Excellent,1,100.0,83.85,85.6,83.9,85.9,80.0,1,92.17722222222224,0.602320211738427,84.13
ee5ea5d3fad9c7446cf8241bcdfa7a67,Umar Santoso,70,3,O,single,t,29.34415145368493,Need Improvement,1,91.25,83.275,85.2,82.6,85.3,80.0,1,77.1575,0.6805049883018516,83.535
51752558f9b49ab0debcda947d69cc2b,Putra Sutanto,69,6,O,single,t,39.1255352715799,Good,1,82.5,84.625,81.8,84.5,82.2,90.0,1,83.20416666666667,0.6807723259641008,84.215
2e3b447fba4b2afa7da0dd6d254a8e2c,Olivia Kurniawan,65,3,O,married,t,41.73581658368677,Excellent,1,92.5,87.125,85.0,85.7,87.8,90.0,1,89.16022727272727,0.6401479764926783,86.875
b2c8c2f8a71d7e8e9b6cc8cbd962371d,Putra Prasetyo,82,3,O,married,t,42.05024184740208,Good,1,90.625,86.1,84.0,86.4,84.0,90.0,1,88.55596153846153,0.6436509162708874,85.8
e803558cb167d44f33dd38f12bdf53bb,Made Wahyudi,66,4,O,single,t,31.56498673740053,Average,1,79.64285714285715,76.45,74.6,74.5,76.7,80.0,1,73.50478021978023,0.7101524376652055,76.17999999999999
98121f44e657a607ecc3a3c09580a8c9,Reza Nasution,76,3,O,single,t,60.28566599053414,Excellent,1,86.75,77.6,79.3,74.4,76.7,80.0,1,100.255,0.4842398611434446,77.565
7510c982e969c519c2faa442a0d5ceea,Putra Nasution,76,3,O,single,t,60.28566599053414,Excellent,1,86.75,77.6,79.3,74.4,76.7,80.0,1,100.255,0.4842398611434446,77.565
1e7de4f86f76e6acc06f91d84a601f7b,Putra Budiman,82,3,O,single,t,44.5946961159943,Excellent,1,95.71428571428572,78.225,75.6,80.6,76.7,80.0,1,89.87067460317462,0.5973642395901668,78.005
4bf040e58f34679bc9e60bfdd3f20b49,Maya Susanto,81,2,O,single,t,41.846968672526486,Good,1,99.16666666666669,22.25,6.0,6.0,7.0,70.0,1,71.79166666666667,0.4941199911705015,19.05
ca1463adb0733c22272d44d653a325ef,Rina Wicaksono,72,0,O,single,t,40.70317782285328,Good,0,93.75,25.25,7.0,7.0,7.0,80.0,1,70.1,0.5209135332817336,21.6
d45a61881be8818fb650b578355f62df,Andi Sugiarto,72,5,O,single,t,39.865813699485095,Good,0,86.66666666666666,73.25,73.0,77.0,73.0,70.0,1,81.66730769230769,0.6435741314216887,73.4
27639f8b6c9994e82605ac5ea005c38b,Gina Kusuma,78,5,O,married,t,34.96450304259635,Excellent,1,98.125,84.625,81.8,84.5,82.2,90.0,1,84.375,0.6400131818256962,84.215
84bba54fe9af87dfe8937a54a75c1f9f,Wulan Pratama,70,12,O,married,t,39.51994590939824,Excellent,0,82.5,85.625,84.0,84.5,84.0,90.0,1,83.8375,0.6812153250523459,85.325
c09f888da8f0733d2b6bb7743937a9af,Nita Wibowo,82,3,O,single,t,44.5946961159943,Excellent,1,95.71428571428572,78.225,75.6,80.6,76.7,80.0,1,89.87067460317462,0.5973642395901668,78.005
5385f874d6405cb5f29d6f6e120428ba,Gilang Wicaksono,67,4,O,married,t,15.382014874915484,Average,1,90.0,80.55,81.3,81.7,79.2,80.0,1,64.16499999999999,0.6480904472263742,80.615
0a006c3d1428e22a0553994457f2769f,Karina Tampubolon,76,2,O,single,t,45.81473968897904,Excellent,0,98.18181818181816,79.825,77.6,82.4,79.3,80.0,1,92.12204545454544,0.5858903654485028,79.705
b007bcb10aaf1a9e228d6b065526f8e3,Siska Budiman,81,2,O,single,t,41.846968672526486,Good,1,99.16666666666669,22.25,6.0,6.0,7.0,70.0,1,71.79166666666667,0.4941199911705015,19.05
00c9234173c1f494557cbae6e78fd402,Siska Sutanto,96,7,O,married,t,36.995717827360835,Excellent,0,75.0,84.475,81.5,83.7,82.7,90.0,1,79.10916666666667,0.7151664675574456,84.05
4aaa09180f50928f8fb571e809c4c3ea,Kartika Purnomo,75,3,O,single,t,45.30702563156924,Excellent,1,93.25,85.075,81.8,84.5,84.0,90.0,1,91.78840909090908,0.6131868989134723,84.66499999999999
80a9df4b75af2f742290bcb09b8aa953,Maya Hakim,69,6,O,single,t,39.1255352715799,Good,1,82.5,84.625,81.8,84.5,82.2,90.0,1,83.20416666666667,0.6807723259641008,84.215
5db9c330f7e0fb51e385d89026ac417c,Lukman Santoso,82,13,O,married,t,30.56118999323867,Good,0,91.5,83.0,79.9,78.1,84.0,90.0,1,78.17857142857142,0.6734120426630048,82.495
a1cd794bd6a836fb79c779c9f138c7db,Karina Hermawan,78,4,O,married,t,27.27349560513861,Average,1,98.75,85.125,84.0,82.5,84.0,90.0,1,78.21249999999999,0.6425344001269596,84.825
e65bc4817f889225c02e78e89ec8b759,Johan Kusumah,103,16,O,married,t,23.506874013973405,Need Improvement,0,69.36111111111111,83.0,79.9,78.1,84.0,90.0,1,65.57499999999999,0.7854601656219073,82.495
0471c8a71a1ddf372831ec92e9cc438b,Ulfa Nugroho,82,13,O,married,t,30.56118999323867,Good,0,91.5,83.0,79.9,78.1,84.0,90.0,1,78.17857142857142,0.6734120426630048,82.495
fccb91907027886fc93e5dc74d2b5210,Lukman Lubis,66,4,O,single,t,31.56498673740053,Average,1,79.64285714285715,76.45,74.6,74.5,76.7,80.0,1,73.50478021978023,0.7101524376652055,76.17999999999999
de125c2d608b1867683990ba2198a63a,Fitri Wijaya,82,1,O,married,t,41.88640973630832,Good,0,91.25,23.0,8.0,7.0,7.0,70.0,1,69.675,0.5237280674827629,19.9
16406fa0fcb7ea816224deca24137780,Taufik Gunawan,63,0,O,single,t,88.66351138156415,Good,0,87.5,22.5,6.0,7.0,7.0,70.0,1,107.93333333333337,0.0954043516371321,19.3
e601279b87d976650007a92aca1e6d52,Elsa Kusuma,72,5,O,single,t,39.865813699485095,Good,0,86.66666666666666,73.25,73.0,77.0,73.0,70.0,1,81.66730769230769,0.6435741314216887,73.4
e7fa09ed981dbd8cb49c61051112e191,Wulan Adiputra,77,14,O,married,t,43.424611223799864,Good,1,90.0,79.57499999999999,80.1,79.8,78.4,80.0,1,87.57249999999999,0.6250051265782522,79.58
eb8af95802c01d57b8f46d143bd81592,Kartika Nugraha,69,4,O,single,t,46.95064232589588,Excellent,1,96.66666666666669,70.95,69.3,67.8,66.7,80.0,1,89.965,0.563724178308501,70.41499999999999
2ba99cb38e31984fe3a5590ddf4486b2,Wulan Hidayat,101,5,O,widow,t,40.63556457065585,Good,1,90.0,77.375,73.0,77.2,79.3,80.0,1,84.55535714285715,0.635371178736625,77.025
69183227087a21a18cc7be6ec92c9941,Vera Mahendra,81,2,O,single,t,41.846968672526486,Good,1,99.16666666666669,22.25,6.0,6.0,7.0,70.0,1,71.79166666666667,0.4941199911705015,19.05
bf8c469c1520c34b85de31917fdd2c07,Indra Hakim,78,4,O,married,t,39.362181654270906,Average,1,93.75,85.175,84.3,83.7,82.7,90.0,1,86.94416666666667,0.6449097695524991,84.89
9040c0c2922a6b1ee3e0953aace43756,Gita Hermawan,101,6,O,married,t,39.62136578769439,Good,1,90.0,85.225,85.6,80.6,84.7,90.0,1,86.05321428571429,0.6543779687539938,85.005
1de190e7dd2ea21e5b157c86d65b31ba,Fitri Irawan,101,15,O,married,t,40.190443993689435,Good,0,97.5,85.625,84.0,84.5,84.0,90.0,1,88.90416666666667,0.6284972490256882,85.325
282babfd32ed384cf015a60186e04245,Joko Nugroho,82,4,O,married,t,46.33536173089926,Good,1,90.83333333333334,78.375,77.7,78.1,77.7,80.0,1,89.92250000000001,0.6005916151726776,78.25999999999999
c445bab0c7aab9f6e21e6c003ed79ba8,Rudi Utomo,66,4,O,single,t,38.599654421155435,Good,1,98.33333333333331,75.85,79.3,77.7,76.4,70.0,1,84.87722222222222,0.6173696448488077,76.315
4a638117e5582aa25ec02df8d8f7e51c,Joko Pratama,66,4,O,single,t,31.56498673740053,Average,1,79.64285714285715,76.45,74.6,74.5,76.7,80.0,1,73.50478021978023,0.7101524376652055,76.17999999999999
c9b7d37f19f211bbace19b69397e9890,Tari Wahyudi,66,4,O,married,t,29.55928452885857,Excellent,0,85.75,82.9,77.7,82.3,81.6,90.0,1,75.57681818181818,0.7013274024052004,82.285
fad0b0540842fc9673c800c029d9d699,Gita Wibowo,63,6,O,single,t,73.90128465179176,Need Improvement,1,87.5,76.6,79.3,74.4,72.7,80.0,1,111.68714285714285,0.3417484054302714,76.565
b3a00f031280923e32a0767843326a47,Tari Ramadhan,64,3,O,single,t,22.52873563218391,Good,1,88.75,86.225,85.6,80.6,88.7,90.0,1,71.5325,0.688466580028307,86.005
94dcbda50050b7216ff6cbf370e755a6,Maya Nasution,96,7,O,married,t,36.995717827360835,Excellent,0,75.0,84.475,81.5,83.7,82.7,90.0,1,79.10916666666667,0.7151664675574456,84.05
5ba464b1005558a0f7f5001623df6027,Tari Kusuma,101,5,O,married,t,46.455505279034696,Excellent,1,100.0,75.85,79.3,77.7,76.4,70.0,1,92.01653846153846,0.5738525255163816,76.315
f2b8ff11a491885581f22c56712355bc,Lestari Wijaya,64,3,O,single,t,22.52873563218391,Good,1,88.75,86.225,85.6,80.6,88.7,90.0,1,71.5325,0.688466580028307,86.005
cd6cc6fe87f4382733c90993aceaa9d4,Tono Rachman,82,3,O,single,t,42.94056180465917,Good,1,93.75,83.8,82.5,80.6,82.1,90.0,1,89.55590909090908,0.620733899757191,83.425
3622b051081f64745d2fa261725619ad,Fajar Sugiarto,81,15,O,married,t,40.584854631507774,Good,0,99.5,79.4,76.4,85.7,75.5,80.0,1,87.97,0.608581769099239,79.22
729b82b2b5737015c56b380b1c7dfdf3,Reza Utomo,70,3,O,single,t,43.95706558485463,Excellent,1,100.0,84.625,82.5,83.9,82.1,90.0,1,92.5375,0.5972830266202477,84.25
8063ac54dc66b6b26961070965241888,Andi Setiawan,66,4,O,single,t,31.56498673740053,Average,1,79.64285714285715,76.45,74.6,74.5,76.7,80.0,1,73.50478021978023,0.7101524376652055,76.17999999999999
efc3e7c1ca38059e28d0ec7302e21c26,Umar Adiputra,101,8,O,married,t,43.32449160035366,Good,1,100.0,86.60000000000001,84.7,86.4,85.3,90.0,1,92.59538461538462,0.6047313823753581,86.33500000000001
05f57a703839502a597af018b22fb6e9,Qori Kusumah,66,4,O,single,t,38.599654421155435,Good,1,98.33333333333331,75.85,79.3,77.7,76.4,70.0,1,84.87722222222222,0.6173696448488077,76.315
438729e34f47cf21f2675c83e985e531,Qonita Prasetyo,81,15,O,married,t,40.584854631507774,Good,0,99.5,79.4,76.4,85.7,75.5,80.0,1,87.97,0.608581769099239,79.22
8c5f350a1182d11f96ed9d739c240610,Kiki Simbolon,63,7,O,widow,t,27.721433400946587,Need Improvement,0,90.0,86.60000000000001,84.7,86.4,85.3,90.0,1,76.40857142857143,0.6884958479655626,86.33500000000001
788765de4b069f8c212ae6c44aefd59d,Qori Siregar,98,10,O,married,t,33.36713995943205,Good,0,90.3125,76.45,74.6,74.5,76.7,80.0,1,78.22875,0.660893431989894,76.17999999999999
0af82600d34646efee120be775032b2c,Yoga Tampubolon,82,13,O,married,t,37.99864773495605,Average,0,88.0,82.075,79.7,78.7,79.9,90.0,1,83.13678571428572,0.6632026756505265,81.56
0c07fb4f7bfb8f94b9783253f4917982,Dian Situmorang,82,1,O,married,t,45.199459093982426,Good,0,95.0,22.25,7.0,6.0,6.0,70.0,1,73.375,0.4885577763342684,19.1
fedbd262419a03040eacf3c7a326e3e6,Vina Utomo,82,6,O,married,t,43.15569487983282,Good,1,86.0,85.225,85.6,80.6,84.7,90.0,1,87.84022727272728,0.6448536463287031,85.005
eed603e519805a24abbde84d409fa48f,Aditya Rachman,66,4,O,single,t,31.56498673740053,Average,1,79.64285714285715,76.45,74.6,74.5,76.7,80.0,1,73.50478021978023,0.7101524376652055,76.17999999999999
4b5e6ccebec7513c67152a9f37a10676,Yoga Nasution,64,3,O,single,t,22.52873563218391,Good,1,88.75,86.225,85.6,80.6,88.7,90.0,1,71.5325,0.688466580028307,86.005
60595aad317cd484d5f246828f88ca36,Zainal Sasmita,101,6,O,married,f,39.17407811931139,Good,1,87.08333333333333,83.975,84.0,80.3,81.6,90.0,1,84.4251923076923,0.664819537638627,83.675
1f2dbbff99a24c5d271f54c4956702cd,Pramono Hidayat,101,6,O,married,t,42.81479169917305,Good,1,93.75,77.375,73.0,77.2,79.3,80.0,1,87.5221153846154,0.6114948813795626,77.025
2ee414df1c00c3e4921cff638b8d1087,Lina Nasution,70,8,O,single,t,49.96619337390128,Excellent,0,97.5,77.375,73.0,77.2,79.3,80.0,1,94.69107142857143,0.5555630496840722,77.025
f51fc4e4bff870d08bfe566dab932a61,Oki Sinaga,101,1,O,single,t,39.874915483434755,Average,0,78.57142857142857,13.0,4.0,5.0,3.0,40.0,1,61.17142857142857,0.5536085253508354,11.2
bacaa5c0d082b3122182c3cb620d22b8,Indra Yulianto,66,4,O,single,t,31.56498673740053,Average,1,79.64285714285715,76.45,74.6,74.5,76.7,80.0,1,73.50478021978023,0.7101524376652055,76.17999999999999
fbc4fd9d2bca03420e31ef399aeb83c9,Joko Firmansyah,75,3,O,single,t,45.30702563156924,Excellent,1,93.25,85.075,81.8,84.5,84.0,90.0,1,91.78840909090908,0.6131868989134723,84.66499999999999
5a519f1725674ea0e1736dab4d139751,Qonita Nugraha,69,6,O,single,t,39.1255352715799,Good,1,82.5,84.625,81.8,84.5,82.2,90.0,1,83.20416666666667,0.6807723259641008,84.215
ca9defa482c8cb054a790130a4ed3bc9,Taufik Rachman,98,10,O,married,t,33.36713995943205,Good,0,90.3125,76.45,74.6,74.5,76.7,80.0,1,78.22875,0.660893431989894,76.17999999999999
e5f47c81c4ac477e4e06369f2b9389eb,Bayu Wijaya,70,3,O,single,t,29.34415145368493,Need Improvement,1,91.25,83.275,85.2,82.6,85.3,80.0,1,77.1575,0.6805049883018516,83.535
1058d76de088a1a0305947d5b381ec99,Joko Hermawan,76,3,O,single,t,60.28566599053414,Excellent,1,86.75,77.6,79.3,74.4,76.7,80.0,1,100.255,0.4842398611434446,77.565
1d7cd6f47761fdb94a24a4d2ca31ad45,Wawan Nugroho,101,8,O,married,t,43.32449160035366,Good,1,100.0,86.60000000000001,84.7,86.4,85.3,90.0,1,92.59538461538462,0.6047313823753581,86.33500000000001
fe82a51c97de2cb32178394323de87b8,Agus Tampubolon,101,6,O,married,t,39.62136578769439,Good,1,90.0,85.225,85.6,80.6,84.7,90.0,1,86.05321428571429,0.6543779687539938,85.005
08404744693c0a319afb2c8e8439423d,Gilang Santoso,63,7,O,widow,t,27.721433400946587,Need Improvement,0,90.0,86.60000000000001,84.7,86.4,85.3,90.0,1,76.40857142857143,0.6884958479655626,86.33500000000001
ddf80b4cb0d0f20b8e1ca1e02a0b32fa,Indra Saputra,75,3,O,married,t,44.10228041059685,Excellent,1,93.4375,84.625,81.8,84.5,82.2,90.0,1,90.69147727272728,0.6188427991138283,84.215
d67fbb36af14cf67e56d0b15e4034e61,Oki Santoso,67,4,O,married,t,15.382014874915484,Average,1,90.0,80.55,81.3,81.7,79.2,80.0,1,64.16499999999999,0.6480904472263742,80.615
7ca4b2c5ff4b5347e985f797cf3b442d,Lina Adiputra,72,0,O,single,t,40.70317782285328,Good,0,93.75,25.25,7.0,7.0,7.0,80.0,1,70.1,0.5209135332817336,21.6
e9ec841013976627024555a1caac22f2,Eko Gunawan,82,1,O,married,t,45.199459093982426,Good,0,95.0,22.25,7.0,6.0,6.0,70.0,1,73.375,0.4885577763342684,19.1
e2483d8b2441cd8c6e3d29fc02506c3e,Putri Wijaya,63,0,O,single,t,88.66351138156415,Good,0,87.5,22.5,6.0,7.0,7.0,70.0,1,107.93333333333337,0.0954043516371321,19.3
99a8558ed5b65dc72ec6ffc2f294a5c7,Gita Hidayat,81,2,O,single,t,41.846968672526486,Good,1,99.16666666666669,22.25,6.0,6.0,7.0,70.0,1,71.79166666666667,0.4941199911705015,19.05
9f6fda8ab4fcd69337d85b00d8a900ca,Oki Hermawan,81,2,O,single,t,41.846968672526486,Good,1,99.16666666666669,22.25,6.0,6.0,7.0,70.0,1,71.79166666666667,0.4941199911705015,19.05
a913260aca253aa588cf43694640f85e,Tono Nasution,101,15,O,married,t,40.190443993689435,Good,0,97.5,85.625,84.0,84.5,84.0,90.0,1,88.90416666666667,0.6284972490256882,85.325
15a7cfcdd94cccb658d4692d4d1bebe9,Pramono Harahap,66,3,O,widow,t,28.215530243927812,Good,1,94.58333333333331,82.275,79.3,77.7,82.1,90.0,1,76.90365384615384,0.6566885236119455,81.74000000000001
ae283cc39cb32bbf8671ab0894e07762,Tari Suharto,66,4,O,single,t,38.599654421155435,Good,1,98.33333333333331,75.85,79.3,77.7,76.4,70.0,1,84.87722222222222,0.6173696448488077,76.315
392fc9e1a4bc9df2cf481831b7547f3c,Zaki Rachman,82,13,O,married,t,30.56118999323867,Good,0,91.5,83.0,79.9,78.1,84.0,90.0,1,78.17857142857142,0.6734120426630048,82.495
323c35498b12f4464199e6ac51d7856d,Fajar Gunawan,82,3,O,single,t,44.5946961159943,Excellent,1,95.71428571428572,78.225,75.6,80.6,76.7,80.0,1,89.87067460317462,0.5973642395901668,78.005
fcd5dc5852b2b27fa5c7104d8fdb7a18,Faisal Sanjaya,101,8,O,married,t,43.32449160035366,Good,1,100.0,86.60000000000001,84.7,86.4,85.3,90.0,1,92.59538461538462,0.6047313823753581,86.33500000000001
db4bd6ad5ba0c5612e46b1ef8a498c07,Qonita Permana,101,8,O,married,t,43.32449160035366,Good,1,100.0,86.60000000000001,84.7,86.4,85.3,90.0,1,92.59538461538462,0.6047313823753581,86.33500000000001
58e4747920cc3aa62a66ef01e8ef1cf4,Rina Budiman,81,2,O,single,t,41.846968672526486,Good,1,99.16666666666669,22.25,6.0,6.0,7.0,70.0,1,71.79166666666667,0.4941199911705015,19.05
5f8e384675ef6ce1876d4777c383096b,Jaya Kurniawan,66,4,O,single,t,31.56498673740053,Average,1,79.64285714285715,76.45,74.6,74.5,76.7,80.0,1,73.50478021978023,0.7101524376652055,76.17999999999999
d51cfcb1989e121938674225ea0da1b7,Dian Sutanto,66,4,O,married,t,29.55928452885857,Excellent,0,85.75,82.9,77.7,82.3,81.6,90.0,1,75.57681818181818,0.7013274024052004,82.285
721f5a4f4725beec4dda204bcd572f9a,Hadi Darmawan,64,4,O,married,t,34.11088573360379,Good,1,98.75,76.25,73.6,73.7,77.7,80.0,1,81.32857142857142,0.6234328977434571,75.92999999999999
c3a1fc67745386ec1e15c6cace521892,Vera Sugiarto,78,4,O,married,t,39.362181654270906,Average,1,93.75,85.175,84.3,83.7,82.7,90.0,1,86.94416666666667,0.6449097695524991,84.89
7af0034cbcd98124a62ba5eb20c4b5e1,Gita Tampubolon,66,4,O,single,t,31.56498673740053,Average,1,79.64285714285715,76.45,74.6,74.5,76.7,80.0,1,73.50478021978023,0.7101524376652055,76.17999999999999
e63b723371d215fc54d399993ec65149,Maya Saputra,82,1,O,married,t,41.88640973630832,Good,0,91.25,23.0,8.0,7.0,7.0,70.0,1,69.675,0.5237280674827629,19.9
2e93e55122b90b387b5282e6be3048f0,Siska Nasution,101,11,O,married,t,44.63514848910386,Average,0,100.0,81.9,76.8,80.9,79.9,90.0,1,92.29307692307692,0.5889762773903614,81.24000000000001
7d948c10c51d211e09b435ac89bd7c31,Ika Suryanto,78,3,O,married,t,27.38336713995943,Excellent,1,99.375,73.25,73.0,77.0,73.0,70.0,1,74.93035714285713,0.6212703189033932,73.4
2e12df592ac01ce408f3f55328bf180c,Fitri Kusumah,78,4,O,married,t,27.27349560513861,Average,1,98.75,85.125,84.0,82.5,84.0,90.0,1,78.21249999999999,0.6425344001269596,84.825
b17dc9af2e5c3026d57c889e4036a72b,Bayu Setiawan,65,3,O,married,t,41.73581658368677,Excellent,1,92.5,87.125,85.0,85.7,87.8,90.0,1,89.16022727272727,0.6401479764926783,86.875
211a1712e53ecf06b7c5ff3f4bb6d4c5,Ika Cahyono,70,12,O,married,t,39.51994590939824,Excellent,0,82.5,85.625,84.0,84.5,84.0,90.0,1,83.8375,0.6812153250523459,85.325
84ee69ef9b0ca9409697aa495a6f86dc,Umar Suryanto,78,3,O,married,t,27.38336713995943,Excellent,1,99.375,73.25,73.0,77.0,73.0,70.0,1,74.93035714285713,0.6212703189033932,73.4
c6c11ee31532d2b73f5acf68c92e4206,Tari Wijaya,66,4,O,single,t,38.599654421155435,Good,1,98.33333333333331,75.85,79.3,77.7,76.4,70.0,1,84.87722222222222,0.6173696448488077,76.315
5c7a492fae00059f2c55c7cfb47b7884,Johan Cahyono,101,6,O,married,t,39.62136578769439,Good,1,90.0,85.225,85.6,80.6,84.7,90.0,1,86.05321428571429,0.6543779687539938,85.005
012db6b8c0425fc734ca3203be99248f,Rudi Rachman,63,0,O,single,t,88.66351138156415,Good,0,87.5,22.5,6.0,7.0,7.0,70.0,1,107.93333333333337,0.0954043516371321,19.3
d6eb7b985e1b71be135cd49f0d4a81ef,Sinta Maulana,69,6,O,single,t,39.1255352715799,Good,1,82.5,84.625,81.8,84.5,82.2,90.0,1,83.20416666666667,0.6807723259641008,84.215
1c3bfbabdfb8ed9cbbc1caa3aac950b8,Hadi Sugiarto,66,4,O,single,t,31.56498673740053,Average,1,79.64285714285715,76.45,74.6,74.5,76.7,80.0,1,73.50478021978023,0.7101524376652055,76.17999999999999
3cc983c09170a956f520f0bd6d292d27,Nanda Nasution,101,5,O,married,t,42.77838456337443,Good,1,90.83333333333331,87.15,88.0,86.6,84.0,90.0,1,89.54884615384616,0.6416953200912217,87.05
b27594cba5045da7d3df3ba180223c3c,Pramono Santoso,78,4,O,married,t,39.362181654270906,Average,1,93.75,85.175,84.3,83.7,82.7,90.0,1,86.94416666666667,0.6449097695524991,84.89
5c3b4f103f6070e98bbce71d2626cdf3,Wawan Nugroho,82,4,O,married,t,46.33536173089926,Good,1,90.83333333333334,78.375,77.7,78.1,77.7,80.0,1,89.92250000000001,0.6005916151726776,78.25999999999999
cd1c202491a03aef566072b665b76999,Yanto Suharto,82,1,O,married,t,41.88640973630832,Good,0,91.25,23.0,8.0,7.0,7.0,70.0,1,69.675,0.5237280674827629,19.9
1aa24f7958b22de61cce101d1ff0e440,Lina Simbolon,78,4,O,married,t,39.362181654270906,Average,1,93.75,85.175,84.3,83.7,82.7,90.0,1,86.94416666666667,0.6449097695524991,84.89
376b7f8cb68f01a9429d1fff65f299da,Omar Maulana,66,4,O,single,t,38.599654421155435,Good,1,98.33333333333331,75.85,79.3,77.7,76.4,70.0,1,84.87722222222222,0.6173696448488077,76.315
373abc4eeb849fb985fb0381d517c2c8,Taufik Firmansyah,101,6,O,married,t,39.62136578769439,Good,1,90.0,85.225,85.6,80.6,84.7,90.0,1,86.05321428571429,0.6543779687539938,85.005
e5ce32abb60bfb8851ff5660fca49a4d,Wati Setiawan,77,14,O,married,t,43.424611223799864,Good,1,90.0,79.57499999999999,80.1,79.8,78.4,80.0,1,87.57249999999999,0.6250051265782522,79.58
a4023a4590722acc502a48de1d5fa95c,Zainal Nasution,101,6,O,married,t,42.81479169917305,Good,1,93.75,77.375,73.0,77.2,79.3,80.0,1,87.5221153846154,0.6114948813795626,77.025
6e2b016713b3de5d65784dc941e9f2d1,Johan Suryanto,78,4,O,married,t,39.362181654270906,Average,1,93.75,85.175,84.3,83.7,82.7,90.0,1,86.94416666666667,0.6449097695524991,84.89
1e2b27f3629de2db4c0d755c5e8cd4bc,Zainal Simbolon,75,3,O,single,t,45.30702563156924,Excellent,1,93.25,85.075,81.8,84.5,84.0,90.0,1,91.78840909090908,0.6131868989134723,84.66499999999999
71cea89e176a5f26bbe23139a74f6b99,Zahra Prabowo,101,8,O,married,t,43.32449160035366,Good,1,100.0,86.60000000000001,84.7,86.4,85.3,90.0,1,92.59538461538462,0.6047313823753581,86.33500000000001
6b13050fc33151f2bd33f6bfc77b6194,Intan Nugraha,78,5,O,married,t,34.96450304259635,Excellent,1,98.125,84.625,81.8,84.5,82.2,90.0,1,84.375,0.6400131818256962,84.215
1f7de10a3d6126ad03964da8509d7f6f,Gilang Mahendra,63,6,O,single,t,73.90128465179176,Need Improvement,1,87.5,76.6,79.3,74.4,72.7,80.0,1,111.68714285714285,0.3417484054302714,76.565
50dfc1c94d9e04e65fe87969f6ed6f39,Maya Susanto,70,8,O,single,t,49.96619337390128,Excellent,0,97.5,77.375,73.0,77.2,79.3,80.0,1,94.69107142857143,0.5555630496840722,77.025
9d53ff0eb09528c6254b155d93c8a2a4,Made Wahyudi,66,4,O,single,t,38.599654421155435,Good,1,98.33333333333331,75.85,79.3,77.7,76.4,70.0,1,84.87722222222222,0.6173696448488077,76.315
03ce170a2a4405ee72b14bb5cdbffbdf,Made Cahyono,82,13,O,married,t,30.56118999323867,Good,0,91.5,83.0,79.9,78.1,84.0,90.0,1,78.17857142857142,0.6734120426630048,82.495
f95143439fc3a7314f4b242a48fb437f,Cahya Purnomo,69,6,O,single,t,39.1255352715799,Good,1,82.5,84.625,81.8,84.5,82.2,90.0,1,83.20416666666667,0.6807723259641008,84.215
6f82443e57130445087bf1915a987c64,Reza Rachman,66,4,O,single,t,31.56498673740053,Average,1,79.64285714285715,76.45,74.6,74.5,76.7,80.0,1,73.50478021978023,0.7101524376652055,76.17999999999999
0ced0ee1e99af270fcf686cfd6c4af37,Hendra Purnomo,75,3,O,married,t,44.10228041059685,Excellent,1,93.4375,84.625,81.8,84.5,82.2,90.0,1,90.69147727272728,0.6188427991138283,84.215
c26a934bc938ec4751737ea03b08051a,Aditya Nasution,81,2,O,single,t,41.846968672526486,Good,1,99.16666666666669,22.25,6.0,6.0,7.0,70.0,1,71.79166666666667,0.4941199911705015,19.05
f1d3873460304b9a6dbdfd988e5ee3f3,Kiki Sutanto,72,5,O,single,t,39.865813699485095,Good,0,86.66666666666666,73.25,73.0,77.0,73.0,70.0,1,81.66730769230769,0.6435741314216887,73.4
387dc9ecdc46e9277bbf210bca28517d,Lukman Hermawan,82,4,O,married,t,47.37230315323622,Excellent,1,95.0,75.85,75.8,74.0,73.6,80.0,1,91.29136363636364,0.5757754635805756,75.63999999999999
16e76aa634c619f72cedfe7feae68f10,Oki Tampubolon,66,4,O,single,t,31.56498673740053,Average,1,79.64285714285715,76.45,74.6,74.5,76.7,80.0,1,73.50478021978023,0.7101524376652055,76.17999999999999
fb43845c6b0ab064fb192557899feab0,Kiki Kurniawan,82,3,O,single,t,43.8058748403576,Excellent,1,100.0,83.85,85.6,83.9,85.9,80.0,1,92.17722222222224,0.602320211738427,84.13
cb64cfcf100628e3b0280259fb14239f,Novi Gunawan,72,0,O,single,t,40.70317782285328,Good,0,93.75,25.25,7.0,7.0,7.0,80.0,1,70.1,0.5209135332817336,21.6
5b0464d04f1ed60f3a3b29e51f53a170,Qori Situmorang,101,6,O,married,f,39.17407811931139,Good,1,87.08333333333333,83.975,84.0,80.3,81.6,90.0,1,84.4251923076923,0.664819537638627,83.675
d83f0fdd8958761dea69661d9bd8bed7,Sari Susanto,69,4,O,single,t,46.95064232589588,Excellent,1,96.66666666666669,70.95,69.3,67.8,66.7,80.0,1,89.965,0.563724178308501,70.41499999999999
1e674ef66f8cfc86d514c3c9049e549a,Tono Irawan,65,3,O,married,t,41.73581658368677,Excellent,1,92.5,87.125,85.0,85.7,87.8,90.0,1,89.16022727272727,0.6401479764926783,86.875
e39b97cecb12972f410f61e7113a2ee3,Omar Sinaga,101,5,O,married,t,46.455505279034696,Excellent,1,100.0,75.85,79.3,77.7,76.4,70.0,1,92.01653846153846,0.5738525255163816,76.315
e9f6338778db0c20fe870aae06f2fc23,Aditya Hakim,66,4,O,single,t,31.56498673740053,Average,1,79.64285714285715,76.45,74.6,74.5,76.7,80.0,1,73.50478021978023,0.7101524376652055,76.17999999999999
5cf7c4ba874b820dccd21c6f965329ac,Qori Gunawan,103,16,O,married,t,23.506874013973405,Need Improvement,0,69.36111111111111,83.0,79.9,78.1,84.0,90.0,1,65.57499999999999,0.7854601656219073,82.495
f4633a10463a984725e48614c5d99adb,Erna Sasmita,78,4,O,married,t,39.362181654270906,Average,1,93.75,85.175,84.3,83.7,82.7,90.0,1,86.94416666666667,0.6449097695524991,84.89
6a16db783131ff02aed3a314797a2ede,Tono Yulianto,66,4,O,single,t,31.56498673740053,Average,1,79.64285714285715,76.45,74.6,74.5,76.7,80.0,1,73.50478021978023,0.7101524376652055,76.17999999999999
a111b7bd203f836f50453aa6100838c7,Wulan Cahyono,69,6,O,single,t,39.1255352715799,Good,1,82.5,84.625,81.8,84.5,82.2,90.0,1,83.20416666666667,0.6807723259641008,84.215
08f8c4b3f07e1049fd83ebc992955e9a,Elsa Kurniawan,78,4,O,married,t,39.362181654270906,Average,1,93.75,85.175,84.3,83.7,82.7,90.0,1,86.94416666666667,0.6449097695524991,84.89
ddae808e2d79f4a092fada13f6130f6f,Haris Hidayat,78,4,O,married,t,27.27349560513861,Average,1,98.75,85.125,84.0,82.5,84.0,90.0,1,78.21249999999999,0.6425344001269596,84.825
4b974e0f5b7450d4460a09ab5027f21c,Dewi Suryanto,98,10,O,married,t,33.36713995943205,Good,0,90.3125,76.45,74.6,74.5,76.7,80.0,1,78.22875,0.660893431989894,76.17999999999999
f210a8567187b9cfa53e1730a7d18a57,Andi Cahyono,82,3,O,single,t,42.94056180465917,Good,1,93.75,83.8,82.5,80.6,82.1,90.0,1,89.55590909090908,0.620733899757191,83.425
86604dc14331fb2c72f7706ea8325753,Intan Mahendra,103,16,O,married,t,23.506874013973405,Need Improvement,0,69.36111111111111,83.0,79.9,78.1,84.0,90.0,1,65.57499999999999,0.7854601656219073,82.495
bc20d5c88a3d2a2ae555363aa1706975,Putra Adiputra,103,16,O,married,t,23.506874013973405,Need Improvement,0,69.36111111111111,83.0,79.9,78.1,84.0,90.0,1,65.57499999999999,0.7854601656219073,82.495
bc36af828d01d495e1ab6a483e5cd506,Kartika Permana,66,4,O,single,t,38.599654421155435,Good,1,98.33333333333331,75.85,79.3,77.7,76.4,70.0,1,84.87722222222222,0.6173696448488077,76.315
a0718a8fd822f93bcf6a7e6d072ce671,Putri Saputra,82,3,O,single,t,42.94056180465917,Good,1,93.75,83.8,82.5,80.6,82.1,90.0,1,89.55590909090908,0.620733899757191,83.425
e936af85eb0f16e111aec88a71b7b4eb,Umar Santoso,63,7,O,widow,t,27.721433400946587,Need Improvement,0,90.0,86.60000000000001,84.7,86.4,85.3,90.0,1,76.40857142857143,0.6884958479655626,86.33500000000001
8cdd09b43c6ce664144ddefe1c20dfc2,Putra Firmansyah,82,2,O,married,t,47.09263015551048,Good,1,93.125,81.75,80.8,82.5,83.7,80.0,1,92.26250000000002,0.5961585644184186,81.78999999999999
5b06c28779baa9c026bc643142d59f89,Zainal Situmorang,82,6,O,married,t,43.15569487983282,Good,1,86.0,85.225,85.6,80.6,84.7,90.0,1,87.84022727272728,0.6448536463287031,85.005
f0a1bfa835ab5b32826670e22fbc54e8,Qori Hartono,75,3,O,single,t,45.30702563156924,Excellent,1,93.25,85.075,81.8,84.5,84.0,90.0,1,91.78840909090908,0.6131868989134723,84.66499999999999
5a90fc3f836f25fd8817657df7f693eb,Zaki Firmansyah,69,4,O,single,t,46.95064232589588,Excellent,1,96.66666666666669,70.95,69.3,67.8,66.7,80.0,1,89.965,0.563724178308501,70.41499999999999
7d65e7e7d1d82062ae7bc1c3bbf3ee3d,Ulfa Saputra,82,4,O,married,t,47.37230315323622,Excellent,1,95.0,75.85,75.8,74.0,73.6,80.0,1,91.29136363636364,0.5757754635805756,75.63999999999999
bdeb55dd64f3da740fd271332438be03,Aditya Sutanto,75,3,O,single,t,45.30702563156924,Excellent,1,93.25,85.075,81.8,84.5,84.0,90.0,1,91.78840909090908,0.6131868989134723,84.66499999999999
bf180381cac50a3bd24ed77ecadadc7e,Olivia Budiman,82,4,O,married,t,47.37230315323622,Excellent,1,95.0,75.85,75.8,74.0,73.6,80.0,1,91.29136363636364,0.5757754635805756,75.63999999999999
a23ee330ed5dd7883a3098099b709d5a,Erna Kusuma,82,1,O,married,t,44.4895199459094,Good,0,95.83333333333331,22.5,6.0,7.0,7.0,70.0,1,73.1,0.4913680294343645,19.3
b3e31253f705db2a55175497c0165bc5,Cahya Sugiarto,82,4,O,married,t,47.37230315323622,Excellent,1,95.0,75.85,75.8,74.0,73.6,80.0,1,91.29136363636364,0.5757754635805756,75.63999999999999
df2696c08137c90daccaaba6d5b73442,Vina Rachman,82,1,O,married,t,44.4895199459094,Good,0,95.83333333333331,22.5,6.0,7.0,7.0,70.0,1,73.1,0.4913680294343645,19.3
12bf8213b81fc746257bd30361cb6ad9,Lina Saputra,82,4,O,married,t,38.03245436105477,Good,1,96.875,78.15,75.6,77.7,79.3,80.0,1,84.65035714285715,0.6247616656218029,77.92999999999999
3b7fd1331bcb27008c4e40a0131d77f0,Yudi Darmawan,70,8,O,single,t,49.96619337390128,Excellent,0,97.5,77.375,73.0,77.2,79.3,80.0,1,94.69107142857143,0.5555630496840722,77.025
b6f75edb94e21a1e2b52008410f68d8c,Wati Sinaga,65,1,O,married,t,23.2702276312824,Good,0,92.0,77.5,76.5,80.0,83.5,70.0,1,70.51666666666667,0.6636704107685549,77.825
89f55728f923ac85df5d16f7a232ecce,Agus Hartono,82,1,O,married,t,45.199459093982426,Good,0,95.0,22.25,7.0,6.0,6.0,70.0,1,73.375,0.4885577763342684,19.1
2e5035b2a0f08a57d9ce4e063ded209e,Dimas Nugraha,101,5,O,married,t,46.018619649451296,Good,1,97.08333333333331,77.375,73.0,77.2,79.3,80.0,1,91.2298076923077,0.5826787312493735,77.025
59aff32edc631c03d2ed30e244879ba8,Gita Iskandar,72,0,O,single,t,40.70317782285328,Good,0,93.75,25.25,7.0,7.0,7.0,80.0,1,70.1,0.5209135332817336,21.6
68ac20b86751dcef39c2ee41f03f5481,Made Kurniawan,77,14,O,married,t,43.424611223799864,Good,1,90.0,79.57499999999999,80.1,79.8,78.4,80.0,1,87.57249999999999,0.6250051265782522,79.58
cf11818528a7254918a225a7ef054ed6,Vera Hidayat,66,4,O,single,t,31.56498673740053,Average,1,79.64285714285715,76.45,74.6,74.5,76.7,80.0,1,73.50478021978023,0.7101524376652055,76.17999999999999
54c470cf77ad30bdee82382f8ab1ec22,Johan Pratama,72,0,O,single,t,40.70317782285328,Good,0,93.75,25.25,7.0,7.0,7.0,80.0,1,70.1,0.5209135332817336,21.6
456399e617a4682363a3f60dd4fdeb65,Vina Kusuma,63,7,O,widow,t,27.721433400946587,Need Improvement,0,90.0,86.60000000000001,84.7,86.4,85.3,90.0,1,76.40857142857143,0.6884958479655626,86.33500000000001
9e297551d223cd22199714c4ec31d4a1,Cahya Suryanto,101,6,O,married,f,39.17407811931139,Good,1,87.08333333333333,83.975,84.0,80.3,81.6,90.0,1,84.4251923076923,0.664819537638627,83.675
f49bf16b2205d914bbf19cea335587b9,Novi Saputra,69,6,O,single,t,39.1255352715799,Good,1,82.5,84.625,81.8,84.5,82.2,90.0,1,83.20416666666667,0.6807723259641008,84.215
77948c2becb1a7e6f51c9496cf2d79f4,Zainal Prabowo,66,4,O,single,t,31.56498673740053,Average,1,79.64285714285715,76.45,74.6,74.5,76.7,80.0,1,73.50478021978023,0.7101524376652055,76.17999999999999
ba4182dcb8020c6cfa2c632aaf2fd93e,Tono Saputra,78,4,O,married,t,39.362181654270906,Average,1,93.75,85.175,84.3,83.7,82.7,90.0,1,86.94416666666667,0.6449097695524991,84.89
d61c9fd362369e450f55aed989a70ff0,Sari Wijaya,76,2,O,single,t,45.81473968897904,Excellent,0,98.18181818181816,79.825,77.6,82.4,79.3,80.0,1,92.12204545454544,0.5858903654485028,79.705
cfbe2a9440a56b3cff46e978d76cab8f,Erna Susanto,82,1,O,married,t,41.88640973630832,Good,0,91.25,23.0,8.0,7.0,7.0,70.0,1,69.675,0.5237280674827629,19.9
c795c8aacb4de974d3bfc54a8b657350,Dimas Hartono,82,6,O,married,t,43.15569487983282,Good,1,86.0,85.225,85.6,80.6,84.7,90.0,1,87.84022727272728,0.6448536463287031,85.005
a81903d3e74cdb3985cd8366d319e291,Lestari Gunawan,78,5,O,married,t,34.96450304259635,Excellent,1,98.125,84.625,81.8,84.5,82.2,90.0,1,84.375,0.6400131818256962,84.215
5f2d1ee0bf35d03aebf8ef6daaaf8736,Wawan Suharto,101,8,O,married,t,43.32449160035366,Good,1,100.0,86.60000000000001,84.7,86.4,85.3,90.0,1,92.59538461538462,0.6047313823753581,86.33500000000001
a3fd7b28f98b5c53f929c5fa8f99de81,Candra Mahendra,70,12,O,married,t,39.51994590939824,Excellent,0,82.5,85.625,84.0,84.5,84.0,90.0,1,83.8375,0.6812153250523459,85.325
e3efc69934b68af8cbe412afea009473,Wati Irawan,82,6,O,married,t,43.15569487983282,Good,1,86.0,85.225,85.6,80.6,84.7,90.0,1,87.84022727272728,0.6448536463287031,85.005
8fa04125218ad1a5cd59813cb43c2264,Lina Siregar,78,4,O,married,t,39.362181654270906,Average,1,93.75,85.175,84.3,83.7,82.7,90.0,1,86.94416666666667,0.6449097695524991,84.89
daf331eae8ac9df40c0e46b97e026bfb,Omar Firmansyah,65,3,O,married,t,41.73581658368677,Excellent,1,92.5,87.125,85.0,85.7,87.8,90.0,1,89.16022727272727,0.6401479764926783,86.875
6044067883e05417d3068a05788b6c7d,Wawan Setiawan,101,3,O,single,t,43.54293441514537,Good,0,97.5,75.85,79.3,77.7,76.4,70.0,1,88.805,0.5979923185734806,76.315
c828657243026c9d806050ec7ca11f35,Nanda Wibowo,78,4,O,married,t,27.27349560513861,Average,1,98.75,85.125,84.0,82.5,84.0,90.0,1,78.21249999999999,0.6425344001269596,84.825
cd2a17b772ed0241421ff82f1015e4a8,Olivia Yulianto,81,4,O,married,t,40.87528428299219,Average,0,85.0,75.85,75.8,74.0,73.6,80.0,1,82.80045454545454,0.6449690813914315,75.63999999999999
e5d3909c0ed95004de1facb8e4492c89,Erna Suharto,82,3,O,single,t,44.5946961159943,Excellent,1,95.71428571428572,78.225,75.6,80.6,76.7,80.0,1,89.87067460317462,0.5973642395901668,78.005
4f5566bb9d0665201ac3023a366a2499,Siska Irawan,72,5,O,single,t,39.865813699485095,Good,0,86.66666666666666,73.25,73.0,77.0,73.0,70.0,1,81.66730769230769,0.6435741314216887,73.4
b9b670f2803b1d232e145764b6348be2,Putra Susanto,82,4,O,married,t,38.03245436105477,Good,1,96.875,78.15,75.6,77.7,79.3,80.0,1,84.65035714285715,0.6247616656218029,77.92999999999999
c4ebf2f44d7246385aea65c843fb20ad,Eko Purnomo,69,4,O,single,t,46.95064232589588,Excellent,1,96.66666666666669,70.95,69.3,67.8,66.7,80.0,1,89.965,0.563724178308501,70.41499999999999
707111281acb2d6900220b3847afc148,Faisal Rachman,96,7,O,married,t,36.995717827360835,Excellent,0,75.0,84.475,81.5,83.7,82.7,90.0,1,79.10916666666667,0.7151664675574456,84.05
5cb3e18ad6fb1ee574030b1828efd106,Vino Suharto,101,14,O,married,t,68.46968672526482,Good,0,87.5,15.0,0.0,0.0,0.0,60.0,1,88.61666666666667,0.3107146451493964,12.0
6024bd2defc7de5376c316779c02e106,Karina Permana,67,8,O,married,t,33.07133198106829,Good,0,99.0,80.175,84.7,76.8,79.2,80.0,1,81.7025,0.6319504644098186,80.41
fff23f3b1865be6bc042db3e227b0eee,Yudi Hidayat,66,4,O,married,t,29.55928452885857,Excellent,0,85.75,82.9,77.7,82.3,81.6,90.0,1,75.57681818181818,0.7013274024052004,82.285
21bc1bda0cae1375afe80b337ff6b7ee,Bella Kurniawan,75,3,O,single,t,45.30702563156924,Excellent,1,93.25,85.075,81.8,84.5,84.0,90.0,1,91.78840909090908,0.6131868989134723,84.66499999999999
64a9a61c15950aef42f605c2cbca6d38,Rudi Simbolon,66,3,O,widow,t,28.215530243927812,Good,1,94.58333333333331,82.275,79.3,77.7,82.1,90.0,1,76.90365384615384,0.6566885236119455,81.74000000000001
3c2202bab9d59ad7f9d1baddb64598ec,Bella Maulana,69,4,O,single,t,46.95064232589588,Excellent,1,96.66666666666669,70.95,69.3,67.8,66.7,80.0,1,89.965,0.563724178308501,70.41499999999999
cd435d23dbf045f4c1d7d191ed7fb995,Rina Sanjaya,64,4,O,married,t,34.11088573360379,Good,1,98.75,76.25,73.6,73.7,77.7,80.0,1,81.32857142857142,0.6234328977434571,75.92999999999999
8a6701f6998cb179abe4bb2a940a2bb0,Kiki Prasetyo,82,3,O,single,t,43.8058748403576,Excellent,1,100.0,83.85,85.6,83.9,85.9,80.0,1,92.17722222222224,0.602320211738427,84.13
cbcc96ef6c5255c36a774dd5fb293c3d,Fajar Yulianto,64,3,O,single,t,22.52873563218391,Good,1,88.75,86.225,85.6,80.6,88.7,90.0,1,71.5325,0.688466580028307,86.005
68872234e4bd8abcc2e3fe5a152a7afc,Yanto Prasetyo,81,2,O,single,t,41.846968672526486,Good,1,99.16666666666669,22.25,6.0,6.0,7.0,70.0,1,71.79166666666667,0.4941199911705015,19.05
bb108bb8536e8a4cc40a2279e4637676,Sinta Kusumah,81,12,O,married,t,28.134625497708655,Average,0,100.0,78.375,77.7,78.1,77.7,80.0,1,77.29027777777777,0.6268095011855878,78.25999999999999
55f22b4d205918a80eaf4ef889ec74c4,Elsa Utomo,66,4,O,single,t,31.56498673740053,Average,1,79.64285714285715,76.45,74.6,74.5,76.7,80.0,1,73.50478021978023,0.7101524376652055,76.17999999999999
40a432c939b07f1bb21d32c13da50813,Wati Hermawan,96,7,O,married,t,36.995717827360835,Excellent,0,75.0,84.475,81.5,83.7,82.7,90.0,1,79.10916666666667,0.7151664675574456,84.05
2b3187b9e91fc5eaeeffd6f6a27368f0,Karina Ramadhan,66,4,O,single,t,31.56498673740053,Average,1,79.64285714285715,76.45,74.6,74.5,76.7,80.0,1,73.50478021978023,0.7101524376652055,76.17999999999999
dd6896bf013f8ef2cbf18f7627d6da59,Budi Sanjaya,96,7,O,married,t,36.995717827360835,Excellent,0,75.0,84.475,81.5,83.7,82.7,90.0,1,79.10916666666667,0.7151664675574456,84.05
9c2ace1893426a3f6bcd3e799013a254,Made Hidayat,101,8,O,married,t,43.32449160035366,Good,1,100.0,86.60000000000001,84.7,86.4,85.3,90.0,1,92.59538461538462,0.6047313823753581,86.33500000000001
54d880cb841c32a044a6c04ed45771d1,Nita Tampubolon,66,4,O,single,t,31.56498673740053,Average,1,79.64285714285715,76.45,74.6,74.5,76.7,80.0,1,73.50478021978023,0.7101524376652055,76.17999999999999
7dcfb6f3751fdd42455672a44ca9da63,Lestari Simbolon,101,5,O,married,t,42.77838456337443,Good,1,90.83333333333331,87.15,88.0,86.6,84.0,90.0,1,89.54884615384616,0.6416953200912217,87.05
2c79f2ab9b99d18e2b7563233ada5cec,Aditya Nasution,76,3,O,single,t,60.28566599053414,Excellent,1,86.75,77.6,79.3,74.4,76.7,80.0,1,100.255,0.4842398611434446,77.565
0ede933db0e4ea4bae67bb85552fd5e0,Umar Hermawan,101,2,O,single,t,43.826910074374574,Good,0,90.5,78.875,75.6,80.6,79.3,80.0,1,87.85249999999999,0.6187560899089909,78.655
1d4a3895c2ad7d89522bd9351e961350,Aditya Adiputra,66,4,O,single,t,31.56498673740053,Average,1,79.64285714285715,76.45,74.6,74.5,76.7,80.0,1,73.50478021978023,0.7101524376652055,76.17999999999999
caa035940d35b055c1663f298fb3533f,Indra Suryanto,96,7,O,married,t,36.995717827360835,Excellent,0,75.0,84.475,81.5,83.7,82.7,90.0,1,79.10916666666667,0.7151664675574456,84.05
be3153f4f610d21c7ad87772b5f0df35,Sinta Kusumah,75,3,O,single,t,45.30702563156924,Excellent,1,93.25,85.075,81.8,84.5,84.0,90.0,1,91.78840909090908,0.6131868989134723,84.66499999999999
73e40193b499110db9304374bba4de93,Elsa Purnomo,81,2,O,single,t,41.846968672526486,Good,1,99.16666666666669,22.25,6.0,6.0,7.0,70.0,1,71.79166666666667,0.4941199911705015,19.05
bf2c8b889dc1ba8a645f512e9d7a1734,Putra Suharto,76,2,O,single,t,45.81473968897904,Excellent,0,98.18181818181816,79.825,77.6,82.4,79.3,80.0,1,92.12204545454544,0.5858903654485028,79.705
a4f26e933db37897ddd7a51844cb9263,Joko Susanto,64,4,O,married,t,34.11088573360379,Good,1,98.75,76.25,73.6,73.7,77.7,80.0,1,81.32857142857142,0.6234328977434571,75.92999999999999
cb4e506feb4fa07c543198edb32cc466,Nita Hartono,101,5,O,married,t,46.018619649451296,Good,1,97.08333333333331,77.375,73.0,77.2,79.3,80.0,1,91.2298076923077,0.5826787312493735,77.025
d3a6ce32b9b0b847365e172cb3131019,Citra Siregar,82,1,O,married,t,45.199459093982426,Good,0,95.0,22.25,7.0,6.0,6.0,70.0,1,73.375,0.4885577763342684,19.1
58a5a5779f5a2c0fbee4fcf5a6315a39,Qonita Setiawan,67,4,O,married,t,15.382014874915484,Average,1,90.0,80.55,81.3,81.7,79.2,80.0,1,64.16499999999999,0.6480904472263742,80.615
74dceb8a604627135c6f5da4a215ac47,Vina Santoso,75,3,O,single,t,45.30702563156924,Excellent,1,93.25,85.075,81.8,84.5,84.0,90.0,1,91.78840909090908,0.6131868989134723,84.66499999999999
d328843ed2f85e1663c45866f3cfd97d,Putra Yulianto,82,3,O,single,t,42.94056180465917,Good,1,93.75,83.8,82.5,80.6,82.1,90.0,1,89.55590909090908,0.620733899757191,83.425
8fb587ae629fcdede4efb6005e1fc6e6,Rudi Sasmita,66,4,O,single,t,31.56498673740053,Average,1,79.64285714285715,76.45,74.6,74.5,76.7,80.0,1,73.50478021978023,0.7101524376652055,76.17999999999999
de786798cd2ada4e677519f7e71dec9a,Yoga Hermawan,65,1,O,married,t,23.2702276312824,Good,0,92.0,77.5,76.5,80.0,83.5,70.0,1,70.51666666666667,0.6636704107685549,77.825
ed02a5d7ef002a41e8224adb9e72a040,Zainal Kusumah,65,3,O,married,t,41.73581658368677,Excellent,1,92.5,87.125,85.0,85.7,87.8,90.0,1,89.16022727272727,0.6401479764926783,86.875
dc9d59f0b6b10a82fd8d2b8d345199fd,Kiki Situmorang,75,3,O,married,t,44.10228041059685,Excellent,1,93.4375,84.625,81.8,84.5,82.2,90.0,1,90.69147727272728,0.6188427991138283,84.215
46ffbf0dbbb734a795570a69872e772c,Siska Nugroho,69,6,O,single,t,39.1255352715799,Good,1,82.5,84.625,81.8,84.5,82.2,90.0,1,83.20416666666667,0.6807723259641008,84.215
7fd2d4b2168197f5e9ad46c2d4c71adc,Oki Adiputra,82,4,O,married,t,47.37230315323622,Excellent,1,95.0,75.85,75.8,74.0,73.6,80.0,1,91.29136363636364,0.5757754635805756,75.63999999999999
ec3a6319a1f06a9a8aabb8ebf57f591a,Intan Nasution,82,4,O,married,t,47.37230315323622,Excellent,1,95.0,75.85,75.8,74.0,73.6,80.0,1,91.29136363636364,0.5757754635805756,75.63999999999999
27c12b9fb19117ae4206f1747166d288,Lina Kurniawan,78,4,O,married,t,39.362181654270906,Average,1,93.75,85.175,84.3,83.7,82.7,90.0,1,86.94416666666667,0.6449097695524991,84.89
3c4bac47c7cb90a2c15e1602ae4febc8,Elsa Hartono,82,4,O,married,t,46.33536173089926,Good,1,90.83333333333334,78.375,77.7,78.1,77.7,80.0,1,89.92250000000001,0.6005916151726776,78.25999999999999
6d4ad7b496fea80e54eddd1424259770,Vino Susanto,101,3,O,single,t,43.54293441514537,Good,0,97.5,75.85,79.3,77.7,76.4,70.0,1,88.805,0.5979923185734806,76.315
d3a93f3e5fc3797fdf2db7efb12d617a,Candra Siregar,67,8,O,married,t,33.07133198106829,Good,0,99.0,80.175,84.7,76.8,79.2,80.0,1,81.7025,0.6319504644098186,80.41
5ae7006bc3266b9b2ea9a0587f613cb1,Putri Mahendra,82,4,O,married,t,46.33536173089926,Good,1,90.83333333333334,78.375,77.7,78.1,77.7,80.0,1,89.92250000000001,0.6005916151726776,78.25999999999999
b455528e4fb8aba113fd96aa543168ca,Haris Saputra,64,3,O,single,t,22.52873563218391,Good,1,88.75,86.225,85.6,80.6,88.7,90.0,1,71.5325,0.688466580028307,86.005
72640ccceee0d28aa61456b007bddfd6,Nanda Lubis,101,8,O,married,t,43.32449160035366,Good,1,100.0,86.60000000000001,84.7,86.4,85.3,90.0,1,92.59538461538462,0.6047313823753581,86.33500000000001
be6741985f3f87af977a4c629513b3b5,Wawan Sugiarto,81,15,O,married,t,40.584854631507774,Good,0,99.5,79.4,76.4,85.7,75.5,80.0,1,87.97,0.608581769099239,79.22
f6ea2b4e07fcfbbc09d8e4cdc1218d94,Oki Gunawan,81,2,O,single,t,41.846968672526486,Good,1,99.16666666666669,22.25,6.0,6.0,7.0,70.0,1,71.79166666666667,0.4941199911705015,19.05
740291fa1f15aaf4165fde3ec82ab007,Taufik Permana,69,6,O,single,t,39.1255352715799,Good,1,82.5,84.625,81.8,84.5,82.2,90.0,1,83.20416666666667,0.6807723259641008,84.215
2c96f8a540801333703f10fa81f1ed64,Dian Prasetyo,81,2,O,single,t,41.846968672526486,Good,1,99.16666666666669,22.25,6.0,6.0,7.0,70.0,1,71.79166666666667,0.4941199911705015,19.05
59f462394628d8ac102336c55c7089c2,Novi Rachman,81,2,O,single,t,41.846968672526486,Good,1,99.16666666666669,22.25,6.0,6.0,7.0,70.0,1,71.79166666666667,0.4941199911705015,19.05
a5704c5c6814ed967e1d9bcf45d274be,Gita Santoso,82,3,O,single,t,44.5946961159943,Excellent,1,95.71428571428572,78.225,75.6,80.6,76.7,80.0,1,89.87067460317462,0.5973642395901668,78.005
d5439f77483d6409f3eac2fdbdc2f0de,Hadi Kusumah,101,6,O,married,t,39.62136578769439,Good,1,90.0,85.225,85.6,80.6,84.7,90.0,1,86.05321428571429,0.6543779687539938,85.005
bba857ef878645bb90a550bbb04c29a4,Siska Irawan,69,6,O,single,t,39.1255352715799,Good,1,82.5,84.625,81.8,84.5,82.2,90.0,1,83.20416666666667,0.6807723259641008,84.215
80d3b9f17bf606304a228776709aa884,Elsa Siregar,78,4,O,married,t,39.362181654270906,Average,1,93.75,85.175,84.3,83.7,82.7,90.0,1,86.94416666666667,0.6449097695524991,84.89
4c80c607723ee331b60714a0e563ff5c,Siska Hermawan,69,4,O,married,f,36.79851250845166,Average,1,75.0,75.85,79.3,77.7,76.4,70.0,1,76.355,0.7047018299087188,76.315
c069056a40258108dd8c120f6d819a02,Vino Rachman,78,4,O,married,t,39.362181654270906,Average,1,93.75,85.175,84.3,83.7,82.7,90.0,1,86.94416666666667,0.6449097695524991,84.89
411a1b8eb3181a58ba78ce1f379a5a32,Vina Pratama,101,6,O,married,t,42.81479169917305,Good,1,93.75,77.375,73.0,77.2,79.3,80.0,1,87.5221153846154,0.6114948813795626,77.025
9e26d5f1f9dabdfd22171db819a45b48,Hadi Santoso,64,3,O,single,t,22.52873563218391,Good,1,88.75,86.225,85.6,80.6,88.7,90.0,1,71.5325,0.688466580028307,86.005
a97e17b02846930f310624b4e7e3bd93,Indra Rachman,82,4,O,married,t,47.37230315323622,Excellent,1,95.0,75.85,75.8,74.0,73.6,80.0,1,91.29136363636364,0.5757754635805756,75.63999999999999
cd48d713b63b7aee30da53769eb1393d,Novi Cahyono,69,4,O,married,f,36.79851250845166,Average,1,75.0,75.85,79.3,77.7,76.4,70.0,1,76.355,0.7047018299087188,76.315
f2276f9bb236a7674277c380497f7f2a,Dewi Nugroho,82,6,O,married,t,43.15569487983282,Good,1,86.0,85.225,85.6,80.6,84.7,90.0,1,87.84022727272728,0.6448536463287031,85.005
f86dd39572fedaf5ba4472816f977300,Sari Suryanto,70,3,O,married,t,42.47802569303584,Good,1,62.114583333333336,77.875,75.8,76.2,79.5,80.0,1,77.896875,0.6761838412639591,77.66499999999999
9c97ccdb154db7dedc007b3488f641ae,Yudi Sanjaya,101,5,O,married,t,46.455505279034696,Excellent,1,100.0,75.85,79.3,77.7,76.4,70.0,1,92.01653846153846,0.5738525255163816,76.315
b4724e852d047e89f0c427f1c902b26d,Maya Pratama,63,6,O,single,t,73.90128465179176,Need Improvement,1,87.5,76.6,79.3,74.4,72.7,80.0,1,111.68714285714285,0.3417484054302714,76.565
c1623c914934460c07beed06b03e7ed4,Pramono Nugroho,81,2,O,married,t,40.59800165276838,Average,0,95.0,74.725,79.5,73.3,76.1,70.0,1,85.2286111111111,0.6186685359921282,75.19999999999999
c46eb8bd7bd268e115ba8f73cfc0c728,Wulan Saputra,81,2,O,single,t,41.846968672526486,Good,1,99.16666666666669,22.25,6.0,6.0,7.0,70.0,1,71.79166666666667,0.4941199911705015,19.05
2a452949032556dd8a2c8ea0460060cd,Fajar Wibowo,101,5,O,married,t,42.77838456337443,Good,1,90.83333333333331,87.15,88.0,86.6,84.0,90.0,1,89.54884615384616,0.6416953200912217,87.05
2501695389399ea193f7e16ac239603c,Zainal Nasution,101,6,O,married,t,39.62136578769439,Good,1,90.0,85.225,85.6,80.6,84.7,90.0,1,86.05321428571429,0.6543779687539938,85.005
d08e650c238a97cc393c78c776ed3aa5,Vino Cahyono,66,4,O,single,t,31.56498673740053,Average,1,79.64285714285715,76.45,74.6,74.5,76.7,80.0,1,73.50478021978023,0.7101524376652055,76.17999999999999
5e662238956186bd51680291ed495586,Mega Sutanto,78,4,O,married,t,39.362181654270906,Average,1,93.75,85.175,84.3,83.7,82.7,90.0,1,86.94416666666667,0.6449097695524991,84.89
a6fa1868ffb16ab44349e65f9a3a5ae2,Vina Rachman,101,8,O,married,t,43.32449160035366,Good,1,100.0,86.60000000000001,84.7,86.4,85.3,90.0,1,92.59538461538462,0.6047313823753581,86.33500000000001
1ffe5532f83cebf3415d14d8165c12c0,Lukman Gunawan,65,3,O,married,t,41.73581658368677,Excellent,1,92.5,87.125,85.0,85.7,87.8,90.0,1,89.16022727272727,0.6401479764926783,86.875
16a0a2524cf00a7bd6e3962793527e35,Yoga Kurniawan,66,4,O,single,t,31.56498673740053,Average,1,79.64285714285715,76.45,74.6,74.5,76.7,80.0,1,73.50478021978023,0.7101524376652055,76.17999999999999
a3a8b99ff2491e3e8b584c5cb112a580,Vera Kusumah,101,6,O,married,t,42.81479169917305,Good,1,93.75,77.375,73.0,77.2,79.3,80.0,1,87.5221153846154,0.6114948813795626,77.025
01160c3161945a27a386484014521724,Zainal Suryanto,66,4,O,single,t,31.56498673740053,Average,1,79.64285714285715,76.45,74.6,74.5,76.7,80.0,1,73.50478021978023,0.7101524376652055,76.17999999999999
0f6bf7a9bd7dd63b182e9a736f271094,Zaki Prabowo,81,15,O,married,t,40.584854631507774,Good,0,99.5,79.4,76.4,85.7,75.5,80.0,1,87.97,0.608581769099239,79.22
087dc8ee1c22af21ecf0d42c94f468a7,Reza Firmansyah,82,6,O,married,t,43.15569487983282,Good,1,86.0,85.225,85.6,80.6,84.7,90.0,1,87.84022727272728,0.6448536463287031,85.005
858db1da868a696f4d7c212b1b09918d,Reza Setiawan,70,3,O,married,t,42.47802569303584,Good,1,62.114583333333336,77.875,75.8,76.2,79.5,80.0,1,77.896875,0.6761838412639591,77.66499999999999
35bd2fea42223c9e0309a4d097311f07,Gilang Kurniawan,101,8,O,married,t,43.32449160035366,Good,1,100.0,86.60000000000001,84.7,86.4,85.3,90.0,1,92.59538461538462,0.6047313823753581,86.33500000000001
a20303f42ff27c0ac7fd35835b46d1ab,Ika Gunawan,66,4,O,single,t,31.56498673740053,Average,1,79.64285714285715,76.45,74.6,74.5,76.7,80.0,1,73.50478021978023,0.7101524376652055,76.17999999999999
46c2fd783915644385dc259e8bd0bc18,Taufik Prabowo,64,3,O,single,t,22.52873563218391,Good,1,88.75,86.225,85.6,80.6,88.7,90.0,1,71.5325,0.688466580028307,86.005
6d32f706ccf238bdf0e9eccffcad5cde,Erna Prasetyo,78,4,O,married,t,39.362181654270906,Average,1,93.75,85.175,84.3,83.7,82.7,90.0,1,86.94416666666667,0.6449097695524991,84.89
61dbbcee12851a204bf11f012bf9b8f7,Nanda Nugroho,82,3,O,single,t,44.5946961159943,Excellent,1,95.71428571428572,78.225,75.6,80.6,76.7,80.0,1,89.87067460317462,0.5973642395901668,78.005
5cc62ad16c9789126abfb7f98cf40499,Yudi Hidayat,103,16,O,married,t,23.506874013973405,Need Improvement,0,69.36111111111111,83.0,79.9,78.1,84.0,90.0,1,65.57499999999999,0.7854601656219073,82.495
8a8e7237f77bd241d9b765a452b2073b,Dewi Firmansyah,65,3,O,married,t,41.73581658368677,Excellent,1,92.5,87.125,85.0,85.7,87.8,90.0,1,89.16022727272727,0.6401479764926783,86.875
a92b6cf3e0e7250dd76aa69d79c559e8,Lestari Permana,82,1,O,married,t,45.199459093982426,Good,0,95.0,22.25,7.0,6.0,6.0,70.0,1,73.375,0.4885577763342684,19.1
bec21fe68ce706ccfb864191a1ee3928,Wawan Rachman,69,4,O,single,t,46.95064232589588,Excellent,1,96.66666666666669,70.95,69.3,67.8,66.7,80.0,1,89.965,0.563724178308501,70.41499999999999
611787f2f418760b35982cf83df736ec,Dimas Budiman,63,6,O,single,t,73.90128465179176,Need Improvement,1,87.5,76.6,79.3,74.4,72.7,80.0,1,111.68714285714285,0.3417484054302714,76.565
6785fc716a394871f5bbabf46fe8e70c,Siska Utomo,96,7,O,married,t,36.995717827360835,Excellent,0,75.0,84.475,81.5,83.7,82.7,90.0,1,79.10916666666667,0.7151664675574456,84.05
09dc8735ec42cd41513add16cd05da1c,Elsa Purnomo,78,4,O,married,t,39.362181654270906,Average,1,93.75,85.175,84.3,83.7,82.7,90.0,1,86.94416666666667,0.6449097695524991,84.89
d4dfed8d1edf3a8c1d2a31f82dc3d526,Fitri Wijaya,67,8,O,married,t,33.07133198106829,Good,0,99.0,80.175,84.7,76.8,79.2,80.0,1,81.7025,0.6319504644098186,80.41
c8b7e9903616087fbfbf162b4c3c429f,Jaya Kurniawan,69,6,O,single,t,39.1255352715799,Good,1,82.5,84.625,81.8,84.5,82.2,90.0,1,83.20416666666667,0.6807723259641008,84.215
9d78d1712e68c46d2242694fcaedb23a,Dian Setiawan,101,5,O,married,t,42.77838456337443,Good,1,90.83333333333331,87.15,88.0,86.6,84.0,90.0,1,89.54884615384616,0.6416953200912217,87.05
f03e95b7b769bfc47ab1ac872327117d,Siska Mahendra,101,5,O,widow,t,40.63556457065585,Good,1,90.0,77.375,73.0,77.2,79.3,80.0,1,84.55535714285715,0.635371178736625,77.025
7c67c451d62b36d6262c0a8ece2c4cef,Ulfa Santoso,82,1,O,married,t,41.88640973630832,Good,0,91.25,23.0,8.0,7.0,7.0,70.0,1,69.675,0.5237280674827629,19.9
bab100b79f37742094a87b7bccf43ddb,Yudi Hartono,81,2,O,married,t,40.59800165276838,Average,0,95.0,74.725,79.5,73.3,76.1,70.0,1,85.2286111111111,0.6186685359921282,75.19999999999999
b9d2f3fd460ca3ad8fbbbe155398bd2b,Vera Sinaga,82,6,O,married,t,43.15569487983282,Good,1,86.0,85.225,85.6,80.6,84.7,90.0,1,87.84022727272728,0.6448536463287031,85.005
c43a57e928b5312b43d7cb757c6b91a7,Aditya Cahyono,82,6,O,married,t,43.15569487983282,Good,1,86.0,85.225,85.6,80.6,84.7,90.0,1,87.84022727272728,0.6448536463287031,85.005
6ff554e5b183ffdb11e26911f40cea54,Zainal Sanjaya,66,4,O,married,t,29.55928452885857,Excellent,0,85.75,82.9,77.7,82.3,81.6,90.0,1,75.57681818181818,0.7013274024052004,82.285
357e39f5e0025c27b506eacc6a33c056,Zainal Tampubolon,101,14,O,married,t,68.46968672526482,Good,0,87.5,15.0,0.0,0.0,0.0,60.0,1,88.61666666666667,0.3107146451493964,12.0
579cdadacd6c1c11c6ae5a369a1755a9,Nanda Purnomo,82,2,O,married,t,47.09263015551048,Good,1,93.125,81.75,80.8,82.5,83.7,80.0,1,92.26250000000002,0.5961585644184186,81.78999999999999
18cd5e4fb2319a288056b161374cb36f,Ulfa Hartono,82,13,O,married,t,37.99864773495605,Average,0,88.0,82.075,79.7,78.7,79.9,90.0,1,83.13678571428572,0.6632026756505265,81.56
65ad55beba1c3633634f7756185c76f6,Lukman Adiputra,70,12,O,married,t,39.51994590939824,Excellent,0,82.5,85.625,84.0,84.5,84.0,90.0,1,83.8375,0.6812153250523459,85.325
8e6517b36ec5ec3416a90b1ca2f590bf,Wulan Tampubolon,64,4,O,married,t,34.11088573360379,Good,1,98.75,76.25,73.6,73.7,77.7,80.0,1,81.32857142857142,0.6234328977434571,75.92999999999999
15e432bbd875f4b62c81a34d4779aa00,Fitri Sutanto,65,3,O,married,t,41.73581658368677,Excellent,1,92.5,87.125,85.0,85.7,87.8,90.0,1,89.16022727272727,0.6401479764926783,86.875
64f722f64d5be86d4119b4965a2ce748,Andi Cahyono,63,6,O,single,t,73.90128465179176,Need Improvement,1,87.5,76.6,79.3,74.4,72.7,80.0,1,111.68714285714285,0.3417484054302714,76.565
372d1acd11ea27552b5ab45284499664,Joko Yulianto,69,4,O,single,t,46.95064232589588,Excellent,1,96.66666666666669,70.95,69.3,67.8,66.7,80.0,1,89.965,0.563724178308501,70.41499999999999
8a9008f99e3992b8fea13e90474b636c,Putri Santoso,69,6,O,single,t,39.1255352715799,Good,1,82.5,84.625,81.8,84.5,82.2,90.0,1,83.20416666666667,0.6807723259641008,84.215
f4ac6e797894e3d9e022dba37f172d85,Fitri Firmansyah,101,1,O,single,t,39.874915483434755,Average,0,78.57142857142857,13.0,4.0,5.0,3.0,40.0,1,61.17142857142857,0.5536085253508354,11.2
c5c0b331194caf055fc1c98d027d58e7,Qonita Kusuma,78,4,O,married,t,39.362181654270906,Average,1,93.75,85.175,84.3,83.7,82.7,90.0,1,86.94416666666667,0.6449097695524991,84.89
bd86b8b20110f20751452143c84f891b,Jaya Cahyono,81,12,O,married,t,28.134625497708655,Average,0,100.0,78.375,77.7,78.1,77.7,80.0,1,77.29027777777777,0.6268095011855878,78.25999999999999
0f7c26a15f72ef0791783d60632a3215,Gina Lubis,78,4,O,married,t,27.27349560513861,Average,1,98.75,85.125,84.0,82.5,84.0,90.0,1,78.21249999999999,0.6425344001269596,84.825
97c36d5d0839b9b93bb4e6514b03002c,Wulan Suryanto,78,4,O,married,t,39.362181654270906,Average,1,93.75,85.175,84.3,83.7,82.7,90.0,1,86.94416666666667,0.6449097695524991,84.89
3c97cfc99cf716b056879b01c5a6ebca,Karina Budiman,63,7,O,widow,t,27.721433400946587,Need Improvement,0,90.0,86.60000000000001,84.7,86.4,85.3,90.0,1,76.40857142857143,0.6884958479655626,86.33500000000001
db967fe7608eb2f37cc655859c46415e,Zaki Adiputra,82,4,O,married,t,46.33536173089926,Good,1,90.83333333333334,78.375,77.7,78.1,77.7,80.0,1,89.92250000000001,0.6005916151726776,78.25999999999999
c48f2003644e6f0d40e9b4c8543b9683,Joko Utomo,76,3,O,single,t,60.28566599053414,Excellent,1,86.75,77.6,79.3,74.4,76.7,80.0,1,100.255,0.4842398611434446,77.565
c0c0fa508ed6cccf6657026d60915095,Tono Purnomo,101,6,O,married,f,39.17407811931139,Good,1,87.08333333333333,83.975,84.0,80.3,81.6,90.0,1,84.4251923076923,0.664819537638627,83.675
4003a06cc2b89bc47d82b4c299459fa3,Mega Lubis,82,8,O,married,t,27.53703362222632,Good,0,90.0,80.175,84.7,76.8,79.2,80.0,1,74.32522727272728,0.6794554377868787,80.41
fe2cd216ee6ec315b89f66749c49fe42,Kiki Santoso,77,14,O,married,t,43.424611223799864,Good,1,90.0,79.57499999999999,80.1,79.8,78.4,80.0,1,87.57249999999999,0.6250051265782522,79.58
bcfcfb5dddbeb3ef5115ec2816fafd2f,Yudi Kurniawan,81,2,O,married,t,40.59800165276838,Average,0,95.0,74.725,79.5,73.3,76.1,70.0,1,85.2286111111111,0.6186685359921282,75.19999999999999
982d7f051539c87430b0c090f46ea398,Ulfa Adiputra,66,4,O,single,t,31.56498673740053,Average,1,79.64285714285715,76.45,74.6,74.5,76.7,80.0,1,73.50478021978023,0.7101524376652055,76.17999999999999
3b12311401f5e8384ac32366c909057f,Vino Cahyono,101,11,O,married,t,44.63514848910386,Average,0,100.0,81.9,76.8,80.9,79.9,90.0,1,92.29307692307692,0.5889762773903614,81.24000000000001
1729b09fe0781116a4bbebd2e70ef691,Vera Rachman,65,3,O,married,t,41.73581658368677,Excellent,1,92.5,87.125,85.0,85.7,87.8,90.0,1,89.16022727272727,0.6401479764926783,86.875
c63145838c7a1ee8419e2f4afebe5342,Cahya Yulianto,64,3,O,single,t,22.52873563218391,Good,1,88.75,86.225,85.6,80.6,88.7,90.0,1,71.5325,0.688466580028307,86.005
74cac218a5281ee6b9041ca47ad100b2,Dimas Pratama,67,4,O,married,t,15.382014874915484,Average,1,90.0,80.55,81.3,81.7,79.2,80.0,1,64.16499999999999,0.6480904472263742,80.615
f308c2e27e3f52d781b891f95d96db2c,Andi Wahyudi,82,4,O,married,t,47.37230315323622,Excellent,1,95.0,75.85,75.8,74.0,73.6,80.0,1,91.29136363636364,0.5757754635805756,75.63999999999999
f1a320305a5b3a71ac695e9d9cb82870,Tono Situmorang,66,4,O,single,t,31.56498673740053,Average,1,79.64285714285715,76.45,74.6,74.5,76.7,80.0,1,73.50478021978023,0.7101524376652055,76.17999999999999
87ad2858b8f83ba85efea2268992d397,Candra Hartono,70,3,O,married,t,42.47802569303584,Good,1,62.114583333333336,77.875,75.8,76.2,79.5,80.0,1,77.896875,0.6761838412639591,77.66499999999999
5046c12973eca9c0073686e714c07141,Rina Harahap,101,5,O,married,t,46.455505279034696,Excellent,1,100.0,75.85,79.3,77.7,76.4,70.0,1,92.01653846153846,0.5738525255163816,76.315
eb38d4010bfd7def9127f88ae5a932ca,Zainal Pratama,101,2,O,single,t,43.826910074374574,Good,0,90.5,78.875,75.6,80.6,79.3,80.0,1,87.85249999999999,0.6187560899089909,78.655
53a7ca35a2efed0bbb0b9f52f6f98c80,Rina Santoso,82,13,O,married,t,37.99864773495605,Average,0,88.0,82.075,79.7,78.7,79.9,90.0,1,83.13678571428572,0.6632026756505265,81.56
8e1b1054634467f4cc64b8297abfb78e,Kiki Mahendra,65,3,O,married,t,41.73581658368677,Excellent,1,92.5,87.125,85.0,85.7,87.8,90.0,1,89.16022727272727,0.6401479764926783,86.875
4f8313f3016bb448b1fcbcbe39bb1aef,Joko Kusuma,81,12,O,married,t,28.134625497708655,Average,0,100.0,78.375,77.7,78.1,77.7,80.0,1,77.29027777777777,0.6268095011855878,78.25999999999999
24e3e77d0e27aaf02304cf48f8b3d2dd,Karina Nugroho,82,3,O,single,t,43.8058748403576,Excellent,1,100.0,83.85,85.6,83.9,85.9,80.0,1,92.17722222222224,0.602320211738427,84.13
034fc96949dcb31de3466be514ff4c19,Wati Saputra,101,15,O,married,t,40.190443993689435,Good,0,97.5,85.625,84.0,84.5,84.0,90.0,1,88.90416666666667,0.6284972490256882,85.325
eb5b595213e50be4e970b84289471788,Agus Purnomo,81,4,O,married,t,40.87528428299219,Average,0,85.0,75.85,75.8,74.0,73.6,80.0,1,82.80045454545454,0.6449690813914315,75.63999999999999
fad7d94a0ca13212cc736f90f3e497b1,Kartika Tampubolon,66,4,O,married,t,29.55928452885857,Excellent,0,85.75,82.9,77.7,82.3,81.6,90.0,1,75.57681818181818,0.7013274024052004,82.285
73a14b42bfa86abe17827d337a810d15,Yoga Permana,82,13,O,married,t,37.99864773495605,Average,0,88.0,82.075,79.7,78.7,79.9,90.0,1,83.13678571428572,0.6632026756505265,81.56
cc96bfea10601840ec7e692400a79bef,Faisal Prasetyo,82,3,O,single,t,44.5946961159943,Excellent,1,95.71428571428572,78.225,75.6,80.6,76.7,80.0,1,89.87067460317462,0.5973642395901668,78.005
52655fd6b80b71861fb5c23a802c360c,Gilang Kusuma,69,4,O,married,f,36.79851250845166,Average,1,75.0,75.85,79.3,77.7,76.4,70.0,1,76.355,0.7047018299087188,76.315
d5b7d364b593f7411011ff69fc7960b8,Nanda Harahap,63,6,O,single,t,73.90128465179176,Need Improvement,1,87.5,76.6,79.3,74.4,72.7,80.0,1,111.68714285714285,0.3417484054302714,76.565
8d4e67eb31d1f0b1dd702c0bd5463c84,Dewi Setiawan,64,3,O,single,t,22.52873563218391,Good,1,88.75,86.225,85.6,80.6,88.7,90.0,1,71.5325,0.688466580028307,86.005
1473c9161b1037835ce7aea89ce11224,Nanda Purnomo,81,2,O,single,t,41.846968672526486,Good,1,99.16666666666669,22.25,6.0,6.0,7.0,70.0,1,71.79166666666667,0.4941199911705015,19.05
da7697898b4cb06b2711469e9cadab8c,Dewi Wijaya,77,14,O,married,t,43.424611223799864,Good,1,90.0,79.57499999999999,80.1,79.8,78.4,80.0,1,87.57249999999999,0.6250051265782522,79.58
e768b51768d3563eb5ecce569b22db75,Bayu Prabowo,82,3,O,single,t,44.5946961159943,Excellent,1,95.71428571428572,78.225,75.6,80.6,76.7,80.0,1,89.87067460317462,0.5973642395901668,78.005
f042ce1ec5355c48546b19f2d3ffc824,Oki Sinaga,76,2,O,single,t,45.81473968897904,Excellent,0,98.18181818181816,79.825,77.6,82.4,79.3,80.0,1,92.12204545454544,0.5858903654485028,79.705
92f9754a579a1b107d0b0c575f7b690a,Vina Budiman,101,5,O,widow,t,40.63556457065585,Good,1,90.0,77.375,73.0,77.2,79.3,80.0,1,84.55535714285715,0.635371178736625,77.025
5b90003f7a42718811ac8485cad17ff7,Aditya Prabowo,82,4,O,married,t,46.33536173089926,Good,1,90.83333333333334,78.375,77.7,78.1,77.7,80.0,1,89.92250000000001,0.6005916151726776,78.25999999999999
b81f53a2d03fdc11af26c426d9c6cbc6,Kiki Nugroho,82,3,O,single,t,44.5946961159943,Excellent,1,95.71428571428572,78.225,75.6,80.6,76.7,80.0,1,89.87067460317462,0.5973642395901668,78.005
7c927ba485f19d40f0576c2a1c01af32,Tono Situmorang,81,2,O,married,t,40.59800165276838,Average,0,95.0,74.725,79.5,73.3,76.1,70.0,1,85.2286111111111,0.6186685359921282,75.19999999999999
0cd662ad6ccc0ec5c528bb395c6dc95a,Budi Prasetyo,82,3,O,single,t,43.8058748403576,Excellent,1,100.0,83.85,85.6,83.9,85.9,80.0,1,92.17722222222224,0.602320211738427,84.13
f6df3de60bec844eb3d784e8148ef906,Andi Saputra,82,6,O,married,t,43.15569487983282,Good,1,86.0,85.225,85.6,80.6,84.7,90.0,1,87.84022727272728,0.6448536463287031,85.005
322d723df446e80a00c14f90d3d5d990,Ulfa Utomo,82,3,O,married,t,42.05024184740208,Good,1,90.625,86.1,84.0,86.4,84.0,90.0,1,88.55596153846153,0.6436509162708874,85.8
baba91fe0adebfd920dbaf77c10d4dad,Lukman Harahap,64,3,O,single,t,22.52873563218391,Good,1,88.75,86.225,85.6,80.6,88.7,90.0,1,71.5325,0.688466580028307,86.005
482724dd9513de560d456d147d122d88,Novi Tampubolon,82,4,O,married,t,47.37230315323622,Excellent,1,95.0,75.85,75.8,74.0,73.6,80.0,1,91.29136363636364,0.5757754635805756,75.63999999999999
59a68963d64e99fb517afa3e2fc889f0,Novi Hakim,82,3,O,single,t,43.8058748403576,Excellent,1,100.0,83.85,85.6,83.9,85.9,80.0,1,92.17722222222224,0.602320211738427,84.13
60cf9c8362152fc176439ff3705b01c2,Hadi Kusumah,103,16,O,married,t,23.506874013973405,Need Improvement,0,69.36111111111111,83.0,79.9,78.1,84.0,90.0,1,65.57499999999999,0.7854601656219073,82.495
692c3619f5ebf8ec3c8ec55bab377fc7,Cahya Wijaya,67,8,O,married,t,33.07133198106829,Good,0,99.0,80.175,84.7,76.8,79.2,80.0,1,81.7025,0.6319504644098186,80.41
be2863a1d2ca0c2aa17267dcd583006e,Putri Cahyono,76,3,O,single,t,60.28566599053414,Excellent,1,86.75,77.6,79.3,74.4,76.7,80.0,1,100.255,0.4842398611434446,77.565
462e470e711325d7cdc82b6d594e5cd3,Putra Cahyono,81,15,O,married,t,40.584854631507774,Good,0,99.5,79.4,76.4,85.7,75.5,80.0,1,87.97,0.608581769099239,79.22
89053891f8c683c4cc73ca4320dc05d0,Zaki Nugroho,70,8,O,single,t,49.96619337390128,Excellent,0,97.5,77.375,73.0,77.2,79.3,80.0,1,94.69107142857143,0.5555630496840722,77.025
b51a13339c5266237db8d7366f653abc,Dewi Sinaga,82,2,O,married,t,47.09263015551048,Good,1,93.125,81.75,80.8,82.5,83.7,80.0,1,92.26250000000002,0.5961585644184186,81.78999999999999
4b257c277cd226d1e5ffb20188e3095b,Yudi Yulianto,78,4,O,married,t,27.27349560513861,Average,1,98.75,85.125,84.0,82.5,84.0,90.0,1,78.21249999999999,0.6425344001269596,84.825
0b763a330bd169adefd3dc1e275a84a4,Nita Suharto,72,0,O,single,t,40.70317782285328,Good,0,93.75,25.25,7.0,7.0,7.0,80.0,1,70.1,0.5209135332817336,21.6
5679c0f56318e6a48d6e4ac4898f54f4,Dian Tampubolon,82,3,O,single,t,43.8058748403576,Excellent,1,100.0,83.85,85.6,83.9,85.9,80.0,1,92.17722222222224,0.602320211738427,84.13
0d80cc5ef47d2f71d70f853e3c5751c7,Agus Simbolon,81,2,O,married,t,40.59800165276838,Average,0,95.0,74.725,79.5,73.3,76.1,70.0,1,85.2286111111111,0.6186685359921282,75.19999999999999
b8c5c939d9dfa67b909d8784dea6fcfb,Johan Tampubolon,69,6,O,single,t,39.1255352715799,Good,1,82.5,84.625,81.8,84.5,82.2,90.0,1,83.20416666666667,0.6807723259641008,84.215
bc8c9417593a091ecaa6499f411956ca,Gina Lubis,82,6,O,married,t,43.15569487983282,Good,1,86.0,85.225,85.6,80.6,84.7,90.0,1,87.84022727272728,0.6448536463287031,85.005
c7b82214d29d501c93fd328b63f079b4,Made Mahendra,82,4,O,married,t,47.37230315323622,Excellent,1,95.0,75.85,75.8,74.0,73.6,80.0,1,91.29136363636364,0.5757754635805756,75.63999999999999
0a92cbe8bbdf4df43193e1671b934bca,Oki Wahyudi,70,3,O,married,t,42.47802569303584,Good,1,62.114583333333336,77.875,75.8,76.2,79.5,80.0,1,77.896875,0.6761838412639591,77.66499999999999
e20624a9d9a5598204219a9117f95628,Hadi Adiputra,101,11,O,married,t,44.63514848910386,Average,0,100.0,81.9,76.8,80.9,79.9,90.0,1,92.29307692307692,0.5889762773903614,81.24000000000001
96c7c7a0e0339a87a3bcc04e38176a27,Sinta Wijaya,96,7,O,married,t,36.995717827360835,Excellent,0,75.0,84.475,81.5,83.7,82.7,90.0,1,79.10916666666667,0.7151664675574456,84.05
b0025966b5ba15e58beb567d0a6eddfc,Yanto Prabowo,101,3,O,single,t,43.54293441514537,Good,0,97.5,75.85,79.3,77.7,76.4,70.0,1,88.805,0.5979923185734806,76.315
5b29be5870f4f18600e2805ba4ab0154,Vina Darmawan,101,5,O,married,t,42.77838456337443,Good,1,90.83333333333331,87.15,88.0,86.6,84.0,90.0,1,89.54884615384616,0.6416953200912217,87.05
ef5a5b37b149f4d782ec191b6fae6902,Karina Ramadhan,66,4,O,married,t,29.55928452885857,Excellent,0,85.75,82.9,77.7,82.3,81.6,90.0,1,75.57681818181818,0.7013274024052004,82.285
d5746174175cd10395edfae28be0819b,Citra Utomo,101,2,O,single,t,43.826910074374574,Good,0,90.5,78.875,75.6,80.6,79.3,80.0,1,87.85249999999999,0.6187560899089909,78.655
7216e0554d69ec4b16d79ac2de7792c5,Lina Maulana,66,3,O,widow,t,28.215530243927812,Good,1,94.58333333333331,82.275,79.3,77.7,82.1,90.0,1,76.90365384615384,0.6566885236119455,81.74000000000001
0be55f56f44bd748d72b92d5e761cf35,Zahra Prasetyo,103,16,O,married,t,23.506874013973405,Need Improvement,0,69.36111111111111,83.0,79.9,78.1,84.0,90.0,1,65.57499999999999,0.7854601656219073,82.495
824bd5c6bdc39d2221c28c141a5f2309,Faisal Sugiarto,101,1,O,single,t,39.874915483434755,Average,0,78.57142857142857,13.0,4.0,5.0,3.0,40.0,1,61.17142857142857,0.5536085253508354,11.2
356fce90fe73d46b3a7adca67d743cb5,Haris Tampubolon,82,1,O,married,t,44.4895199459094,Good,0,95.83333333333331,22.5,6.0,7.0,7.0,70.0,1,73.1,0.4913680294343645,19.3
b046814358d91f3c6d7d3c1fdd4da792,Lestari Wibowo,81,2,O,single,t,41.846968672526486,Good,1,99.16666666666669,22.25,6.0,6.0,7.0,70.0,1,71.79166666666667,0.4941199911705015,19.05
715b01fac65ae3a65c06a775fbc33516,Bella Situmorang,82,3,O,single,t,44.5946961159943,Excellent,1,95.71428571428572,78.225,75.6,80.6,76.7,80.0,1,89.87067460317462,0.5973642395901668,78.005
bb92733b56007365180595e78e995b96,Aditya Suryanto,64,3,O,single,t,22.52873563218391,Good,1,88.75,86.225,85.6,80.6,88.7,90.0,1,71.5325,0.688466580028307,86.005
a138a123a5aa71eaa7eb835055334f37,Budi Sugiarto,101,8,O,married,t,43.32449160035366,Good,1,100.0,86.60000000000001,84.7,86.4,85.3,90.0,1,92.59538461538462,0.6047313823753581,86.33500000000001
6e480cf5a6834c6d3f33b933a151f9da,Johan Wibowo,82,1,O,married,t,45.199459093982426,Good,0,95.0,22.25,7.0,6.0,6.0,70.0,1,73.375,0.4885577763342684,19.1
e8d05487bf9525e818f2752128f8fd99,Fitri Hartono,82,13,O,married,t,37.99864773495605,Average,0,88.0,82.075,79.7,78.7,79.9,90.0,1,83.13678571428572,0.6632026756505265,81.56
eaf479f1b1cce9c7d24fdbf95d17ec53,Lina Saputra,82,4,O,married,t,46.33536173089926,Good,1,90.83333333333334,78.375,77.7,78.1,77.7,80.0,1,89.92250000000001,0.6005916151726776,78.25999999999999
4b5524a610de29c3ec794c0ca8487e6f,Haris Firmansyah,81,2,O,single,t,41.846968672526486,Good,1,99.16666666666669,22.25,6.0,6.0,7.0,70.0,1,71.79166666666667,0.4941199911705015,19.05
c8a36987e9a5304456de1b9af31e1b02,Hendra Suharto,101,6,O,married,f,39.17407811931139,Good,1,87.08333333333333,83.975,84.0,80.3,81.6,90.0,1,84.4251923076923,0.664819537638627,83.675
aa4d90f40b46b1dc1555c5b7f5a1113f,Yanto Wijaya,82,3,O,single,t,44.5946961159943,Excellent,1,95.71428571428572,78.225,75.6,80.6,76.7,80.0,1,89.87067460317462,0.5973642395901668,78.005
6690ebda88a431b69b3c432520747c1a,Rudi Nugraha,76,2,O,single,t,45.81473968897904,Excellent,0,98.18181818181816,79.825,77.6,82.4,79.3,80.0,1,92.12204545454544,0.5858903654485028,79.705
b8e693d75beec80650f22d9d02c2b079,Wati Wicaksono,82,3,O,single,t,43.8058748403576,Excellent,1,100.0,83.85,85.6,83.9,85.9,80.0,1,92.17722222222224,0.602320211738427,84.13
96ac7e22db4adf04cea9c2951d9e1f5d,Qori Maulana,78,5,O,married,t,34.96450304259635,Excellent,1,98.125,84.625,81.8,84.5,82.2,90.0,1,84.375,0.6400131818256962,84.215
1ba00b024b2672baae0e53283c7c2a96,Omar Adiputra,101,5,O,widow,t,40.63556457065585,Good,1,90.0,77.375,73.0,77.2,79.3,80.0,1,84.55535714285715,0.635371178736625,77.025
c4dcb07d05f85b0c20a7d74f00d01ff2,Karina Purnomo,101,3,O,single,t,43.54293441514537,Good,0,97.5,75.85,79.3,77.7,76.4,70.0,1,88.805,0.5979923185734806,76.315
f8b1d5b9260bce653a268d17f95f066d,Siska Utomo,67,4,O,married,t,15.382014874915484,Average,1,90.0,80.55,81.3,81.7,79.2,80.0,1,64.16499999999999,0.6480904472263742,80.615
55ee52b0c82bd295803e0fc3941a7eca,Mega Budiman,82,3,O,single,t,43.8058748403576,Excellent,1,100.0,83.85,85.6,83.9,85.9,80.0,1,92.17722222222224,0.602320211738427,84.13
49b505c92c959c9ba66c755e83371ad7,Fajar Santoso,70,8,O,single,t,49.96619337390128,Excellent,0,97.5,77.375,73.0,77.2,79.3,80.0,1,94.69107142857143,0.5555630496840722,77.025
c842677ff6b1c3e74fe6d53b1ad8f8b6,Hadi Pratama,66,4,O,single,t,31.56498673740053,Average,1,79.64285714285715,76.45,74.6,74.5,76.7,80.0,1,73.50478021978023,0.7101524376652055,76.17999999999999
78d5edbdb14031239fd445f6ce33d179,Fitri Hidayat,82,2,O,married,t,47.09263015551048,Good,1,93.125,81.75,80.8,82.5,83.7,80.0,1,92.26250000000002,0.5961585644184186,81.78999999999999
918f64bf5275bab8ac4d2b0fe5004e9c,Budi Kusumah,70,3,O,single,t,29.34415145368493,Need Improvement,1,91.25,83.275,85.2,82.6,85.3,80.0,1,77.1575,0.6805049883018516,83.535
fddc342037a5df44ad2dd9ce76b443cc,Vina Irawan,69,4,O,single,t,46.95064232589588,Excellent,1,96.66666666666669,70.95,69.3,67.8,66.7,80.0,1,89.965,0.563724178308501,70.41499999999999
98caf2a7509bac65d88ec2494bce2427,Rina Hartono,67,4,O,married,t,15.382014874915484,Average,1,90.0,80.55,81.3,81.7,79.2,80.0,1,64.16499999999999,0.6480904472263742,80.615
a6d8ed9f41b69d9c8af692738bd53ef1,Gina Nasution,69,6,O,single,t,39.1255352715799,Good,1,82.5,84.625,81.8,84.5,82.2,90.0,1,83.20416666666667,0.6807723259641008,84.215
8ff275855b019785f00b6facb611b654,Zaki Gunawan,70,3,O,single,t,29.34415145368493,Need Improvement,1,91.25,83.275,85.2,82.6,85.3,80.0,1,77.1575,0.6805049883018516,83.535
ee818d12c8190e3a20de909894f47785,Erna Wahyudi,101,8,O,married,t,43.32449160035366,Good,1,100.0,86.60000000000001,84.7,86.4,85.3,90.0,1,92.59538461538462,0.6047313823753581,86.33500000000001
303e264ea82b86fd37aaffc67a5c1d1d,Qori Nasution,101,6,O,married,f,39.17407811931139,Good,1,87.08333333333333,83.975,84.0,80.3,81.6,90.0,1,84.4251923076923,0.664819537638627,83.675
9463ea77812535daef178d1e3440b21f,Aditya Kurniawan,82,1,O,married,t,44.4895199459094,Good,0,95.83333333333331,22.5,6.0,7.0,7.0,70.0,1,73.1,0.4913680294343645,19.3
2aacc307ece728aa8864b1b8200105f9,Wati Wijaya,81,4,O,married,t,40.87528428299219,Average,0,85.0,75.85,75.8,74.0,73.6,80.0,1,82.80045454545454,0.6449690813914315,75.63999999999999
f2acb1a94496d7da4418f16dd754652a,Sari Prabowo,81,2,O,married,t,40.59800165276838,Average,0,95.0,74.725,79.5,73.3,76.1,70.0,1,85.2286111111111,0.6186685359921282,75.19999999999999
2ba2f5f8315da9a1836a519712eb7429,Ika Pratama,101,11,O,married,t,44.63514848910386,Average,0,100.0,81.9,76.8,80.9,79.9,90.0,1,92.29307692307692,0.5889762773903614,81.24000000000001
502027bcc8155d06ce99b1a296d3440e,Made Situmorang,70,8,O,single,t,49.96619337390128,Excellent,0,97.5,77.375,73.0,77.2,79.3,80.0,1,94.69107142857143,0.5555630496840722,77.025
3208a98bd06dfd48163d32aee7a57248,Umar Adiputra,78,4,O,married,t,27.27349560513861,Average,1,98.75,85.125,84.0,82.5,84.0,90.0,1,78.21249999999999,0.6425344001269596,84.825
e3f8384c8d9d046d798d24f4a8bc0d42,Umi Kusuma,81,2,O,single,t,41.846968672526486,Good,1,99.16666666666669,22.25,6.0,6.0,7.0,70.0,1,71.79166666666667,0.4941199911705015,19.05
3ae6068092282f0f8ecc0608bb18e6b2,Yanto Adiputra,78,4,O,married,t,39.362181654270906,Average,1,93.75,85.175,84.3,83.7,82.7,90.0,1,86.94416666666667,0.6449097695524991,84.89
3cd3cbd48308c5330b9ff23722fe27fd,Gilang Iskandar,66,4,O,single,t,31.56498673740053,Average,1,79.64285714285715,76.45,74.6,74.5,76.7,80.0,1,73.50478021978023,0.7101524376652055,76.17999999999999
90f44b9ea8ee815f9911ff9584e4b6ff,Faisal Harahap,78,5,O,married,t,34.96450304259635,Excellent,1,98.125,84.625,81.8,84.5,82.2,90.0,1,84.375,0.6400131818256962,84.215
8024b807e050c38396da01e3cff968eb,Zaki Pratama,78,4,O,married,t,39.362181654270906,Average,1,93.75,85.175,84.3,83.7,82.7,90.0,1,86.94416666666667,0.6449097695524991,84.89
fab0e8746d7079005c897bd0d1c4c0df,Candra Yulianto,69,6,O,single,t,39.1255352715799,Good,1,82.5,84.625,81.8,84.5,82.2,90.0,1,83.20416666666667,0.6807723259641008,84.215
b13257613476fd787e9995eb4114c539,Wati Susanto,101,6,O,married,t,42.81479169917305,Good,1,93.75,77.375,73.0,77.2,79.3,80.0,1,87.5221153846154,0.6114948813795626,77.025
9ecf91d13aab950b80030ac12ec3bc89,Lestari Adiputra,66,4,O,single,t,31.56498673740053,Average,1,79.64285714285715,76.45,74.6,74.5,76.7,80.0,1,73.50478021978023,0.7101524376652055,76.17999999999999
c42712e2eb220d482f77485300d55b21,Eko Pratama,66,4,O,single,t,31.56498673740053,Average,1,79.64285714285715,76.45,74.6,74.5,76.7,80.0,1,73.50478021978023,0.7101524376652055,76.17999999999999
59fc117dd60ddf10447c0eff9ed459be,Nita Sutanto,70,3,O,married,t,42.47802569303584,Good,1,62.114583333333336,77.875,75.8,76.2,79.5,80.0,1,77.896875,0.6761838412639591,77.66499999999999
576637ff9110d82eb7ce315a2b765e42,Qonita Sutanto,70,3,O,married,t,42.47802569303584,Good,1,62.114583333333336,77.875,75.8,76.2,79.5,80.0,1,77.896875,0.6761838412639591,77.66499999999999
16664930688ce18f941f97d4ae87130a,Sinta Suryanto,82,3,O,married,t,42.05024184740208,Good,1,90.625,86.1,84.0,86.4,84.0,90.0,1,88.55596153846153,0.6436509162708874,85.8
adee8353553f9bc8c89b9ceaaf5be731,Yudi Lubis,82,6,O,married,t,43.15569487983282,Good,1,86.0,85.225,85.6,80.6,84.7,90.0,1,87.84022727272728,0.6448536463287031,85.005
7a8302594aca1b91ace9ae4f4dcb3b7c,Dewi Firmansyah,78,3,O,married,t,27.38336713995943,Excellent,1,99.375,73.25,73.0,77.0,73.0,70.0,1,74.93035714285713,0.6212703189033932,73.4
4137b5fec4a2f534dbb3e27b00239c7c,Sinta Wijaya,101,8,O,married,t,43.32449160035366,Good,1,100.0,86.60000000000001,84.7,86.4,85.3,90.0,1,92.59538461538462,0.6047313823753581,86.33500000000001
b4c8fd1467c8b2952eba1d66fa42f337,Made Setiawan,78,4,O,married,t,27.27349560513861,Average,1,98.75,85.125,84.0,82.5,84.0,90.0,1,78.21249999999999,0.6425344001269596,84.825
6b49d9a82c511228e716a1345fcc2196,Lukman Irawan,81,2,O,single,t,41.846968672526486,Good,1,99.16666666666669,22.25,6.0,6.0,7.0,70.0,1,71.79166666666667,0.4941199911705015,19.05
2bc3840c49077dbac55f417253d840c0,Nanda Sasmita,78,4,O,married,t,39.362181654270906,Average,1,93.75,85.175,84.3,83.7,82.7,90.0,1,86.94416666666667,0.6449097695524991,84.89
65bbf364f4f42e4addc73236d61249f6,Reza Hakim,101,6,O,married,t,39.62136578769439,Good,1,90.0,85.225,85.6,80.6,84.7,90.0,1,86.05321428571429,0.6543779687539938,85.005
5905ba794a25dea504187c879dd8f6a0,Sari Wahyudi,82,4,O,married,t,47.37230315323622,Excellent,1,95.0,75.85,75.8,74.0,73.6,80.0,1,91.29136363636364,0.5757754635805756,75.63999999999999
35752e554544b3276749d64101a20af2,Nita Budiman,82,3,O,single,t,44.5946961159943,Excellent,1,95.71428571428572,78.225,75.6,80.6,76.7,80.0,1,89.87067460317462,0.5973642395901668,78.005
08f4e90d1050ac0e9fea0782c69ba31e,Zainal Rachman,82,4,O,married,t,100.0,Excellent,1,100.0,85.175,81.3,81.7,87.7,90.0,1,140.06678571428571,0.0722363372714792,84.74
213f0d77818086c84c43f41625b80d0b,Putri Kusuma,65,3,O,married,t,41.73581658368677,Excellent,1,92.5,87.125,85.0,85.7,87.8,90.0,1,89.16022727272727,0.6401479764926783,86.875
e934a0af758f400e411841393c22563a,Cahya Kusuma,81,4,O,married,t,40.87528428299219,Average,0,85.0,75.85,75.8,74.0,73.6,80.0,1,82.80045454545454,0.6449690813914315,75.63999999999999
f74152d3bf07b43bcbe236b45ae8e512,Zaki Mahendra,78,4,O,married,t,27.27349560513861,Average,1,98.75,85.125,84.0,82.5,84.0,90.0,1,78.21249999999999,0.6425344001269596,84.825
119ac0e05588926bf80ede9db5a0c83f,Vina Lubis,81,4,O,married,t,40.87528428299219,Average,0,85.0,75.85,75.8,74.0,73.6,80.0,1,82.80045454545454,0.6449690813914315,75.63999999999999
312182fdd484518f7f0cb8b51347370b,Wati Tampubolon,82,3,O,married,t,42.05024184740208,Good,1,90.625,86.1,84.0,86.4,84.0,90.0,1,88.55596153846153,0.6436509162708874,85.8
dacbea9b19719da8a5a641414f64a726,Umar Irawan,66,3,O,widow,t,28.215530243927812,Good,1,94.58333333333331,82.275,79.3,77.7,82.1,90.0,1,76.90365384615384,0.6566885236119455,81.74000000000001
41eadf4ed4b2e49deffb33b560d7e0cd,Haris Gunawan,82,4,O,married,t,38.03245436105477,Good,1,96.875,78.15,75.6,77.7,79.3,80.0,1,84.65035714285715,0.6247616656218029,77.92999999999999
d1585341fa0c5730f2103f0618c79234,Wulan Gunawan,69,4,O,single,t,46.95064232589588,Excellent,1,96.66666666666669,70.95,69.3,67.8,66.7,80.0,1,89.965,0.563724178308501,70.41499999999999
ae0be2b63c5e7d14cfdc914f0075433e,Zahra Lubis,82,4,O,married,t,100.0,Excellent,1,100.0,85.175,81.3,81.7,87.7,90.0,1,140.06678571428571,0.0722363372714792,84.74
e8e4ca6d9a9dfcf0fb9f42491cbbe133,Dian Rachman,63,7,O,widow,t,27.721433400946587,Need Improvement,0,90.0,86.60000000000001,84.7,86.4,85.3,90.0,1,76.40857142857143,0.6884958479655626,86.33500000000001
12a458eb15801bd6c8c8ef59acae2f1a,Zainal Saputra,66,4,O,single,t,31.56498673740053,Average,1,79.64285714285715,76.45,74.6,74.5,76.7,80.0,1,73.50478021978023,0.7101524376652055,76.17999999999999
edd5ddbbb3ab4918f8fa8d5e478ccc6d,Novi Firmansyah,70,3,O,single,t,43.95706558485463,Excellent,1,100.0,84.625,82.5,83.9,82.1,90.0,1,92.5375,0.5972830266202477,84.25
1bdce342cdb48a84d043e5406d4fb0c4,Umi Hidayat,101,6,O,married,f,39.17407811931139,Good,1,87.08333333333333,83.975,84.0,80.3,81.6,90.0,1,84.4251923076923,0.664819537638627,83.675
4354b2e30129b77f53f9eacddec32733,Joko Harahap,69,6,O,single,t,39.1255352715799,Good,1,82.5,84.625,81.8,84.5,82.2,90.0,1,83.20416666666667,0.6807723259641008,84.215
2062c4641e960ca73c627bbf4d553f73,Zahra Kusumah,101,3,O,single,t,43.54293441514537,Good,0,97.5,75.85,79.3,77.7,76.4,70.0,1,88.805,0.5979923185734806,76.315
6f196432f015eec1fd75b5888e9e6365,Made Pratama,101,1,O,single,t,39.874915483434755,Average,0,78.57142857142857,13.0,4.0,5.0,3.0,40.0,1,61.17142857142857,0.5536085253508354,11.2
f1b776fee544dff37fcac43c73752117,Yoga Wahyudi,103,16,O,married,t,23.506874013973405,Need Improvement,0,69.36111111111111,83.0,79.9,78.1,84.0,90.0,1,65.57499999999999,0.7854601656219073,82.495
baa7cc9cd87293136efdf8c848f061b3,Jaya Sanjaya,65,3,O,married,t,41.73581658368677,Excellent,1,92.5,87.125,85.0,85.7,87.8,90.0,1,89.16022727272727,0.6401479764926783,86.875
3e107b5b31055264463b9dac98de4e64,Fitri Suharto,78,4,O,married,t,39.362181654270906,Average,1,93.75,85.175,84.3,83.7,82.7,90.0,1,86.94416666666667,0.6449097695524991,84.89
a6bb5f7d8b7a0d74ca4ada09f5bc1eb7,Budi Suharto,78,4,O,married,t,27.27349560513861,Average,1,98.75,85.125,84.0,82.5,84.0,90.0,1,78.21249999999999,0.6425344001269596,84.825
d3e9cade33cc4d424e5b05f8ee7cea46,Made Siregar,64,3,O,single,t,22.52873563218391,Good,1,88.75,86.225,85.6,80.6,88.7,90.0,1,71.5325,0.688466580028307,86.005
dcbb8026d69777c2a22ce57a2c0a3e58,Yanto Saputra,82,4,O,married,t,38.03245436105477,Good,1,96.875,78.15,75.6,77.7,79.3,80.0,1,84.65035714285715,0.6247616656218029,77.92999999999999
8b0f5dfb75a5d5fd1bdd1f71998c7bc4,Sari Wijaya,101,1,O,single,t,39.874915483434755,Average,0,78.57142857142857,13.0,4.0,5.0,3.0,40.0,1,61.17142857142857,0.5536085253508354,11.2
bbb9e88a57854cf82893d5328b4425e7,Faisal Sugiarto,81,2,O,single,t,41.846968672526486,Good,1,99.16666666666669,22.25,6.0,6.0,7.0,70.0,1,71.79166666666667,0.4941199911705015,19.05
87b83ca1e20f22b35bd6f1214454ae1b,Dian Mahendra,81,4,O,married,t,40.87528428299219,Average,0,85.0,75.85,75.8,74.0,73.6,80.0,1,82.80045454545454,0.6449690813914315,75.63999999999999
a3b28ac49eb87137b9bb1c3676592213,Faisal Suryanto,81,2,O,single,t,41.846968672526486,Good,1,99.16666666666669,22.25,6.0,6.0,7.0,70.0,1,71.79166666666667,0.4941199911705015,19.05
e8808e8c1206a77285cb0539259b9049,Eko Harahap,66,4,O,married,t,29.55928452885857,Excellent,0,85.75,82.9,77.7,82.3,81.6,90.0,1,75.57681818181818,0.7013274024052004,82.285
85ef411f37bc47eb4a6063e827bd5e99,Maya Lubis,67,4,O,married,t,15.382014874915484,Average,1,90.0,80.55,81.3,81.7,79.2,80.0,1,64.16499999999999,0.6480904472263742,80.615
a2555b75529cdce4fadf2ec81ca162ad,Joko Cahyono,101,15,O,married,t,40.190443993689435,Good,0,97.5,85.625,84.0,84.5,84.0,90.0,1,88.90416666666667,0.6284972490256882,85.325
b1db42e55c34e9fb701f334fc04da1a1,Lestari Sutanto,101,5,O,married,t,46.455505279034696,Excellent,1,100.0,75.85,79.3,77.7,76.4,70.0,1,92.01653846153846,0.5738525255163816,76.315
e64ab574463ac586bbfad7b61557f4c4,Lukman Nugroho,67,4,O,married,t,15.382014874915484,Average,1,90.0,80.55,81.3,81.7,79.2,80.0,1,64.16499999999999,0.6480904472263742,80.615
70f9195d014ea1273849bcbb30c01d2d,Aditya Rachman,82,3,O,single,t,44.5946961159943,Excellent,1,95.71428571428572,78.225,75.6,80.6,76.7,80.0,1,89.87067460317462,0.5973642395901668,78.005
ed6ae7d1889a7f77069938ff42536b69,Qonita Hakim,72,0,O,single,t,40.70317782285328,Good,0,93.75,25.25,7.0,7.0,7.0,80.0,1,70.1,0.5209135332817336,21.6
d14ba24d486bb0336f10ba211e1e2fce,Bayu Tampubolon,65,3,O,married,t,41.73581658368677,Excellent,1,92.5,87.125,85.0,85.7,87.8,90.0,1,89.16022727272727,0.6401479764926783,86.875
d4534bc2fa199a66351f1b1d6ab3d178,Agus Sasmita,69,4,O,single,t,46.95064232589588,Excellent,1,96.66666666666669,70.95,69.3,67.8,66.7,80.0,1,89.965,0.563724178308501,70.41499999999999
3ba602fbcecffc3a7db47b56412d34f5,Lestari Permana,72,5,O,single,t,39.865813699485095,Good,0,86.66666666666666,73.25,73.0,77.0,73.0,70.0,1,81.66730769230769,0.6435741314216887,73.4
feaa00f2c7755792251df39608f0628b,Vina Harahap,101,5,O,widow,t,40.63556457065585,Good,1,90.0,77.375,73.0,77.2,79.3,80.0,1,84.55535714285715,0.635371178736625,77.025
6d74cc7ccd6c1a67790862b96a231877,Tono Kurniawan,82,6,O,married,t,43.15569487983282,Good,1,86.0,85.225,85.6,80.6,84.7,90.0,1,87.84022727272728,0.6448536463287031,85.005
cace59cbd091022d2f27d73e13dba6bb,Zainal Kurniawan,78,4,O,married,t,39.362181654270906,Average,1,93.75,85.175,84.3,83.7,82.7,90.0,1,86.94416666666667,0.6449097695524991,84.89
ad98773cee3abdaa2832f8e26934e6eb,Candra Kusuma,66,4,O,married,t,29.55928452885857,Excellent,0,85.75,82.9,77.7,82.3,81.6,90.0,1,75.57681818181818,0.7013274024052004,82.285
9f3a033f5717456785b705272b7c8bf9,Intan Harahap,101,3,O,single,t,43.54293441514537,Good,0,97.5,75.85,79.3,77.7,76.4,70.0,1,88.805,0.5979923185734806,76.315
b27885f4a44c2a31417563c5427d8da1,Eko Sugiarto,66,4,O,single,t,31.56498673740053,Average,1,79.64285714285715,76.45,74.6,74.5,76.7,80.0,1,73.50478021978023,0.7101524376652055,76.17999999999999
f99957cc82b1932e1cac6ade46428244,Mega Ramadhan,65,3,O,married,t,41.73581658368677,Excellent,1,92.5,87.125,85.0,85.7,87.8,90.0,1,89.16022727272727,0.6401479764926783,86.875
702dad51a51a7cadf4e1ad13af8145d1,Cahya Gunawan,69,4,O,married,f,36.79851250845166,Average,1,75.0,75.85,79.3,77.7,76.4,70.0,1,76.355,0.7047018299087188,76.315
776d7392109987dece05f42ea2c37d10,Zahra Sutanto,82,6,O,married,t,43.15569487983282,Good,1,86.0,85.225,85.6,80.6,84.7,90.0,1,87.84022727272728,0.6448536463287031,85.005
be8ab3c712e54dba5e5a666310abb1f1,Fajar Kurniawan,78,5,O,married,t,34.96450304259635,Excellent,1,98.125,84.625,81.8,84.5,82.2,90.0,1,84.375,0.6400131818256962,84.215
826a06a4d1e2ad51428a71e24dfa3056,Ika Prasetyo,70,3,O,single,t,29.34415145368493,Need Improvement,1,91.25,83.275,85.2,82.6,85.3,80.0,1,77.1575,0.6805049883018516,83.535
91c91477cddda71b3b284845c49d5b91,Bayu Harahap,101,5,O,married,t,46.455505279034696,Excellent,1,100.0,75.85,79.3,77.7,76.4,70.0,1,92.01653846153846,0.5738525255163816,76.315
d39fb65619d97a773b8d3fde8be8b871,Kartika Nasution,101,3,O,single,t,43.54293441514537,Good,0,97.5,75.85,79.3,77.7,76.4,70.0,1,88.805,0.5979923185734806,76.315
59c2163b9593a3318f4f61f22b02de30,Pramono Maulana,101,5,O,married,t,46.455505279034696,Excellent,1,100.0,75.85,79.3,77.7,76.4,70.0,1,92.01653846153846,0.5738525255163816,76.315
0894be8cd94d42a48b143fb0017574ef,Vina Setiawan,82,1,O,married,t,44.4895199459094,Good,0,95.83333333333331,22.5,6.0,7.0,7.0,70.0,1,73.1,0.4913680294343645,19.3
f00d50fb8ac76408a6956c1f7973f398,Aditya Lubis,82,1,O,married,t,41.88640973630832,Good,0,91.25,23.0,8.0,7.0,7.0,70.0,1,69.675,0.5237280674827629,19.9
5fc7f063caba5226c7e0fe14a9553c49,Lina Kusumah,82,3,O,single,t,43.8058748403576,Excellent,1,100.0,83.85,85.6,83.9,85.9,80.0,1,92.17722222222224,0.602320211738427,84.13
5736050edcf2e6ff2b189069e88e632d,Lukman Sugiarto,101,6,O,married,f,39.17407811931139,Good,1,87.08333333333333,83.975,84.0,80.3,81.6,90.0,1,84.4251923076923,0.664819537638627,83.675
ea6cd8e741046a0e160bcc9ca416ec08,Joko Irawan,81,4,O,married,t,40.87528428299219,Average,0,85.0,75.85,75.8,74.0,73.6,80.0,1,82.80045454545454,0.6449690813914315,75.63999999999999
0ebe341e811be001caae4550e7a45b68,Yanto Ramadhan,101,8,O,married,t,43.32449160035366,Good,1,100.0,86.60000000000001,84.7,86.4,85.3,90.0,1,92.59538461538462,0.6047313823753581,86.33500000000001
35a89c7f972ec3872a7c250694f095fc,Zainal Suharto,67,8,O,married,t,33.07133198106829,Good,0,99.0,80.175,84.7,76.8,79.2,80.0,1,81.7025,0.6319504644098186,80.41
166657ddc785c8b0ac6ac897d227358a,Bayu Hidayat,64,4,O,married,t,34.11088573360379,Good,1,98.75,76.25,73.6,73.7,77.7,80.0,1,81.32857142857142,0.6234328977434571,75.92999999999999
ace3cd0df1700646863cc33a983c1deb,Elsa Kusuma,78,5,O,married,t,34.96450304259635,Excellent,1,98.125,84.625,81.8,84.5,82.2,90.0,1,84.375,0.6400131818256962,84.215
c4f4af49f4a9c5cca71e551b4777d57d,Rina Sinaga,66,4,O,single,t,31.56498673740053,Average,1,79.64285714285715,76.45,74.6,74.5,76.7,80.0,1,73.50478021978023,0.7101524376652055,76.17999999999999
ba2b44ec962d8563721f183f5ef3e1a4,Yanto Yulianto,70,8,O,single,t,49.96619337390128,Excellent,0,97.5,77.375,73.0,77.2,79.3,80.0,1,94.69107142857143,0.5555630496840722,77.025
7b999d56d6d91ca2aa3a5415521d3ceb,Citra Tampubolon,70,8,O,single,t,49.96619337390128,Excellent,0,97.5,77.375,73.0,77.2,79.3,80.0,1,94.69107142857143,0.5555630496840722,77.025
1f300bb9de90fbe2393a6408e70c8f33,Tari Purnomo,72,0,O,single,t,40.70317782285328,Good,0,93.75,25.25,7.0,7.0,7.0,80.0,1,70.1,0.5209135332817336,21.6
a3eeb94b5f5642415f65735030759b05,Zainal Ramadhan,66,4,O,single,t,31.56498673740053,Average,1,79.64285714285715,76.45,74.6,74.5,76.7,80.0,1,73.50478021978023,0.7101524376652055,76.17999999999999
ad4c407a4392a0850df408aa8634e07a,Bella Wibowo,63,7,O,widow,t,27.721433400946587,Need Improvement,0,90.0,86.60000000000001,84.7,86.4,85.3,90.0,1,76.40857142857143,0.6884958479655626,86.33500000000001
132f1b80cc75f5fe82181476739a0715,Taufik Siregar,78,4,O,married,t,27.27349560513861,Average,1,98.75,85.125,84.0,82.5,84.0,90.0,1,78.21249999999999,0.6425344001269596,84.825
f1907dc38bd339392e80aaccbf481d94,Lina Adiputra,81,2,O,single,t,41.846968672526486,Good,1,99.16666666666669,22.25,6.0,6.0,7.0,70.0,1,71.79166666666667,0.4941199911705015,19.05
c80c818020d607510dc2b011cf056703,Mega Hermawan,66,4,O,single,t,38.599654421155435,Good,1,98.33333333333331,75.85,79.3,77.7,76.4,70.0,1,84.87722222222222,0.6173696448488077,76.315
6e1d5841a43f61dfa039745a08fb9ed3,Putri Maulana,101,5,O,widow,t,40.63556457065585,Good,1,90.0,77.375,73.0,77.2,79.3,80.0,1,84.55535714285715,0.635371178736625,77.025
9d694351f288aa08b953d63ce87118d9,Dian Susanto,82,13,O,married,t,37.99864773495605,Average,0,88.0,82.075,79.7,78.7,79.9,90.0,1,83.13678571428572,0.6632026756505265,81.56
fd73b03fb29e4c37d666150762d8efcb,Fajar Purnomo,63,0,O,single,t,88.66351138156415,Good,0,87.5,22.5,6.0,7.0,7.0,70.0,1,107.93333333333337,0.0954043516371321,19.3
31eeebca50b7a19a9b25ad98b43d8755,Vina Prasetyo,72,0,O,single,t,40.70317782285328,Good,0,93.75,25.25,7.0,7.0,7.0,80.0,1,70.1,0.5209135332817336,21.6
497947d2a8348404e64dfdadbe61250d,Qori Pratama,75,3,O,single,t,45.30702563156924,Excellent,1,93.25,85.075,81.8,84.5,84.0,90.0,1,91.78840909090908,0.6131868989134723,84.66499999999999
c622eeffe9d2c6c6fa7c124d72b59291,Cahya Rachman,101,11,O,married,t,44.63514848910386,Average,0,100.0,81.9,76.8,80.9,79.9,90.0,1,92.29307692307692,0.5889762773903614,81.24000000000001
1cde61c14b03b1ed29914d74380d27c0,Wulan Kurniawan,82,13,O,married,t,38.045456909554275,Good,0,91.07142857142856,15.0,0.0,0.0,0.0,60.0,1,63.97527472527472,0.5448819020106603,12.0
aa677bbc6c5e1dca9c9ec0dcea3b83a4,Eko Sasmita,72,0,O,single,t,40.70317782285328,Good,0,93.75,25.25,7.0,7.0,7.0,80.0,1,70.1,0.5209135332817336,21.6
9c9baeefc3745d37edd74ced93eebe70,Vera Nugraha,101,6,O,married,t,39.62136578769439,Good,1,90.0,85.225,85.6,80.6,84.7,90.0,1,86.05321428571429,0.6543779687539938,85.005
5e9f5e9fd058a84afd9a0a826c750e2d,Qonita Hermawan,82,6,O,married,t,43.15569487983282,Good,1,86.0,85.225,85.6,80.6,84.7,90.0,1,87.84022727272728,0.6448536463287031,85.005
d9199dde14aa12d68d4ff3db297ac119,Andi Situmorang,63,7,O,widow,t,27.721433400946587,Need Improvement,0,90.0,86.60000000000001,84.7,86.4,85.3,90.0,1,76.40857142857143,0.6884958479655626,86.33500000000001
3db0c9406da3564bdd6402eceb3b9242,Putra Kurniawan,72,5,O,single,t,39.865813699485095,Good,0,86.66666666666666,73.25,73.0,77.0,73.0,70.0,1,81.66730769230769,0.6435741314216887,73.4
baedb32f5414f16bd8755a1418319434,Bayu Pratama,77,14,O,married,t,43.424611223799864,Good,1,90.0,79.57499999999999,80.1,79.8,78.4,80.0,1,87.57249999999999,0.6250051265782522,79.58
e6069ff38618102a6da9753d3525e778,Lina Wicaksono,81,2,O,married,t,40.59800165276838,Average,0,95.0,74.725,79.5,73.3,76.1,70.0,1,85.2286111111111,0.6186685359921282,75.19999999999999
fbcd08dca66c777ed5cd5ffca929a721,Andi Mahendra,65,3,O,married,t,41.73581658368677,Excellent,1,92.5,87.125,85.0,85.7,87.8,90.0,1,89.16022727272727,0.6401479764926783,86.875
fad03fe20b5bbe1783e28d5cdc6da3ed,Gita Maulana,70,12,O,married,t,39.51994590939824,Excellent,0,82.5,85.625,84.0,84.5,84.0,90.0,1,83.8375,0.6812153250523459,85.325
d7a89539ab86a2793f1cbc082ab4b368,Elsa Situmorang,78,4,O,married,t,39.362181654270906,Average,1,93.75,85.175,84.3,83.7,82.7,90.0,1,86.94416666666667,0.6449097695524991,84.89
1a83db38942f45c686d36c92c94784e2,Agus Prabowo,82,6,O,married,t,43.15569487983282,Good,1,86.0,85.225,85.6,80.6,84.7,90.0,1,87.84022727272728,0.6448536463287031,85.005
936cdfd36786c39ac652da74ab8884e3,Zaki Hidayat,65,3,O,married,t,41.73581658368677,Excellent,1,92.5,87.125,85.0,85.7,87.8,90.0,1,89.16022727272727,0.6401479764926783,86.875
4111dde23547ae4c71219c006ab5c119,Vino Sinaga,69,4,O,single,t,46.95064232589588,Excellent,1,96.66666666666669,70.95,69.3,67.8,66.7,80.0,1,89.965,0.563724178308501,70.41499999999999
2deecbfde20ff1a394c77959fa578cb0,Elsa Lubis,81,2,O,single,t,41.846968672526486,Good,1,99.16666666666669,22.25,6.0,6.0,7.0,70.0,1,71.79166666666667,0.4941199911705015,19.05
4b3d9d9d053460480cb45b361fec6867,Zaki Harahap,69,6,O,single,t,39.1255352715799,Good,1,82.5,84.625,81.8,84.5,82.2,90.0,1,83.20416666666667,0.6807723259641008,84.215
5203056621485bd9a7189482e6562b63,Wawan Simbolon,82,6,O,married,t,43.15569487983282,Good,1,86.0,85.225,85.6,80.6,84.7,90.0,1,87.84022727272728,0.6448536463287031,85.005
035db325d6b276d6c312a3c06c188ee4,Wulan Darmawan,103,16,O,married,t,23.506874013973405,Need Improvement,0,69.36111111111111,83.0,79.9,78.1,84.0,90.0,1,65.57499999999999,0.7854601656219073,82.495
498f95867f2572506b6686fd882f4872,Citra Gunawan,82,1,O,married,t,45.199459093982426,Good,0,95.0,22.25,7.0,6.0,6.0,70.0,1,73.375,0.4885577763342684,19.1
ee61f3a0a41d949efff1e9faefc897dc,Vina Sutanto,101,2,O,single,t,43.826910074374574,Good,0,90.5,78.875,75.6,80.6,79.3,80.0,1,87.85249999999999,0.6187560899089909,78.655
95f16c10e354ab913f511fc6115596f4,Jaya Budiman,69,6,O,single,t,39.1255352715799,Good,1,82.5,84.625,81.8,84.5,82.2,90.0,1,83.20416666666667,0.6807723259641008,84.215
c47e85546df53b52a8411d3074f7c4d8,Eko Kurniawan,75,3,O,single,t,45.30702563156924,Excellent,1,93.25,85.075,81.8,84.5,84.0,90.0,1,91.78840909090908,0.6131868989134723,84.66499999999999
77d5ce58991c038f6b20f697d1e175d9,Agus Wibowo,69,6,O,single,t,39.1255352715799,Good,1,82.5,84.625,81.8,84.5,82.2,90.0,1,83.20416666666667,0.6807723259641008,84.215
8d0e6b5b30cd58e9013a5f279f5f0d8a,Lina Purnomo,78,4,O,married,t,27.27349560513861,Average,1,98.75,85.125,84.0,82.5,84.0,90.0,1,78.21249999999999,0.6425344001269596,84.825
6d74343991dc1ef37f35047003d81ae6,Novi Budiman,82,3,O,single,t,44.5946961159943,Excellent,1,95.71428571428572,78.225,75.6,80.6,76.7,80.0,1,89.87067460317462,0.5973642395901668,78.005
be8af4aac7cee32dce89491f5b21028d,Putra Wahyudi,82,4,O,married,t,46.33536173089926,Good,1,90.83333333333334,78.375,77.7,78.1,77.7,80.0,1,89.92250000000001,0.6005916151726776,78.25999999999999
9e2d85c4f62eadebf8a00967c548cf93,Gita Adiputra,70,12,O,married,t,39.51994590939824,Excellent,0,82.5,85.625,84.0,84.5,84.0,90.0,1,83.8375,0.6812153250523459,85.325
e0fd7f4d57d6a1d7c030e0c3367162dc,Ulfa Lubis,81,2,O,single,t,41.846968672526486,Good,1,99.16666666666669,22.25,6.0,6.0,7.0,70.0,1,71.79166666666667,0.4941199911705015,19.05
6e8225fb5febe8e50eb7df4ce99d08fc,Fitri Rachman,70,8,O,single,t,49.96619337390128,Excellent,0,97.5,77.375,73.0,77.2,79.3,80.0,1,94.69107142857143,0.5555630496840722,77.025
eeae74601ce01a37bca4c96d819b25b6,Taufik Permana,101,5,O,widow,t,40.63556457065585,Good,1,90.0,77.375,73.0,77.2,79.3,80.0,1,84.55535714285715,0.635371178736625,77.025
1010cd73028b0e35043b671d89565d64,Olivia Gunawan,82,3,O,married,t,42.05024184740208,Good,1,90.625,86.1,84.0,86.4,84.0,90.0,1,88.55596153846153,0.6436509162708874,85.8
0c8cc340e0dd72d9167228ec97ff34c6,Indra Gunawan,78,4,O,married,t,39.362181654270906,Average,1,93.75,85.175,84.3,83.7,82.7,90.0,1,86.94416666666667,0.6449097695524991,84.89
65d0ead75304b202375a8c2d477ef88b,Dian Permana,81,4,O,married,t,40.87528428299219,Average,0,85.0,75.85,75.8,74.0,73.6,80.0,1,82.80045454545454,0.6449690813914315,75.63999999999999
81410b3ad08a7f255bd1a9ccc9f00b83,Bella Nugraha,82,3,O,single,t,43.8058748403576,Excellent,1,100.0,83.85,85.6,83.9,85.9,80.0,1,92.17722222222224,0.602320211738427,84.13
d2c7ac40d84c4ebc3cc1182a7c8187ca,Yoga Firmansyah,81,4,O,married,t,40.87528428299219,Average,0,85.0,75.85,75.8,74.0,73.6,80.0,1,82.80045454545454,0.6449690813914315,75.63999999999999
73c3a5968b5d66fcb552021c3c785a75,Umi Sutanto,82,13,O,married,t,30.56118999323867,Good,0,91.5,83.0,79.9,78.1,84.0,90.0,1,78.17857142857142,0.6734120426630048,82.495
64715038255069b230ddfe68f28cfd1f,Vina Hermawan,75,3,O,single,t,45.30702563156924,Excellent,1,93.25,85.075,81.8,84.5,84.0,90.0,1,91.78840909090908,0.6131868989134723,84.66499999999999
bf0c120a5c5c490ecbad7f5b6aeb8ac4,Bella Siregar,101,5,O,married,t,46.018619649451296,Good,1,97.08333333333331,77.375,73.0,77.2,79.3,80.0,1,91.2298076923077,0.5826787312493735,77.025
9d42b331164f000155e9611c2cfd7ee3,Lina Utomo,82,3,O,married,t,42.05024184740208,Good,1,90.625,86.1,84.0,86.4,84.0,90.0,1,88.55596153846153,0.6436509162708874,85.8
28ca154bedffa96d3a5152a985e52f60,Yudi Darmawan,63,0,O,single,t,88.66351138156415,Good,0,87.5,22.5,6.0,7.0,7.0,70.0,1,107.93333333333337,0.0954043516371321,19.3
99fc96ede6284d24f2dcd94569998c41,Johan Hermawan,82,6,O,married,t,43.15569487983282,Good,1,86.0,85.225,85.6,80.6,84.7,90.0,1,87.84022727272728,0.6448536463287031,85.005
d1390a5474e32c13c79ea4eead1630f5,Gilang Hakim,101,1,O,single,t,39.874915483434755,Average,0,78.57142857142857,13.0,4.0,5.0,3.0,40.0,1,61.17142857142857,0.5536085253508354,11.2
f6f4bb9b5c6f971316debc87fd873259,Ulfa Prabowo,66,4,O,single,t,31.56498673740053,Average,1,79.64285714285715,76.45,74.6,74.5,76.7,80.0,1,73.50478021978023,0.7101524376652055,76.17999999999999
5810155b5c7671b5d8a5ed19dfe56900,Elsa Sanjaya,101,6,O,married,t,42.81479169917305,Good,1,93.75,77.375,73.0,77.2,79.3,80.0,1,87.5221153846154,0.6114948813795626,77.025
eae8a2ae748c819f576a626e5ca35504,Wawan Lubis,69,6,O,single,t,39.1255352715799,Good,1,82.5,84.625,81.8,84.5,82.2,90.0,1,83.20416666666667,0.6807723259641008,84.215
cf976c634977c4b86fab7eef85c26c20,Karina Darmawan,81,15,O,married,t,40.584854631507774,Good,0,99.5,79.4,76.4,85.7,75.5,80.0,1,87.97,0.608581769099239,79.22
7b9dd194f7a5b80b251c3328fe4d0ce0,Tono Kusuma,69,4,O,single,t,46.95064232589588,Excellent,1,96.66666666666669,70.95,69.3,67.8,66.7,80.0,1,89.965,0.563724178308501,70.41499999999999
82d622b6f180a5419b256989d4409a0a,Bella Gunawan,76,3,O,single,t,60.28566599053414,Excellent,1,86.75,77.6,79.3,74.4,76.7,80.0,1,100.255,0.4842398611434446,77.565
cdb6b8f5057e2c3bc87910423c7982c0,Cahya Utomo,82,2,O,married,t,47.09263015551048,Good,1,93.125,81.75,80.8,82.5,83.7,80.0,1,92.26250000000002,0.5961585644184186,81.78999999999999
cc6382b939b2cf66c0b5bb492a4aa80a,Bayu Nugraha,101,5,O,widow,t,40.63556457065585,Good,1,90.0,77.375,73.0,77.2,79.3,80.0,1,84.55535714285715,0.635371178736625,77.025
cee5b9db1d01238291f6db76acde38d9,Lina Maulana,66,4,O,single,t,31.56498673740053,Average,1,79.64285714285715,76.45,74.6,74.5,76.7,80.0,1,73.50478021978023,0.7101524376652055,76.17999999999999
e76522946193154871794de78d5f2f90,Wawan Tampubolon,82,4,O,married,t,47.37230315323622,Excellent,1,95.0,75.85,75.8,74.0,73.6,80.0,1,91.29136363636364,0.5757754635805756,75.63999999999999
fcbac41d62c7c3f8437acd8106c5826f,Joko Mahendra,65,1,O,married,t,23.2702276312824,Good,0,92.0,77.5,76.5,80.0,83.5,70.0,1,70.51666666666667,0.6636704107685549,77.825
3f4f7707ddb3aae088f02ce0db9e1cd8,Fajar Purnomo,101,6,O,married,t,42.81479169917305,Good,1,93.75,77.375,73.0,77.2,79.3,80.0,1,87.5221153846154,0.6114948813795626,77.025
4df454b676f71cb010c1cdc2a9914c7a,Kartika Rachman,65,1,O,married,t,23.2702276312824,Good,0,92.0,77.5,76.5,80.0,83.5,70.0,1,70.51666666666667,0.6636704107685549,77.825
2281115515bf9dd11af6bc5188b4d072,Gina Prabowo,67,8,O,married,t,33.07133198106829,Good,0,99.0,80.175,84.7,76.8,79.2,80.0,1,81.7025,0.6319504644098186,80.41
03c411407d0ea745b52f638570106107,Taufik Firmansyah,82,4,O,married,t,38.03245436105477,Good,1,96.875,78.15,75.6,77.7,79.3,80.0,1,84.65035714285715,0.6247616656218029,77.92999999999999
3da51e999928a08e57b6ca51cfce1f02,Aditya Susanto,81,2,O,single,t,41.846968672526486,Good,1,99.16666666666669,22.25,6.0,6.0,7.0,70.0,1,71.79166666666667,0.4941199911705015,19.05
e4181934d8100a124b8cbdab6f606c18,Taufik Lubis,82,2,O,married,t,47.09263015551048,Good,1,93.125,81.75,80.8,82.5,83.7,80.0,1,92.26250000000002,0.5961585644184186,81.78999999999999
b0c603698f0711056583586c5ecb893e,Aditya Budiman,82,1,O,married,t,44.4895199459094,Good,0,95.83333333333331,22.5,6.0,7.0,7.0,70.0,1,73.1,0.4913680294343645,19.3
4a0462fbb39326bd6d28ce79827b0dd9,Siska Susanto,101,5,O,widow,t,40.63556457065585,Good,1,90.0,77.375,73.0,77.2,79.3,80.0,1,84.55535714285715,0.635371178736625,77.025
ada565aa3b4e458e2646fdadd4d07d40,Zahra Yulianto,70,8,O,single,t,49.96619337390128,Excellent,0,97.5,77.375,73.0,77.2,79.3,80.0,1,94.69107142857143,0.5555630496840722,77.025
f4f3d70a05e263361cb05051676a170c,Vino Kurniawan,75,3,O,single,t,45.30702563156924,Excellent,1,93.25,85.075,81.8,84.5,84.0,90.0,1,91.78840909090908,0.6131868989134723,84.66499999999999
37326efe486836664e79ad8405c55a39,Mega Budiman,81,2,O,single,t,41.846968672526486,Good,1,99.16666666666669,22.25,6.0,6.0,7.0,70.0,1,71.79166666666667,0.4941199911705015,19.05
bdaa875c58fd0f4fcb84cda8902cab15,Mega Lubis,67,4,O,married,t,15.382014874915484,Average,1,90.0,80.55,81.3,81.7,79.2,80.0,1,64.16499999999999,0.6480904472263742,80.615
4f2f78e9f3f2897f5ac3a6740f4f0b71,Nita Ramadhan,65,3,O,married,t,41.73581658368677,Excellent,1,92.5,87.125,85.0,85.7,87.8,90.0,1,89.16022727272727,0.6401479764926783,86.875
167e818abfdb68cb90117e727576dca8,Ika Nasution,66,4,O,single,t,31.56498673740053,Average,1,79.64285714285715,76.45,74.6,74.5,76.7,80.0,1,73.50478021978023,0.7101524376652055,76.17999999999999
ac4dfa6f5eb2ae38ad388873d234dd9a,Lestari Prasetyo,67,8,O,married,t,33.07133198106829,Good,0,99.0,80.175,84.7,76.8,79.2,80.0,1,81.7025,0.6319504644098186,80.41
05c26ac8ea55e678cbd52d46cdf74d0f,Bella Purnomo,78,4,O,married,t,39.362181654270906,Average,1,93.75,85.175,84.3,83.7,82.7,90.0,1,86.94416666666667,0.6449097695524991,84.89
e7d0e88d25727f7663bdffe84f835615,Budi Cahyono,65,1,O,married,t,23.2702276312824,Good,0,92.0,77.5,76.5,80.0,83.5,70.0,1,70.51666666666667,0.6636704107685549,77.825
3d85b478ac764e325fca3f16bb30e992,Tono Wahyudi,66,4,O,single,t,31.56498673740053,Average,1,79.64285714285715,76.45,74.6,74.5,76.7,80.0,1,73.50478021978023,0.7101524376652055,76.17999999999999
edc1e6533000bddc15eca3b86096ef16,Karina Wahyudi,82,4,O,married,t,100.0,Excellent,1,100.0,85.175,81.3,81.7,87.7,90.0,1,140.06678571428571,0.0722363372714792,84.74
1a686564c7917be2154e580a5b9b6260,Taufik Siregar,69,4,O,single,t,46.95064232589588,Excellent,1,96.66666666666669,70.95,69.3,67.8,66.7,80.0,1,89.965,0.563724178308501,70.41499999999999
944d2b66cf565940b0c0111799cff155,Andi Kusuma,69,4,O,single,t,46.95064232589588,Excellent,1,96.66666666666669,70.95,69.3,67.8,66.7,80.0,1,89.965,0.563724178308501,70.41499999999999
76f6e7eb52db26cc7f456879dab64dc5,Nita Hermawan,82,3,O,single,t,44.5946961159943,Excellent,1,95.71428571428572,78.225,75.6,80.6,76.7,80.0,1,89.87067460317462,0.5973642395901668,78.005
7c9afc0dae9ee22629df205b9a42aff1,Johan Maulana,78,5,O,married,t,34.96450304259635,Excellent,1,98.125,84.625,81.8,84.5,82.2,90.0,1,84.375,0.6400131818256962,84.215
fd0fff569369be316e4746d14d1cc9ac,Nanda Sanjaya,81,15,O,married,t,40.584854631507774,Good,0,99.5,79.4,76.4,85.7,75.5,80.0,1,87.97,0.608581769099239,79.22
c6c7953f6d49e91fdd9fb99c3ea2cdff,Intan Sasmita,101,5,O,married,t,46.455505279034696,Excellent,1,100.0,75.85,79.3,77.7,76.4,70.0,1,92.01653846153846,0.5738525255163816,76.315
9f657814eecbac766375bd9e305f8ac2,Bella Hartono,82,8,O,married,t,27.53703362222632,Good,0,90.0,80.175,84.7,76.8,79.2,80.0,1,74.32522727272728,0.6794554377868787,80.41
24a8b8ee01efc897f98ac811b86ad28a,Eko Suryanto,70,3,O,single,t,29.34415145368493,Need Improvement,1,91.25,83.275,85.2,82.6,85.3,80.0,1,77.1575,0.6805049883018516,83.535
bb5110a4c7391ad4afaf96596d818ad4,Omar Budiman,81,2,O,married,t,40.59800165276838,Average,0,95.0,74.725,79.5,73.3,76.1,70.0,1,85.2286111111111,0.6186685359921282,75.19999999999999
be9136b4d1d4b9a8652cf2d5c97ff0a3,Eko Hermawan,78,4,O,married,t,27.27349560513861,Average,1,98.75,85.125,84.0,82.5,84.0,90.0,1,78.21249999999999,0.6425344001269596,84.825
c067d045a4af9371db8a9edbbdee20fb,Lestari Prabowo,69,4,O,single,t,46.95064232589588,Excellent,1,96.66666666666669,70.95,69.3,67.8,66.7,80.0,1,89.965,0.563724178308501,70.41499999999999
b0d66fa355345e5c04a3c473d8d9776d,Budi Iskandar,82,13,O,married,t,37.99864773495605,Average,0,88.0,82.075,79.7,78.7,79.9,90.0,1,83.13678571428572,0.6632026756505265,81.56
ac8fbd57a267412aa4bb511cfb29b5f2,Lina Ramadhan,82,4,O,married,t,47.37230315323622,Excellent,1,95.0,75.85,75.8,74.0,73.6,80.0,1,91.29136363636364,0.5757754635805756,75.63999999999999
9ff995ddc9a1dabafeefddc47bcaae38,Elsa Utomo,69,4,O,single,t,46.95064232589588,Excellent,1,96.66666666666669,70.95,69.3,67.8,66.7,80.0,1,89.965,0.563724178308501,70.41499999999999
1db822a6b997fdcc5bfa7ebd62f0f6af,Made Sutanto,63,6,O,single,t,73.90128465179176,Need Improvement,1,87.5,76.6,79.3,74.4,72.7,80.0,1,111.68714285714285,0.3417484054302714,76.565
6cc43a10b0acf7e4ef637a08bf6613b9,Yanto Harahap,65,3,O,married,t,41.73581658368677,Excellent,1,92.5,87.125,85.0,85.7,87.8,90.0,1,89.16022727272727,0.6401479764926783,86.875
a7e49a00a2fc452f39e8cab450e9178c,Eko Sutanto,76,3,O,single,t,60.28566599053414,Excellent,1,86.75,77.6,79.3,74.4,76.7,80.0,1,100.255,0.4842398611434446,77.565
6d3313dae7d60c679895e1a384f4c439,Indra Prabowo,70,3,O,single,t,29.34415145368493,Need Improvement,1,91.25,83.275,85.2,82.6,85.3,80.0,1,77.1575,0.6805049883018516,83.535
ed0d3d51e50e57150b9ac2e8c4f53f71,Sari Yulianto,75,3,O,single,t,45.30702563156924,Excellent,1,93.25,85.075,81.8,84.5,84.0,90.0,1,91.78840909090908,0.6131868989134723,84.66499999999999
6aca5a6e7ae0e9e7ca62b379a06027d7,Faisal Hakim,82,3,O,single,t,44.5946961159943,Excellent,1,95.71428571428572,78.225,75.6,80.6,76.7,80.0,1,89.87067460317462,0.5973642395901668,78.005
264ee1459fa689fcad04e8e7cec10848,Ulfa Sasmita,101,6,O,married,t,42.81479169917305,Good,1,93.75,77.375,73.0,77.2,79.3,80.0,1,87.5221153846154,0.6114948813795626,77.025
88da60b6fc9212ee6b0c6f3655c072ba,Kiki Cahyono,101,14,O,married,t,68.46968672526482,Good,0,87.5,15.0,0.0,0.0,0.0,60.0,1,88.61666666666667,0.3107146451493964,12.0
da71dba9dccdd350a5a04a5e570be858,Vera Tampubolon,69,4,O,single,t,46.95064232589588,Excellent,1,96.66666666666669,70.95,69.3,67.8,66.7,80.0,1,89.965,0.563724178308501,70.41499999999999
b63152532421fc1df5b70b2f7bd18131,Olivia Wibowo,82,8,O,married,t,27.53703362222632,Good,0,90.0,80.175,84.7,76.8,79.2,80.0,1,74.32522727272728,0.6794554377868787,80.41
9345b2b65607afc98ae2a73c0baa0d5a,Andi Adiputra,72,5,O,single,t,39.865813699485095,Good,0,86.66666666666666,73.25,73.0,77.0,73.0,70.0,1,81.66730769230769,0.6435741314216887,73.4
38e762aa2989a34348381aaee02b57fd,Mega Rachman,69,4,O,married,f,36.79851250845166,Average,1,75.0,75.85,79.3,77.7,76.4,70.0,1,76.355,0.7047018299087188,76.315
20d59071836cad0f443de9d8e55c9098,Hendra Budiman,101,5,O,married,t,46.018619649451296,Good,1,97.08333333333331,77.375,73.0,77.2,79.3,80.0,1,91.2298076923077,0.5826787312493735,77.025
8458d55387cdcab7450c47da08c57998,Pramono Harahap,101,5,O,widow,t,40.63556457065585,Good,1,90.0,77.375,73.0,77.2,79.3,80.0,1,84.55535714285715,0.635371178736625,77.025
8f6dbf6978e2a6993c2957e673593c92,Umar Siregar,82,4,O,married,t,38.03245436105477,Good,1,96.875,78.15,75.6,77.7,79.3,80.0,1,84.65035714285715,0.6247616656218029,77.92999999999999
22974ddd9bfca268d0ff07427fd2beba,Maya Ramadhan,82,6,O,married,t,43.15569487983282,Good,1,86.0,85.225,85.6,80.6,84.7,90.0,1,87.84022727272728,0.6448536463287031,85.005
5a618f6ea23aec609b14969891bf87b2,Zahra Rachman,70,3,O,single,t,29.34415145368493,Need Improvement,1,91.25,83.275,85.2,82.6,85.3,80.0,1,77.1575,0.6805049883018516,83.535
84f79d2d1adc217243d747f0fdd91a95,Joko Wijaya,70,3,O,married,t,42.47802569303584,Good,1,62.114583333333336,77.875,75.8,76.2,79.5,80.0,1,77.896875,0.6761838412639591,77.66499999999999
156575765a30f0239519c8d57cdec65c,Yoga Nugroho,82,3,O,single,t,44.5946961159943,Excellent,1,95.71428571428572,78.225,75.6,80.6,76.7,80.0,1,89.87067460317462,0.5973642395901668,78.005
a60ddacc379b3186c2b26fb9278aee0f,Ika Setiawan,66,4,O,single,t,38.599654421155435,Good,1,98.33333333333331,75.85,79.3,77.7,76.4,70.0,1,84.87722222222222,0.6173696448488077,76.315
9890093695863b50a13c1642180328dc,Taufik Hakim,81,2,O,single,t,41.846968672526486,Good,1,99.16666666666669,22.25,6.0,6.0,7.0,70.0,1,71.79166666666667,0.4941199911705015,19.05
643ac078e7b6dc99d9aeedfc87e8ca0f,Gilang Irawan,101,5,O,married,t,42.77838456337443,Good,1,90.83333333333331,87.15,88.0,86.6,84.0,90.0,1,89.54884615384616,0.6416953200912217,87.05
edba1739e994d0d3ac3f378b59da73ab,Zainal Setiawan,82,4,O,married,t,47.37230315323622,Excellent,1,95.0,75.85,75.8,74.0,73.6,80.0,1,91.29136363636364,0.5757754635805756,75.63999999999999
67e8e268b9db74a6cf85ac5290f96983,Erna Saputra,101,8,O,married,t,43.32449160035366,Good,1,100.0,86.60000000000001,84.7,86.4,85.3,90.0,1,92.59538461538462,0.6047313823753581,86.33500000000001
50c543e2fc8ebf831db861581087a90d,Indra Santoso,82,6,O,married,t,43.15569487983282,Good,1,86.0,85.225,85.6,80.6,84.7,90.0,1,87.84022727272728,0.6448536463287031,85.005
676607ce4600349df445ebbc2d5b3ca8,Agus Sinaga,65,3,O,married,t,41.73581658368677,Excellent,1,92.5,87.125,85.0,85.7,87.8,90.0,1,89.16022727272727,0.6401479764926783,86.875
f9e591084235db6bd15cf64382ed00c1,Faisal Gunawan,82,1,O,married,t,44.4895199459094,Good,0,95.83333333333331,22.5,6.0,7.0,7.0,70.0,1,73.1,0.4913680294343645,19.3
e8b50c7e573961d6e2e7dc94703f214c,Gita Siregar,77,14,O,married,t,43.424611223799864,Good,1,90.0,79.57499999999999,80.1,79.8,78.4,80.0,1,87.57249999999999,0.6250051265782522,79.58
0250960324dcada883c4d4640a2bde74,Wulan Nugroho,65,3,O,married,t,41.73581658368677,Excellent,1,92.5,87.125,85.0,85.7,87.8,90.0,1,89.16022727272727,0.6401479764926783,86.875
5e958a7900beb31cfb3324d36ef3a52d,Dian Sasmita,77,14,O,married,t,43.424611223799864,Good,1,90.0,79.57499999999999,80.1,79.8,78.4,80.0,1,87.57249999999999,0.6250051265782522,79.58
bf1f7685f2bdecfd3e9aeec48aad95bc,Hadi Santoso,69,4,O,single,t,46.95064232589588,Excellent,1,96.66666666666669,70.95,69.3,67.8,66.7,80.0,1,89.965,0.563724178308501,70.41499999999999
fa982f548d6f5d1235a6ba43f105365a,Andi Suharto,96,7,O,married,t,36.995717827360835,Excellent,0,75.0,84.475,81.5,83.7,82.7,90.0,1,79.10916666666667,0.7151664675574456,84.05
fa4d64029b31735b13b901b858ce501b,Wawan Setiawan,64,3,O,single,t,22.52873563218391,Good,1,88.75,86.225,85.6,80.6,88.7,90.0,1,71.5325,0.688466580028307,86.005
86bf456ee0f5ba3bdf28fcaa72aec247,Citra Budiman,75,3,O,married,t,44.10228041059685,Excellent,1,93.4375,84.625,81.8,84.5,82.2,90.0,1,90.69147727272728,0.6188427991138283,84.215
5ba1f76eeda896cda24fa73e584e8bec,Candra Ramadhan,101,11,O,married,t,44.63514848910386,Average,0,100.0,81.9,76.8,80.9,79.9,90.0,1,92.29307692307692,0.5889762773903614,81.24000000000001
4120d330a9ec5a2deee91acb068a7a75,Vina Santoso,66,4,O,single,t,31.56498673740053,Average,1,79.64285714285715,76.45,74.6,74.5,76.7,80.0,1,73.50478021978023,0.7101524376652055,76.17999999999999
a75e6727739322b4dd729006c07decbe,Olivia Maulana,75,3,O,married,t,44.10228041059685,Excellent,1,93.4375,84.625,81.8,84.5,82.2,90.0,1,90.69147727272728,0.6188427991138283,84.215
94feaedd7c74f5ac1652351c850e8916,Maya Wicaksono,82,4,O,married,t,38.03245436105477,Good,1,96.875,78.15,75.6,77.7,79.3,80.0,1,84.65035714285715,0.6247616656218029,77.92999999999999
f580f627ca5c4b06df912dd1e490012d,Sari Lubis,82,3,O,single,t,44.5946961159943,Excellent,1,95.71428571428572,78.225,75.6,80.6,76.7,80.0,1,89.87067460317462,0.5973642395901668,78.005
31dfc2a11998ce73aa85756a7c88c555,Rina Cahyono,101,6,O,married,f,39.17407811931139,Good,1,87.08333333333333,83.975,84.0,80.3,81.6,90.0,1,84.4251923076923,0.664819537638627,83.675
821689745c82327a22a75188615dc94d,Haris Pratama,82,4,O,married,t,47.37230315323622,Excellent,1,95.0,75.85,75.8,74.0,73.6,80.0,1,91.29136363636364,0.5757754635805756,75.63999999999999
e01c8f2dc69e6deb6482da4bc3e59ad2,Zainal Sugiarto,82,3,O,single,t,43.8058748403576,Excellent,1,100.0,83.85,85.6,83.9,85.9,80.0,1,92.17722222222224,0.602320211738427,84.13
3584daf83874193d2c18d2faa05bd114,Faisal Harahap,82,1,O,married,t,45.199459093982426,Good,0,95.0,22.25,7.0,6.0,6.0,70.0,1,73.375,0.4885577763342684,19.1
be15fc4f62754e44e7a89bbdd290dcd0,Tari Maulana,82,4,O,married,t,38.03245436105477,Good,1,96.875,78.15,75.6,77.7,79.3,80.0,1,84.65035714285715,0.6247616656218029,77.92999999999999
4c69de2aad4591edad8f1d3ee1544594,Indra Prasetyo,101,5,O,married,t,46.018619649451296,Good,1,97.08333333333331,77.375,73.0,77.2,79.3,80.0,1,91.2298076923077,0.5826787312493735,77.025
43dfac00a1e067d6216dfb739f88733c,Dimas Budiman,82,4,O,married,t,47.37230315323622,Excellent,1,95.0,75.85,75.8,74.0,73.6,80.0,1,91.29136363636364,0.5757754635805756,75.63999999999999
d2c46fc5a4a9b7ca7b9158d62a560792,Qonita Sanjaya,78,4,O,married,t,39.362181654270906,Average,1,93.75,85.175,84.3,83.7,82.7,90.0,1,86.94416666666667,0.6449097695524991,84.89
bcb9b6ce743c28f9e3430268e60dab52,Lukman Suharto,66,4,O,single,t,31.56498673740053,Average,1,79.64285714285715,76.45,74.6,74.5,76.7,80.0,1,73.50478021978023,0.7101524376652055,76.17999999999999
dddc19c08e42476ab365466c2a0e83cc,Dimas Harahap,70,8,O,single,t,49.96619337390128,Excellent,0,97.5,77.375,73.0,77.2,79.3,80.0,1,94.69107142857143,0.5555630496840722,77.025
e9cc5bba1dc0f07a3afc0d460701a35c,Wawan Utomo,63,7,O,widow,t,27.721433400946587,Need Improvement,0,90.0,86.60000000000001,84.7,86.4,85.3,90.0,1,76.40857142857143,0.6884958479655626,86.33500000000001
af62fb0a3c61aff2dee748620fbe66f2,Citra Lubis,101,5,O,widow,t,40.63556457065585,Good,1,90.0,77.375,73.0,77.2,79.3,80.0,1,84.55535714285715,0.635371178736625,77.025
90641bc6d91a2328c7e833f9a1ef28c7,Dimas Tampubolon,78,4,O,married,t,39.362181654270906,Average,1,93.75,85.175,84.3,83.7,82.7,90.0,1,86.94416666666667,0.6449097695524991,84.89
4c507cb68fb902ba40a6176f2c003fd6,Ika Iskandar,103,16,O,married,t,23.506874013973405,Need Improvement,0,69.36111111111111,83.0,79.9,78.1,84.0,90.0,1,65.57499999999999,0.7854601656219073,82.495
2b50e7b31004ea9a33437628bbb416d5,Hadi Purnomo,70,3,O,single,t,43.95706558485463,Excellent,1,100.0,84.625,82.5,83.9,82.1,90.0,1,92.5375,0.5972830266202477,84.25
03ac3bc9d5b4a02591d4b08b47e698fe,Lina Utomo,78,4,O,married,t,39.362181654270906,Average,1,93.75,85.175,84.3,83.7,82.7,90.0,1,86.94416666666667,0.6449097695524991,84.89
d42c54cd72305e4b152872061ea80573,Dian Pratama,66,4,O,single,t,31.56498673740053,Average,1,79.64285714285715,76.45,74.6,74.5,76.7,80.0,1,73.50478021978023,0.7101524376652055,76.17999999999999
bba0047a165efbe7d45771e7c26e76a2,Rudi Ramadhan,66,4,O,single,t,31.56498673740053,Average,1,79.64285714285715,76.45,74.6,74.5,76.7,80.0,1,73.50478021978023,0.7101524376652055,76.17999999999999
e1655f03c90de937582d40d74e1efad2,Qonita Budiman,65,1,O,married,t,23.2702276312824,Good,0,92.0,77.5,76.5,80.0,83.5,70.0,1,70.51666666666667,0.6636704107685549,77.825
7acd4ebb018a2d5d254a867363179919,Wati Kusuma,78,4,O,married,t,39.362181654270906,Average,1,93.75,85.175,84.3,83.7,82.7,90.0,1,86.94416666666667,0.6449097695524991,84.89
608839f040015abaa784e08ac5a8b609,Vino Permana,69,6,O,single,t,39.1255352715799,Good,1,82.5,84.625,81.8,84.5,82.2,90.0,1,83.20416666666667,0.6807723259641008,84.215
e249bfe78ff7be26a8c9f41e856a1302,Karina Sanjaya,69,6,O,single,t,39.1255352715799,Good,1,82.5,84.625,81.8,84.5,82.2,90.0,1,83.20416666666667,0.6807723259641008,84.215
3fe90be67df5bce9b5132af622337d83,Oki Suharto,70,3,O,single,t,43.95706558485463,Excellent,1,100.0,84.625,82.5,83.9,82.1,90.0,1,92.5375,0.5972830266202477,84.25
bb436e8361e4de65c90a55abd13bada7,Sari Nugraha,101,11,O,married,t,44.63514848910386,Average,0,100.0,81.9,76.8,80.9,79.9,90.0,1,92.29307692307692,0.5889762773903614,81.24000000000001
d188f4f36375b7b6d6778291c02fa902,Nita Kusumah,81,2,O,single,t,41.846968672526486,Good,1,99.16666666666669,22.25,6.0,6.0,7.0,70.0,1,71.79166666666667,0.4941199911705015,19.05
1493e00c2532d4ea910acabb234a26d5,Made Permana,67,4,O,married,t,15.382014874915484,Average,1,90.0,80.55,81.3,81.7,79.2,80.0,1,64.16499999999999,0.6480904472263742,80.615
7e78d75b37d1ed9b6d475dee3bb7a93b,Yudi Sasmita,66,4,O,married,t,29.55928452885857,Excellent,0,85.75,82.9,77.7,82.3,81.6,90.0,1,75.57681818181818,0.7013274024052004,82.285
bf830991f9b257e75f882232c10840cc,Bayu Hidayat,82,3,O,single,t,43.8058748403576,Excellent,1,100.0,83.85,85.6,83.9,85.9,80.0,1,92.17722222222224,0.602320211738427,84.13
7edae21140237b4e5f1663604d9bbd18,Vera Prabowo,75,3,O,single,t,45.30702563156924,Excellent,1,93.25,85.075,81.8,84.5,84.0,90.0,1,91.78840909090908,0.6131868989134723,84.66499999999999
570d21023c3bbb18c8176ad9b1d029fe,Citra Iskandar,101,3,O,single,t,43.54293441514537,Good,0,97.5,75.85,79.3,77.7,76.4,70.0,1,88.805,0.5979923185734806,76.315
68a7e2c19b44a566ba767b0a3b37588d,Zaki Sugiarto,101,1,O,single,t,39.874915483434755,Average,0,78.57142857142857,13.0,4.0,5.0,3.0,40.0,1,61.17142857142857,0.5536085253508354,11.2
580e7a5f961cee8d91796977bf82e277,Ulfa Wicaksono,82,1,O,married,t,41.88640973630832,Good,0,91.25,23.0,8.0,7.0,7.0,70.0,1,69.675,0.5237280674827629,19.9
483cc1b74807042d5acfe6aa1706c36a,Nita Hakim,101,8,O,married,t,43.32449160035366,Good,1,100.0,86.60000000000001,84.7,86.4,85.3,90.0,1,92.59538461538462,0.6047313823753581,86.33500000000001
16833bbc6b41feee695092b698f68e8a,Eko Harahap,82,4,O,married,t,47.37230315323622,Excellent,1,95.0,75.85,75.8,74.0,73.6,80.0,1,91.29136363636364,0.5757754635805756,75.63999999999999
d1bc82963d5f08a3414e76843413f840,Putra Darmawan,75,3,O,married,t,44.10228041059685,Excellent,1,93.4375,84.625,81.8,84.5,82.2,90.0,1,90.69147727272728,0.6188427991138283,84.215
d46e0aec99f22a0c7c6b0f93dda9e686,Lukman Prasetyo,82,1,O,married,t,45.199459093982426,Good,0,95.0,22.25,7.0,6.0,6.0,70.0,1,73.375,0.4885577763342684,19.1
5d28dac3dae45ed945c4fa2e18a0beea,Sari Nugraha,82,4,O,married,t,47.37230315323622,Excellent,1,95.0,75.85,75.8,74.0,73.6,80.0,1,91.29136363636364,0.5757754635805756,75.63999999999999
41eea73fb3696ebe52ad3dbabcb5134c,Zaki Nasution,101,5,O,married,t,46.455505279034696,Excellent,1,100.0,75.85,79.3,77.7,76.4,70.0,1,92.01653846153846,0.5738525255163816,76.315
4b8491ab9cc3d59d64783076b1897f61,Joko Harahap,67,8,O,married,t,33.07133198106829,Good,0,99.0,80.175,84.7,76.8,79.2,80.0,1,81.7025,0.6319504644098186,80.41
6e8b4e132d8ecd804f4e82d30cbf83e3,Dian Iskandar,78,4,O,married,t,27.27349560513861,Average,1,98.75,85.125,84.0,82.5,84.0,90.0,1,78.21249999999999,0.6425344001269596,84.825
4727e729131df14d528859bf68a9b2a1,Pramono Purnomo,78,4,O,married,t,39.362181654270906,Average,1,93.75,85.175,84.3,83.7,82.7,90.0,1,86.94416666666667,0.6449097695524991,84.89
b7ba3f2776e0e01ac6124569f7144cc2,Maya Hakim,82,4,O,married,t,47.37230315323622,Excellent,1,95.0,75.85,75.8,74.0,73.6,80.0,1,91.29136363636364,0.5757754635805756,75.63999999999999
58f97b5397197d8e29f732974431affc,Zaki Pratama,82,6,O,married,t,43.15569487983282,Good,1,86.0,85.225,85.6,80.6,84.7,90.0,1,87.84022727272728,0.6448536463287031,85.005
ce38126aeb49eb4237e2fc2f97355dee,Candra Ramadhan,67,4,O,married,t,15.382014874915484,Average,1,90.0,80.55,81.3,81.7,79.2,80.0,1,64.16499999999999,0.6480904472263742,80.615
e4374d41943aa3f33e6e251f7398cb0a,Umar Lubis,81,12,O,married,t,28.134625497708655,Average,0,100.0,78.375,77.7,78.1,77.7,80.0,1,77.29027777777777,0.6268095011855878,78.25999999999999
3f199b68302a5221c1a0e1e4c823f035,Bella Hermawan,63,7,O,widow,t,27.721433400946587,Need Improvement,0,90.0,86.60000000000001,84.7,86.4,85.3,90.0,1,76.40857142857143,0.6884958479655626,86.33500000000001
9a289c8cfe10c254d964060b41ad2eb9,Tono Hermawan,66,4,O,single,t,38.599654421155435,Good,1,98.33333333333331,75.85,79.3,77.7,76.4,70.0,1,84.87722222222222,0.6173696448488077,76.315
5ee7b2e604a055744e00ec8efb6a9579,Omar Cahyono,82,3,O,single,t,43.8058748403576,Excellent,1,100.0,83.85,85.6,83.9,85.9,80.0,1,92.17722222222224,0.602320211738427,84.13
4ef20bbf06fa819ea659058aa26c9fd3,Vera Saputra,101,14,O,married,t,68.46968672526482,Good,0,87.5,15.0,0.0,0.0,0.0,60.0,1,88.61666666666667,0.3107146451493964,12.0
b0e3074a6d1a52a0f1dcd9a0e701c5ae,Indra Nugraha,78,4,O,married,t,27.27349560513861,Average,1,98.75,85.125,84.0,82.5,84.0,90.0,1,78.21249999999999,0.6425344001269596,84.825
17aa909f44a15fe2fcbe6dd33c5e5d31,Hadi Utomo,81,15,O,married,t,40.584854631507774,Good,0,99.5,79.4,76.4,85.7,75.5,80.0,1,87.97,0.608581769099239,79.22
99d092bbfbaac2e53775cbfef9d53008,Tari Sugiarto,81,2,O,married,t,40.59800165276838,Average,0,95.0,74.725,79.5,73.3,76.1,70.0,1,85.2286111111111,0.6186685359921282,75.19999999999999
ed6dc84209964c0e48f8894d9f949ac6,Sinta Tampubolon,101,1,O,single,t,39.874915483434755,Average,0,78.57142857142857,13.0,4.0,5.0,3.0,40.0,1,61.17142857142857,0.5536085253508354,11.2
16a09cbc04c7be61075ccd5299ee5541,Zahra Situmorang,101,15,O,married,t,40.190443993689435,Good,0,97.5,85.625,84.0,84.5,84.0,90.0,1,88.90416666666667,0.6284972490256882,85.325
ee2205c60c6f98ab8549bdaacfe591b0,Vina Suryanto,101,3,O,single,t,43.54293441514537,Good,0,97.5,75.85,79.3,77.7,76.4,70.0,1,88.805,0.5979923185734806,76.315
20487f3226f771eea414ea7e6265db86,Indra Budiman,66,4,O,single,t,31.56498673740053,Average,1,79.64285714285715,76.45,74.6,74.5,76.7,80.0,1,73.50478021978023,0.7101524376652055,76.17999999999999
8c9d88236957ad50041d046a3bfba90e,Lestari Harahap,76,3,O,single,t,60.28566599053414,Excellent,1,86.75,77.6,79.3,74.4,76.7,80.0,1,100.255,0.4842398611434446,77.565
eae15a8702c3f8fdf27dd61ac34b4101,Aditya Darmawan,75,3,O,single,t,45.30702563156924,Excellent,1,93.25,85.075,81.8,84.5,84.0,90.0,1,91.78840909090908,0.6131868989134723,84.66499999999999
22d06bccc7af27673b0adfc9b69d796f,Lukman Nasution,101,6,O,married,t,39.62136578769439,Good,1,90.0,85.225,85.6,80.6,84.7,90.0,1,86.05321428571429,0.6543779687539938,85.005
ed5618d8aeff3d2d586b862e4846e769,Ika Wahyudi,101,15,O,married,t,40.190443993689435,Good,0,97.5,85.625,84.0,84.5,84.0,90.0,1,88.90416666666667,0.6284972490256882,85.325
2b31d986261d2d38f2ea03f69519dc8f,Jaya Hartono,82,2,O,married,t,47.09263015551048,Good,1,93.125,81.75,80.8,82.5,83.7,80.0,1,92.26250000000002,0.5961585644184186,81.78999999999999
324d931c7e66b344114b50f5d155af9e,Qori Simbolon,72,5,O,single,t,39.865813699485095,Good,0,86.66666666666666,73.25,73.0,77.0,73.0,70.0,1,81.66730769230769,0.6435741314216887,73.4
7adfb0277311689532dcf791f93554b2,Novi Sinaga,78,4,O,married,t,39.362181654270906,Average,1,93.75,85.175,84.3,83.7,82.7,90.0,1,86.94416666666667,0.6449097695524991,84.89
82971932bd6a6b8955a0fe124e24519c,Umi Permana,82,6,O,married,t,43.15569487983282,Good,1,86.0,85.225,85.6,80.6,84.7,90.0,1,87.84022727272728,0.6448536463287031,85.005
6152e73d9c5abbde2dae7dd7c9c38c56,Dewi Rachman,69,4,O,single,t,46.95064232589588,Excellent,1,96.66666666666669,70.95,69.3,67.8,66.7,80.0,1,89.965,0.563724178308501,70.41499999999999
18e251b83c40472ecadc1e2f4a74a405,Ika Santoso,69,4,O,single,t,46.95064232589588,Excellent,1,96.66666666666669,70.95,69.3,67.8,66.7,80.0,1,89.965,0.563724178308501,70.41499999999999
2904e3e664639a0def7cf9d3cf699fdf,Ika Hakim,69,6,O,single,t,39.1255352715799,Good,1,82.5,84.625,81.8,84.5,82.2,90.0,1,83.20416666666667,0.6807723259641008,84.215
3cf7d3a82a43980a3c9880d87782d0ac,Putra Lubis,69,6,O,single,t,39.1255352715799,Good,1,82.5,84.625,81.8,84.5,82.2,90.0,1,83.20416666666667,0.6807723259641008,84.215
d0cb64ca7531fe381a6c5367aea6f97d,Yoga Saputra,101,5,O,married,t,46.018619649451296,Good,1,97.08333333333331,77.375,73.0,77.2,79.3,80.0,1,91.2298076923077,0.5826787312493735,77.025
418771f4c04b6fb270abe73713488ec3,Taufik Saputra,65,1,O,married,t,23.2702276312824,Good,0,92.0,77.5,76.5,80.0,83.5,70.0,1,70.51666666666667,0.6636704107685549,77.825
a925c8e8514cb02e0715ede0833940ce,Putra Nugroho,69,6,O,single,t,39.1255352715799,Good,1,82.5,84.625,81.8,84.5,82.2,90.0,1,83.20416666666667,0.6807723259641008,84.215
4d245e1bf48b230bf7516696f6e33d70,Bayu Sanjaya,66,4,O,single,t,38.599654421155435,Good,1,98.33333333333331,75.85,79.3,77.7,76.4,70.0,1,84.87722222222222,0.6173696448488077,76.315
5edb44ceef71e7c4d5942262c60618ae,Putra Mahendra,75,3,O,single,t,45.30702563156924,Excellent,1,93.25,85.075,81.8,84.5,84.0,90.0,1,91.78840909090908,0.6131868989134723,84.66499999999999
57930abb4b131b6a02815b1f13b64632,Umar Siregar,64,3,O,single,t,22.52873563218391,Good,1,88.75,86.225,85.6,80.6,88.7,90.0,1,71.5325,0.688466580028307,86.005
76009833368603753ccbe888aa7eef61,Lestari Permana,81,2,O,single,t,41.846968672526486,Good,1,99.16666666666669,22.25,6.0,6.0,7.0,70.0,1,71.79166666666667,0.4941199911705015,19.05
9cbb55d41429065f32dafd7d4e5c0cc8,Tono Cahyono,63,0,O,single,t,88.66351138156415,Good,0,87.5,22.5,6.0,7.0,7.0,70.0,1,107.93333333333337,0.0954043516371321,19.3
7b4d02bc5c3b982940d703881824cd06,Vino Lubis,69,6,O,single,t,39.1255352715799,Good,1,82.5,84.625,81.8,84.5,82.2,90.0,1,83.20416666666667,0.6807723259641008,84.215
67b799daa1105b0637e13bd45f1e89ed,Taufik Nugroho,81,12,O,married,t,28.134625497708655,Average,0,100.0,78.375,77.7,78.1,77.7,80.0,1,77.29027777777777,0.6268095011855878,78.25999999999999
03414d08c0d2194c25a1d3bb58ab7e74,Yanto Ramadhan,78,5,O,married,t,34.96450304259635,Excellent,1,98.125,84.625,81.8,84.5,82.2,90.0,1,84.375,0.6400131818256962,84.215
0a3964974400c8309dd75df08146fc0b,Intan Adiputra,75,3,O,single,t,45.30702563156924,Excellent,1,93.25,85.075,81.8,84.5,84.0,90.0,1,91.78840909090908,0.6131868989134723,84.66499999999999
eeb25d0822348fabe8317e57fb9dda1c,Zahra Gunawan,66,4,O,single,t,31.56498673740053,Average,1,79.64285714285715,76.45,74.6,74.5,76.7,80.0,1,73.50478021978023,0.7101524376652055,76.17999999999999
8b2ff4650af99e43c08f132cd8e96681,Lestari Nugroho,82,3,O,married,t,42.05024184740208,Good,1,90.625,86.1,84.0,86.4,84.0,90.0,1,88.55596153846153,0.6436509162708874,85.8
dbe58f2934a691b914b411d5ba3f08e7,Putri Situmorang,66,4,O,single,t,31.56498673740053,Average,1,79.64285714285715,76.45,74.6,74.5,76.7,80.0,1,73.50478021978023,0.7101524376652055,76.17999999999999
9c5cb319640aa33cf0cd165af3d39a6d,Olivia Setiawan,67,4,O,married,t,15.382014874915484,Average,1,90.0,80.55,81.3,81.7,79.2,80.0,1,64.16499999999999,0.6480904472263742,80.615
df531436fb32f618fe72a8f66de789c1,Zahra Wicaksono,81,2,O,single,t,41.846968672526486,Good,1,99.16666666666669,22.25,6.0,6.0,7.0,70.0,1,71.79166666666667,0.4941199911705015,19.05
4768a3979c9d0c348e217012f03e7151,Nita Sinaga,101,8,O,married,t,43.32449160035366,Good,1,100.0,86.60000000000001,84.7,86.4,85.3,90.0,1,92.59538461538462,0.6047313823753581,86.33500000000001
