employee_id_hash,name,company_id,tenure_years,gender,marital_status,is_permanent,performance_score,performance_rating,has_promotion,behavior_avg,psychological_score,drive_score,mental_strength_score,adaptability_score,collaboration_score,has_quick_assessment,holistic_score,score_alignment,leadership_potential,perf_beh_ratio,combined_score,score_difference,tenure_category,performance_level,behavioral_level,high_performer,gender_encoded,marital_status_encoded,is_permanent_encoded,performance_rating_encoded,tenure_category_encoded,performance_level_encoded,behavioral_level_encoded
c56e555218c35097e5019b9637c39e51,Vina Sutanto,88,2,F,married,t,65.29,Average,1,64.901,70.912,58.0,63.6,62.8,75.2,1,66.8607,0.9961,66.8216,1.006,65.0967,0.3914,junior,low,low,0,0,0,1,0,0,1,1
ea988edb23c9029dc2aac1ac22de4003,Siti Saputra,81,0,M,married,t,74.26,Average,0,72.4991,75.325,69.8,54.1,89.6,76.5,1,74.0512,0.9824,73.8751,1.0243,73.3793,1.7603,junior,medium,low,0,1,0,1,0,0,2,1
bff50c2ea181e33b1b058283cbcf8011,Deni Prasetyo,77,11,O,married,t,78.51,Good,0,70.4508,72.071,62.1,72.4,68.0,79.3,1,74.1605,0.9194,73.3546,1.1144,74.4804,8.0591,veteran,medium,low,0,0,0,1,2,3,2,1
7c2d743d174bd058cbc94877eb936e10,Bambang Utama,101,5,M,married,t,90.32,Excellent,0,79.3835,100.0,73.8,65.0,90.1,88.7,1,89.9447,0.8906,88.8507,1.1378,84.8539,10.9407,mid,high,medium,1,1,0,1,1,1,0,2
90a25b2dc211c4a7e49807c95514c032,Zainal Situmorang,106,8,M,single,t,80.01,Good,0,81.3367,66.469,66.7,82.2,87.2,89.2,1,76.3459,0.9867,76.4785,0.9837,80.6736,-1.3263,senior,medium,medium,0,1,1,1,2,2,2,2
4e4d86c64f3257ae9a00831f20b91b67,Sri Harahap,107,3,F,married,t,76.44,Good,0,63.4656,72.723,45.2,69.3,64.4,75.0,1,71.4329,0.8702,70.1354,1.2044,69.9531,12.975,mid,medium,low,0,0,0,1,2,1,2,1
6cc136aa97d7caedccb8c64adc9a35a6,Rahmat Purnama,74,4,M,single,t,66.14,Average,0,47.3955,40.826,59.6,48.9,42.3,38.8,1,52.9239,0.8125,51.0491,1.3956,56.7696,18.7482,mid,low,low,0,1,1,1,0,1,1,1
602b106a48456570061af97a2a212ac9,Maya Hutabarat,101,8,F,married,t,100.0,Excellent,1,83.3823,77.477,83.3,77.4,89.2,83.6,1,88.2579,0.8338,86.5961,1.1993,91.6911,16.6177,senior,high,medium,1,0,0,1,1,2,0,2
f2bfaf235471283c200dc89b4cfa0ac1,Widya Manurung,98,1,M,married,t,53.72,Below Average,0,51.3709,56.24,50.6,49.6,31.3,74.0,1,53.772,0.9765,53.537,1.0458,52.5463,2.3508,junior,low,low,0,1,0,1,3,0,1,1
655d56096b596e492b0274a51156761c,Ahmad Sitompul,96,2,M,married,t,73.67,Average,0,70.9909,77.109,73.2,69.2,55.6,86.0,1,73.8962,0.9733,73.6287,1.0377,72.3283,2.6749,junior,medium,low,0,1,0,1,0,0,2,1
af691d475242418d1640f6ba5e342b95,Nina Nugraha,93,6,M,single,t,57.48,Below Average,0,50.6999,44.519,56.3,49.1,36.5,60.8,1,51.5572,0.9322,50.8793,1.1337,54.0894,6.7791,senior,low,low,0,1,1,1,3,2,1,1
5c2fb9af9b74dd3124e817cf6ee632f9,Irwan Pratama,60,6,F,single,t,74.83,Average,0,78.3042,78.628,86.0,56.6,78.5,92.1,1,77.0104,0.9652,77.3581,0.9556,76.5655,-3.4774,senior,medium,medium,0,0,1,1,0,2,2,2
7e472e3c4ed14cc4886bcff87a89631a,Joko Sinaga,75,10,F,married,t,91.87,Excellent,1,77.9791,80.739,75.5,58.8,86.0,91.6,1,84.3629,0.8611,82.9739,1.1781,84.9237,13.8893,senior,high,medium,1,0,0,1,1,2,0,2
8dd8fda27092b3e7f26a155c99da077f,Kartini Wijaya,67,9,F,married,t,51.48,Below Average,0,59.5579,61.062,46.4,66.2,52.8,72.8,1,56.7795,0.9193,57.5869,0.8644,55.5209,-8.0741,senior,low,low,0,0,0,1,3,2,1,1
ad3edfbbe2932d7a844b98c98b912119,Siti Nugraha,107,2,M,married,t,79.79,Good,0,62.7718,62.183,72.3,65.8,56.5,56.5,1,69.4016,0.8298,67.7,1.2711,71.2799,17.0163,junior,medium,low,0,1,0,1,2,0,2,1
bc9bf2c0a5e4b1c9f73dde501aa83b5f,Rizki Utama,62,5,M,married,f,90.93,Excellent,0,86.1304,93.384,69.1,87.1,89.6,98.7,1,90.2256,0.952,89.7458,1.0557,88.5292,4.7977,mid,high,medium,1,1,0,0,1,1,0,2
3a0b156dfce54ca852f74e3316cd66a8,Putri Manurung,109,9,F,married,t,99.42,Excellent,0,85.5812,70.835,90.0,86.4,74.8,91.2,0,86.6925,0.8616,85.3087,1.1617,92.5001,13.8379,senior,high,medium,1,0,0,1,1,2,0,2
323b914067ffe31e70f383abc154699e,Novi Utama,81,2,M,single,t,82.11,Good,0,68.4061,53.536,60.3,81.0,64.6,67.7,1,69.4271,0.8629,68.0566,1.2004,75.2589,13.7056,junior,medium,low,0,1,1,1,2,0,2,1
d7511b7fac36ac629fdcaed9d164a029,Hendra Sari,109,4,M,married,t,63.96,Average,0,59.0373,53.363,64.2,68.5,43.7,59.8,1,59.3059,0.9507,58.8132,1.0835,61.501,4.9276,mid,low,low,0,1,0,1,0,1,1,1
2a5ad8e4cab1a49c79243a83ca49fe61,Wati Sari,60,12,F,married,t,56.01,Below Average,0,62.7846,67.946,54.4,75.4,51.7,69.6,0,61.6219,0.9322,62.2997,0.892,59.3955,-6.7783,veteran,low,low,0,0,0,1,3,3,1,1
a7e679cf7b6cc545b09939278545b624,Lina Prasetyo,95,1,M,married,t,70.21,Average,0,68.1806,53.584,80.7,46.2,77.4,68.5,1,64.6122,0.9797,64.4096,1.0297,69.1937,2.0261,junior,medium,low,0,1,0,1,0,0,2,1
8d0d64e648f5c765775219580ef2362a,Ratna Sutanto,83,6,F,single,t,89.39,Good,1,84.604,68.251,90.6,82.9,89.7,75.2,1,81.6142,0.9521,81.1352,1.0566,86.9992,4.7904,senior,high,medium,1,0,1,1,2,2,0,2
569ac53f1b1f425e832e71edf4c15f30,Suci Wibowo,76,6,M,married,t,60.41,Average,0,72.8233,47.406,57.1,85.5,75.0,73.8,1,60.2326,0.8759,61.474,0.8295,66.6164,-12.4139,senior,low,low,0,1,0,1,0,2,1,1
dd34e30e22c544e75f8a1aebd84aabe9,Suci Sinaga,95,3,F,single,f,95.17,Excellent,1,100.0,91.054,100.0,100.0,100.0,100.0,1,95.3827,0.9517,95.8661,0.9517,97.5833,-4.8333,mid,high,high,1,0,1,0,1,1,0,0
fc77c17223c5827ac037bf2d1f52f923,Taufik Saputra,100,9,M,widow,t,25.72,Below Average,0,60.5111,53.11,63.3,75.6,45.8,57.4,1,44.3762,0.6521,47.8549,0.4251,43.1177,-34.7867,senior,low,low,0,1,2,1,3,2,1,1
223d7beb35f4d69cbdf67d49adfffa09,Deni Putra,103,9,F,married,t,100.0,Excellent,0,92.2506,80.512,92.3,95.7,81.0,100.0,1,91.8287,0.9225,91.0538,1.084,96.1253,7.7494,senior,high,high,1,0,0,1,1,2,0,0
3cc2a922be46180d39202fee47d31d75,Indra Prasetyo,84,5,M,married,t,90.88,Excellent,0,81.7179,100.0,82.7,78.1,73.1,93.0,1,90.867,0.9084,89.9509,1.1121,86.2985,9.1612,mid,high,medium,1,1,0,1,1,1,0,2
7e6113705ae105e63c8c0f0d151b8a32,Widya Prasetyo,60,6,M,married,t,49.85,Below Average,0,43.3255,45.168,31.1,57.6,37.8,46.7,0,46.4883,0.9347,45.8358,1.1506,46.588,6.525,senior,low,low,0,1,0,1,3,2,1,1
40359e04f4f5eb65b7f8729fc8e96e0f,Lina Rahayu,96,2,F,single,t,55.8,Below Average,0,60.9966,56.391,76.7,51.1,57.8,58.5,1,57.537,0.9481,58.0565,0.9148,58.3991,-5.1949,junior,low,low,0,0,1,1,3,0,1,1
f89db2e53aff6221884ab0a06691e8a3,Citra Situmorang,87,0,O,widow,t,44.81,Below Average,0,67.7565,73.705,63.3,65.8,70.6,71.4,1,60.3631,0.7705,62.6576,0.6614,56.284,-22.945,junior,low,low,0,0,2,1,3,0,1,1
c332e2b1e8d1c98b0ea10b4332920385,Zainal Nugraha,92,8,M,widow,t,84.13,Good,0,65.9319,77.152,63.9,75.6,63.4,60.9,1,76.5751,0.8181,74.7558,1.2759,75.0285,18.1932,senior,medium,low,0,1,2,1,2,2,2,1
a8c1acca59c2ab729d07fa22c8cb6ca4,Tri Putra,69,3,M,single,t,71.16,Average,0,75.1024,69.118,65.3,77.4,79.3,78.4,1,71.7292,0.9606,72.1237,0.9475,73.13,-3.945,mid,medium,medium,0,1,1,1,0,1,2,2
a9cafc3e1295d79c07d41fb7c0a8e510,Endang Harahap,103,5,F,married,t,100.0,Excellent,1,86.7313,100.0,87.1,88.2,71.6,100.0,1,96.0194,0.8673,94.6925,1.153,93.3656,13.2687,mid,high,medium,1,0,0,1,1,1,0,2
1639c2fd549a860b3bda3ebbd0e10383,Nina Simanjuntak,89,6,F,married,t,75.8,Good,0,65.7293,71.975,77.5,64.6,48.0,72.9,1,71.63,0.8993,70.6232,1.1532,70.763,10.0673,senior,medium,low,0,0,0,1,2,2,2,1
1a4a359a4d1d0affe273eae1bd923211,Eko Susanto,106,1,M,single,t,63.86,Average,0,61.4681,49.014,62.4,50.0,78.1,55.3,1,58.6879,0.9761,58.449,1.0389,62.663,2.3898,junior,low,low,0,1,1,1,0,0,1,1
1a5c87960aa693a37db603fa42281936,Ratna Putra,81,1,M,married,t,68.94,Average,0,58.3735,74.911,35.5,61.6,63.4,73.0,1,67.5613,0.8943,66.5047,1.181,63.6566,10.5661,junior,low,low,0,1,0,1,0,0,1,1
8a8409d4b0ee9aaa5d3d3c10fa732e0a,Indra Nasution,60,1,F,widow,t,75.54,Good,0,75.6495,78.141,71.8,88.6,66.4,75.7,0,76.3521,0.9989,76.3632,0.9985,75.5936,-0.1118,junior,medium,medium,0,0,2,1,2,0,2,2
45166899e69c164540e0caa2f7d945a6,Irwan Permana,94,3,M,married,t,95.46,Excellent,0,74.83,65.133,79.7,78.0,66.6,75.0,1,80.1735,0.7937,78.1103,1.2757,85.1458,20.6316,mid,high,low,1,1,0,1,1,1,0,1
5db18f948ecddea97d101671c39e4a5e,Widya Sari,77,1,M,married,t,58.04,Below Average,0,56.4681,40.456,43.9,37.8,65.6,78.5,1,52.2923,0.9843,52.1353,1.0278,57.253,1.5698,junior,low,low,0,1,0,1,3,0,1,1
ed581552ee800094bc2e2da97e8ae525,Andi Rahayu,89,1,F,single,t,86.65,Good,0,74.6624,85.998,77.8,75.6,67.6,77.7,1,82.8579,0.8801,81.6592,1.1605,80.6557,11.9867,junior,high,low,1,0,1,1,2,0,0,1
16210ce212cbf69dcca3a1ef9f58d2cb,Agus Simanjuntak,70,5,M,married,t,48.0,Below Average,0,53.5811,64.937,39.0,59.1,61.7,54.5,1,54.7564,0.9442,55.3142,0.8959,50.7917,-5.5788,mid,low,low,0,1,0,1,3,1,1,1
e21921a246e9ed0f27ed12a27947f6b3,Yudi Manurung,92,3,M,married,t,57.84,Below Average,0,48.1127,46.673,32.9,73.8,37.8,47.9,1,51.5729,0.9027,50.5999,1.2022,52.978,9.7306,mid,low,low,0,1,0,1,3,1,1,1
3238876582ec3e6916e2af8802fbd278,Fitri Tampubolon,70,11,M,single,t,100.0,Excellent,0,85.9997,91.461,91.6,82.6,81.7,88.2,1,93.2383,0.86,91.8383,1.1628,92.9998,14.0003,veteran,high,medium,1,1,1,1,1,3,0,2
6a13c12aa3b435a8580490b9992ccb19,Andi Yuliana,104,5,F,married,t,73.69,Average,0,60.2535,73.655,73.4,35.8,81.8,50.1,1,69.6473,0.8657,68.3039,1.223,66.9703,13.4336,mid,medium,low,0,0,0,1,0,1,2,1
3ae3614e3a3fe99c4c762718c9a63990,Wati Pratama,98,1,F,married,t,76.42,Good,0,85.6226,70.484,82.7,100.0,77.3,82.6,1,77.4018,0.908,78.3216,0.8926,81.0236,-9.198,junior,medium,medium,0,0,0,1,2,0,2,2
6e7d0d53ba2a8f1b861fd5743af4293b,Andi Utama,61,7,F,single,t,63.05,Average,0,57.2575,48.031,45.5,51.9,61.8,69.8,1,56.8079,0.942,56.2283,1.1012,60.1556,5.796,senior,low,low,0,0,1,1,0,2,1,1
3a818ee6edc93779215aeff0fdec7cba,Taufik Nasution,85,2,M,single,f,64.28,Average,1,44.3917,67.777,51.2,42.7,46.7,37.1,1,59.3624,0.8011,57.3736,1.448,54.3357,19.8879,junior,low,low,0,1,1,0,0,0,1,1
0bab2b035e1cc4e628fe46ee6c1a26e0,Endang Saputra,95,10,F,single,t,75.91,Good,0,74.7725,68.045,87.6,64.4,66.0,81.1,1,73.2101,0.9886,73.0962,1.0152,75.3422,1.1393,senior,medium,low,0,0,1,1,2,2,2,1
7f6935139516ea8b33ceb6907c9f3365,Wati Simanjuntak,80,3,F,single,t,65.23,Average,0,61.7567,64.677,68.9,53.3,55.5,69.3,0,64.023,0.9652,63.6754,1.0563,63.4946,3.4757,mid,low,low,0,0,1,1,0,1,1,1
79ebe77e9336c5da7a009c2051b52f73,Nina Yuliana,66,1,M,single,t,65.85,Average,0,64.1993,73.717,60.8,70.4,51.6,74.1,1,67.7163,0.9835,67.5509,1.0258,65.0264,1.6543,junior,low,low,0,1,1,1,0,0,1,1
eb9dbb0f362a89b30d7ccae01e024d65,Wati Sitompul,66,5,M,married,t,77.33,Good,0,71.4332,47.494,99.1,55.0,84.9,46.7,1,66.6091,0.9411,66.0197,1.0825,74.3804,5.8945,mid,medium,low,0,1,0,1,2,1,2,1
d5063cb2f7abcb5fe653fb8058bc0b54,Adi Pratama,88,0,F,single,f,70.54,Average,0,51.2616,54.8,52.9,48.3,63.7,40.2,1,60.0346,0.8072,58.1068,1.3761,60.9008,19.2784,junior,medium,low,0,0,1,0,0,0,2,1
26e0d3bd08dd8caa8ff76f132d0a91d3,Citra Utama,106,5,F,married,t,100.0,Excellent,0,83.5439,100.0,85.4,76.1,81.5,91.2,1,95.0632,0.8354,93.4176,1.197,91.772,16.4561,mid,high,medium,1,0,0,1,1,1,0,2
f6701c2cb5a925ea91619c6628a97f6c,Joko Nasution,88,4,F,married,t,81.51,Good,0,72.5205,99.097,64.6,62.9,88.8,73.7,1,84.0873,0.9102,83.1888,1.1239,77.0129,8.9849,mid,medium,low,0,0,0,1,2,1,2,1
5abdc808200b60ffe7074449bbc3fa8d,Yuni Manurung,81,8,M,married,f,57.77,Below Average,0,54.9711,36.402,77.3,16.6,60.4,65.6,1,50.5205,0.972,50.2405,1.0509,56.3712,2.8001,senior,low,low,0,1,0,0,3,2,1,1
f88515c1ef4f236ed9a4ab768f9e8fe8,Putri Sari,93,2,M,married,t,52.66,Below Average,1,72.8606,68.228,69.6,87.0,71.6,63.3,1,63.3915,0.798,65.4113,0.7228,62.7616,-20.1981,junior,low,low,0,1,0,1,3,0,1,1
e631a2088dfa1a5d4ef5c100cfff9dbf,Rizki Permana,86,5,F,married,t,83.19,Good,0,62.3725,53.285,72.2,39.2,63.5,74.6,1,67.975,0.7918,65.8928,1.3338,72.7835,20.8219,mid,medium,low,0,0,0,1,2,1,2,1
1e6d70cd17b79e86e60c38a5597b67d3,Taufik Sitompul,98,5,F,married,f,85.72,Good,0,73.0515,75.909,65.3,82.3,58.1,86.6,1,78.9751,0.8733,77.7085,1.1734,79.3844,12.6657,mid,high,low,1,0,0,0,2,1,0,1
5b23ef23a0d3e6849e43ebd3e44b072e,Yudi Hutabarat,68,8,M,single,t,100.0,Excellent,0,93.9377,88.748,80.9,94.8,100.0,100.0,1,94.8056,0.9394,94.1994,1.0645,96.9689,6.0623,senior,high,high,1,1,1,1,1,2,0,0
1b2d1b60e9dcce2f8111a6640a6dd42c,Yuni Sitompul,76,12,M,single,t,98.74,Excellent,1,94.0305,88.534,91.3,90.7,96.9,97.3,1,94.2671,0.9529,93.7957,1.0501,96.3874,4.7137,veteran,high,high,1,1,1,1,1,3,0,0
ffbde28cd5cd35533cc1cb7d0d84f02e,Hadi Purnama,104,6,M,married,f,85.29,Good,0,48.2833,49.275,42.4,46.9,41.4,62.4,1,63.3854,0.6299,59.6843,1.7665,66.7891,37.0115,senior,high,low,1,1,0,0,2,2,0,1
8a8bfacdf60df8d041cf352f8a49341d,Vina Manurung,77,5,F,married,t,54.49,Below Average,0,63.0974,42.701,88.4,56.5,67.7,39.7,1,53.5337,0.9139,54.3949,0.8635,58.7913,-8.6123,mid,low,low,0,0,0,1,3,1,1,1
617984c78c5b04e579e475557c8dd287,Andi Utama,84,7,M,married,f,38.37,Below Average,0,56.1336,46.811,48.3,39.4,84.8,52.1,1,46.2324,0.8224,48.0085,0.6836,47.253,-17.7613,senior,low,low,0,1,0,0,3,2,1,1
3195d14d1cce08e3335b770a5d5cf1ff,Kartini Nugraha,60,2,M,married,t,43.14,Below Average,0,50.6028,37.198,38.0,46.8,50.0,67.7,1,43.5961,0.9254,44.3424,0.8525,46.8713,-7.4629,junior,low,low,0,1,0,1,3,0,1,1
ddee2840ef733076d7af894e13068b20,Tri Rahayu,65,14,F,married,f,73.17,Average,0,67.7375,72.448,62.0,74.9,66.2,67.8,1,71.3228,0.9457,70.7797,1.0802,70.4527,5.4306,veteran,medium,low,0,0,0,0,0,3,2,1
a9d77666027484bd8b2cba0edc560b1d,Deni Manurung,79,15,M,married,t,81.8,Good,0,81.0365,62.465,83.3,71.0,85.2,84.7,1,75.7703,0.9924,75.694,1.0094,81.4179,0.7628,veteran,medium,medium,0,1,0,1,2,3,2,2
05e546b71fd5fd3a02af0fc5efdd0784,Sri Rahayu,100,3,M,married,t,82.09,Good,1,78.6064,83.112,66.7,89.3,74.8,83.6,1,81.353,0.9651,81.0042,1.0444,80.3502,3.4875,mid,medium,medium,0,1,0,1,2,1,2,2
2761c520257ea0526e6fbe1a1291552f,Fajar Sitompul,109,4,M,married,t,90.82,Excellent,0,65.5072,73.639,57.0,50.9,76.1,78.0,1,78.0725,0.7469,75.5411,1.3864,78.1646,25.3147,mid,high,low,1,1,0,1,1,1,0,1
9a326ffc4b41cce04bd257a88fa603b3,Widya Sari,102,2,F,single,t,77.34,Good,0,75.6876,88.596,72.4,79.6,66.4,84.3,1,80.2195,0.9835,80.0546,1.0218,76.5118,1.6484,junior,medium,medium,0,0,1,1,2,0,2,2
6fccece2e5d60a0c4df2ee6de8775f5a,Fajar Setiawan,86,14,F,single,t,100.0,Excellent,1,77.9782,75.626,77.7,78.3,70.3,85.5,1,86.0813,0.7798,83.8791,1.2824,88.9891,22.0218,veteran,high,medium,1,0,1,1,1,3,0,2
0de58c44056ebe56bdef6a41b5bb5420,Rita Nugraha,88,8,M,married,f,80.32,Good,0,86.096,88.393,74.5,99.5,70.3,100.0,0,84.4741,0.9422,85.0518,0.9329,83.2073,-5.7775,senior,medium,medium,0,1,0,0,2,2,2,2
2c15a05cf48eb5be80044eefde45935b,Siti Permana,106,4,F,married,t,88.4,Good,1,87.5053,100.0,69.5,100.0,89.9,90.7,1,91.612,0.991,91.5224,1.0102,87.9532,0.8958,mid,high,medium,1,0,0,1,2,1,0,2
5943f771f5a67e2ffbae666499b0d2f8,Maya Rahayu,86,9,O,single,t,46.13,Below Average,0,43.5104,46.326,56.3,31.1,32.9,53.7,1,45.4036,0.9738,45.1415,1.0602,44.8211,2.6213,senior,low,low,0,0,1,1,3,2,1,1
d3172f7e81cb951c1ecac2d834cfc158,Rahmat Pratama,105,2,M,single,t,82.65,Good,1,82.1256,66.935,80.6,72.5,91.6,83.7,1,77.7766,0.9948,77.7245,1.0063,82.3857,0.5203,junior,medium,medium,0,1,1,1,2,0,2,2
4e6fc51fbc614b722a010a330678a540,Yuni Sutanto,95,5,M,single,t,73.68,Average,0,82.0761,73.991,86.9,82.9,81.9,76.6,1,76.2934,0.9161,77.1327,0.8977,77.8796,-8.393,mid,medium,medium,0,1,1,1,0,1,2,2
a0ffa3a5e05866ac9816a613b3fdf96e,Eko Sari,84,9,F,single,t,100.0,Excellent,1,95.8633,100.0,89.4,100.0,94.0,100.0,1,98.759,0.9586,98.3453,1.0432,97.9317,4.1367,senior,high,high,1,0,1,1,1,2,0,0
a1455364ff1e0f6cdb6fa8a511b746dc,Agus Harahap,92,10,M,married,t,79.69,Good,0,90.7487,64.144,83.7,81.1,99.9,98.3,1,78.3455,0.8895,79.451,0.8782,85.2214,-11.0546,senior,medium,high,0,1,0,1,2,2,2,0
545ecf9ef0212974e3b995c3793ad721,Ratna Sutanto,106,8,M,married,t,89.94,Good,1,92.6697,84.962,98.7,87.7,100.0,84.2,1,89.2646,0.9727,89.5378,0.9705,91.3036,-2.7324,senior,high,high,1,1,0,1,2,2,0,0
216f0b8eefc28c84d728e6ab5d272be5,Fajar Yuliana,104,5,M,married,t,85.14,Good,0,61.4209,53.512,73.3,43.2,57.1,72.1,1,68.5346,0.7628,66.1631,1.3861,73.2789,23.7159,mid,high,low,1,1,0,1,2,1,0,1
e2374b1108929bd32550d8e0d6425b22,Budi Saputra,108,9,F,married,t,60.13,Average,0,67.7687,58.299,45.3,65.6,75.5,84.7,1,61.8721,0.9236,62.636,0.8873,63.9492,-7.639,senior,low,low,0,0,0,1,0,2,1,1
35db4b9e120446edae00fb7017f822ed,Sri Nasution,65,6,O,single,t,45.06,Below Average,0,63.6036,76.512,54.0,67.4,54.2,78.8,1,60.0605,0.8146,61.9144,0.7085,54.334,-18.5391,senior,low,low,0,0,1,1,3,2,1,1
8e25c991dfa89c2d212a1f30c3befead,Tri Nugraha,97,4,M,married,t,73.79,Average,0,89.5169,88.266,92.0,75.3,93.0,97.9,1,82.8511,0.8427,84.4238,0.8243,81.6537,-15.7265,mid,medium,medium,0,1,0,1,0,1,2,2
6264723638f4c9285078b2b656a30866,Adi Pratama,71,1,O,married,t,46.61,Below Average,0,41.2127,30.189,35.5,53.4,46.4,29.7,0,40.0662,0.946,39.526,1.1311,43.9136,5.4016,junior,low,low,0,0,0,1,3,0,1,1
9a6fa9edfb88572d88ce337438a3a80d,Tri Simanjuntak,96,5,F,married,t,87.05,Good,1,77.8183,84.102,90.9,71.6,78.3,70.4,0,83.3958,0.9077,82.4728,1.1186,82.4337,9.2307,mid,high,medium,1,0,0,1,2,1,0,2
a14ec989d5292558f212850ae2f38fd1,Siti Sitompul,73,6,M,married,t,83.02,Good,0,63.7514,63.689,72.8,50.9,76.2,55.1,1,71.4392,0.8073,69.5126,1.3022,73.3844,19.2661,senior,medium,low,0,1,0,1,2,2,2,1
cb09e56a736e5437f5cc48ab252e5fc8,Rini Permana,64,12,M,married,f,87.55,Good,1,80.1392,82.652,77.3,85.6,71.4,86.3,1,83.8584,0.9259,83.1171,1.0925,83.8461,7.4137,veteran,high,medium,1,1,0,0,2,3,0,2
4ae785d9972467dd079b633f597437e5,Andi Harahap,60,2,F,married,t,73.0,Average,0,78.6023,90.677,73.8,78.5,78.4,83.8,1,79.9824,0.9439,80.5429,0.9287,75.7995,-5.6055,junior,medium,medium,0,0,0,1,0,0,2,2
144c8ef01dd9cf8eb7849c98309cf31f,Andi Permana,78,8,F,married,t,84.3,Good,0,75.2166,62.403,78.3,74.7,77.0,70.8,1,75.0067,0.9091,74.0981,1.1208,79.7595,9.0859,senior,medium,medium,0,0,0,1,2,2,2,2
dfeb6b249b80e4024fa0b835eb589386,Rini Yuliana,92,2,M,single,t,100.0,Excellent,1,95.6886,69.636,86.4,100.0,100.0,96.4,1,89.5974,0.9569,89.1663,1.0451,97.8443,4.3114,junior,high,high,1,1,1,1,1,0,0,0
81b3d6dfffede845ac6d987ca0b81989,Endang Nugraha,93,5,M,married,t,100.0,Excellent,0,100.0,100.0,100.0,100.0,100.0,100.0,0,100.0,1.0,100.0,1.0,100.0,0.0,mid,high,high,1,1,0,1,1,1,0,0
e24fcf32ce0ca3dae5c676b3238e7b99,Hadi Yuliana,95,11,M,married,t,70.49,Average,0,66.5493,50.374,59.0,57.7,81.1,68.3,1,63.2734,0.9606,62.8792,1.0592,68.5202,3.942,veteran,medium,low,0,1,0,1,0,3,2,1
ba7ce9c0554cae12513e1be0338103d5,Fajar Nasution,85,1,M,married,t,99.92,Excellent,0,79.0327,75.201,78.6,77.9,64.7,94.9,0,86.2377,0.7911,84.1491,1.2643,89.4758,20.8861,junior,high,medium,1,1,0,1,1,0,0,2
79887c628d612050ccf6d95040efbbb3,Yanti Simanjuntak,72,5,F,married,t,72.03,Average,0,82.3426,84.966,91.3,73.9,74.2,90.0,1,79.005,0.8969,80.0361,0.8748,77.1867,-10.3118,mid,medium,medium,0,0,0,1,0,1,2,2
4140bab858740eae5346fa20d3ec8bd2,Vina Putra,84,1,F,married,t,70.23,Average,0,61.8925,75.721,50.7,55.2,64.9,76.7,1,69.3767,0.9166,68.5428,1.1347,66.0618,8.3386,junior,medium,low,0,0,0,1,0,0,2,1
6b12b8e05baa8e88ddd970ae8b59c49c,Fitri Sari,84,14,M,married,t,100.0,Excellent,1,97.1864,89.349,100.0,100.0,90.6,98.1,1,95.9605,0.9719,95.6792,1.029,98.5932,2.8136,veteran,high,high,1,1,0,1,1,3,0,0
09dd803fb4e9fa962fc5f6c212d9a1ca,Andi Sari,108,9,F,single,t,70.59,Average,0,46.8787,52.888,36.1,41.6,63.6,46.2,1,58.1666,0.7629,55.7953,1.5058,58.7352,23.7128,senior,medium,low,0,0,1,1,0,2,2,1
83982a5efa123103ba26d8a38234ce2e,Umi Sitompul,94,7,M,single,t,69.93,Average,0,57.872,68.28,44.2,56.1,74.1,57.1,1,65.819,0.8794,64.6128,1.2084,63.9029,12.0617,senior,low,low,0,1,1,1,0,2,1,1
841c1152b4f6c959dc4ea11491eb829b,Zainal Wibowo,87,13,M,married,t,71.01,Average,0,48.7303,55.138,37.9,48.9,47.0,61.0,1,59.5658,0.7772,57.3375,1.4573,59.8716,22.2826,veteran,medium,low,0,1,0,1,0,3,2,1
95f5a71000782116755c4791173601dd,Sri Setiawan,95,3,M,married,t,84.89,Good,0,68.849,79.671,61.1,52.1,97.2,65.0,1,78.5115,0.8396,76.9075,1.233,76.8689,16.0396,mid,medium,low,0,1,0,1,2,1,2,1
f11f1ec15e79c029f761aba561031a6f,Tri Sutanto,101,4,M,married,t,81.2,Good,0,78.3628,65.245,94.5,62.0,75.7,81.3,0,75.5622,0.9716,75.2785,1.0362,79.7812,2.8367,mid,medium,medium,0,1,0,1,2,1,2,2
083841e659cd0fa6435a33c54861fe6e,Rahmat Hutabarat,94,3,O,married,t,84.3,Good,0,73.4701,58.973,86.3,76.3,69.7,61.5,0,73.454,0.8917,72.3708,1.1474,78.8862,10.8321,mid,medium,low,0,0,0,1,2,1,2,1
2b225460136330eacbd4287868738b31,Sri Nasution,84,2,M,married,t,78.0,Good,0,67.9968,63.115,67.1,60.9,73.0,70.9,1,70.5322,0.9,69.5322,1.1471,72.9968,10.0,junior,medium,low,0,1,0,1,2,0,2,1
028b2b5d414ea55cc32fa77859d29f8c,Anita Susanto,93,4,M,widow,t,64.44,Average,0,58.9108,61.702,57.1,53.1,65.2,60.3,1,61.9583,0.9447,61.4058,1.0938,61.6734,5.5251,mid,low,low,0,1,2,1,0,1,1,1
aba72901360674eefb99980d09e32b84,Vina Sutanto,88,6,M,married,t,65.78,Average,0,61.2722,55.903,70.9,53.0,45.0,76.1,1,61.466,0.9549,61.0148,1.0736,63.5281,4.5117,senior,low,low,0,1,0,1,0,2,1,1
5cba2746e9b4c808f08bcc586be1dcf9,Agus Tampubolon,97,2,F,single,t,60.78,Average,0,52.9602,66.771,31.6,79.8,40.8,59.7,1,60.2308,0.9218,59.449,1.1476,56.8696,7.8188,junior,low,low,0,0,1,1,0,0,1,1
881f329241cf117f626782fbc1b91c4b,Rini Permana,101,8,F,widow,t,77.48,Good,0,48.7055,66.27,43.6,37.9,52.2,61.2,1,65.4845,0.7123,62.6071,1.5908,63.0926,28.7742,senior,medium,low,0,0,2,1,2,2,2,1
027ddffa5f35a0a727e2f52a3215bb7b,Maya Pratama,108,5,M,married,t,96.05,Excellent,1,71.7367,63.305,68.6,72.4,74.2,71.8,1,78.9328,0.7569,76.5014,1.3389,83.8939,24.3143,mid,high,low,1,1,0,1,1,1,0,1
48b7433fa01074d0f944b42a6afeef93,Hadi Susanto,66,8,M,married,t,90.5,Excellent,0,91.323,96.578,87.7,100.0,89.9,87.6,1,92.5712,0.9918,92.6532,0.991,90.9128,-0.8204,senior,high,high,1,1,0,1,1,2,0,0
8b966b3665d98534555339633a5a41f7,Ahmad Sitompul,95,5,F,married,t,77.13,Good,0,68.429,65.73,61.0,63.6,78.7,70.4,1,71.098,0.913,70.2284,1.1271,72.7773,8.6966,mid,medium,low,0,0,0,1,2,1,2,1
2de35133fdf4456e591fd160891b1691,Wati Situmorang,68,3,M,married,t,90.38,Excellent,0,92.0278,80.257,82.8,89.8,95.9,99.7,1,87.8354,0.9835,88.0007,0.982,91.2014,-1.6527,mid,high,high,1,1,0,1,1,1,0,0
bc121b7d4ec6cb2c9d952f428a0e3b84,Widya Simanjuntak,77,6,M,widow,t,60.94,Average,0,50.1002,67.896,48.8,46.2,40.7,64.7,1,59.7739,0.8916,58.6901,1.2163,55.5191,10.8378,senior,low,low,0,1,2,1,0,2,1,1
175bda21fd7e55e992f3d560beb936f3,Rahmat Situmorang,90,4,M,single,t,89.54,Good,0,78.9696,76.553,84.7,64.2,77.4,89.5,1,82.4718,0.8943,81.415,1.1338,84.2535,10.5677,mid,high,medium,1,1,1,1,2,1,0,2
0a4a8ce4e6e5d3327689543e901ebfdb,Hendra Pratama,60,7,F,single,t,91.75,Excellent,0,81.3253,65.212,88.3,64.8,80.3,92.0,1,80.6619,0.8957,79.6193,1.1282,86.5385,10.4263,senior,high,medium,1,0,1,1,1,2,0,2
8cacd5a24206397f0152b7ee71f03880,Yanti Utama,71,7,M,widow,t,91.93,Excellent,0,93.7197,88.305,87.1,100.0,87.8,100.0,1,91.3779,0.9821,91.5572,0.9809,92.823,-1.7934,senior,high,high,1,1,2,1,1,2,0,0
522c6f1c1e60fd7bb81a1f2291935d00,Tri Permana,80,0,M,single,t,56.95,Below Average,0,72.7601,61.56,75.5,60.7,85.3,69.6,0,63.0756,0.8419,64.6567,0.7827,64.8547,-15.8108,junior,low,low,0,1,1,1,3,0,1,1
3ada40350b2a964ef27855bc24eef30c,Nina Hutabarat,89,8,M,married,t,85.41,Good,1,62.5056,73.257,57.5,76.6,73.4,42.5,1,74.8915,0.771,72.6013,1.3664,73.9561,22.9011,senior,high,low,1,1,0,1,2,2,0,1
6f2fc0f3f7bf4b9294e09bf65c015a70,Siti Situmorang,108,5,F,widow,f,80.68,Good,0,58.2185,50.915,69.3,61.6,51.9,50.0,1,65.0114,0.7754,62.7654,1.3858,69.4483,22.4596,mid,medium,low,0,0,2,0,2,1,2,1
fdd96631a309733fc68830c4dce1efdc,Dewi Situmorang,62,0,M,married,t,72.37,Average,0,89.6841,90.349,88.4,98.7,84.0,87.6,1,82.9585,0.8269,84.6898,0.807,81.0278,-17.3125,junior,medium,medium,0,1,0,1,0,0,2,2
766ef5ea218b0be84ae0de92fbc4e8e2,Anita Nasution,65,6,M,married,f,63.89,Average,0,64.168,55.194,65.2,75.6,54.4,61.4,1,61.366,0.9973,61.3935,0.9957,64.0307,-0.2746,senior,low,low,0,1,0,0,0,2,1,1
f1acb375f5beac0ce7141997e0ae3757,Deni Sari,95,0,M,married,t,21.71,Below Average,0,46.3884,46.112,51.6,49.8,37.6,46.6,0,36.4339,0.7532,38.9018,0.468,34.0491,-24.6786,junior,low,low,0,1,0,1,3,0,1,1
863a35893d8da0452e1a4f0bc5e97f2d,Yuni Wijaya,73,7,O,single,t,69.34,Average,0,75.0122,67.057,80.0,74.0,55.0,91.1,1,70.3559,0.9433,70.9234,0.9244,72.1749,-5.6746,senior,low,medium,0,0,1,1,0,2,1,2
49687e4b2ee65f96ef455ea0cd615e83,Indra Wijaya,93,3,M,married,t,50.97,Below Average,0,64.5025,49.006,64.5,55.0,71.6,66.9,0,54.4396,0.8646,55.7931,0.7902,57.735,-13.535,mid,low,low,0,1,0,1,3,1,1,1
7f3d803dbfcf9b8e976a434717aa256a,Hendra Sinaga,98,5,M,married,t,67.2,Average,0,58.0602,71.911,52.7,67.5,51.8,60.2,1,65.8723,0.9086,64.9581,1.1575,62.6314,9.1424,mid,low,low,0,1,0,1,0,1,1,1
f0fdd9bc5c312047468d63544d56f829,Lina Simanjuntak,81,1,M,married,t,67.65,Average,0,58.9626,49.256,77.5,47.8,59.9,50.6,1,59.5243,0.9132,58.6559,1.1473,63.3047,8.6842,junior,low,low,0,1,0,1,0,0,1,1
c05c4e838d3455becd62d1f141d34522,Vina Sutanto,82,8,M,married,f,66.32,Average,0,82.0223,67.226,82.7,63.7,94.2,87.5,1,71.301,0.8429,72.8716,0.8085,74.1693,-15.706,senior,low,medium,0,1,0,0,0,2,1,2
b130942402bbdab85735ce37e46ff271,Yanti Sutanto,65,8,M,married,f,94.87,Excellent,1,89.1059,78.54,84.4,77.8,94.3,100.0,1,88.2407,0.9424,87.6646,1.0647,91.9867,5.7616,senior,high,medium,1,1,0,0,1,2,0,2
335159228e753f6ba3fe80526e7541b0,Endang Rahayu,105,3,O,married,t,74.4,Average,0,54.7996,50.922,45.8,60.5,48.9,63.9,1,61.4764,0.804,59.5164,1.3577,64.5996,19.6,mid,medium,low,0,0,0,1,0,1,2,1
64249d59126268c134cea0b870420ac6,Deni Sutanto,97,5,F,single,t,56.99,Below Average,0,48.0702,61.069,66.8,50.0,24.3,51.2,1,55.5368,0.9108,54.645,1.1855,52.529,8.9177,mid,low,low,0,0,1,1,3,1,1,1
9de3d33f2d04670d984fa0c6270ca017,Putri Harahap,80,4,F,married,t,80.02,Good,0,62.6501,47.977,71.9,59.0,58.0,61.7,0,65.1949,0.8263,63.4582,1.2772,71.3335,17.3667,mid,medium,low,0,0,0,1,2,1,2,1
979de056fee625c92775b3c1b568db35,Vina Permana,68,6,O,single,t,91.14,Excellent,0,72.7975,69.303,69.9,67.3,59.9,94.0,1,79.0854,0.8166,77.2514,1.2519,81.9678,18.3406,senior,high,low,1,0,1,1,1,2,0,1
198eb3aa3dbe1afe9c265104da81024f,Deni Manurung,72,10,F,married,t,62.92,Average,0,56.2667,77.386,48.5,57.4,52.9,66.3,0,65.2651,0.9334,64.5994,1.1183,59.595,6.6567,senior,low,low,0,0,0,1,0,2,1,1
83f63d23a1fbc3ceae16ec18041bf9bd,Wati Wijaya,73,10,M,married,t,76.3,Good,0,69.2759,60.476,68.1,75.0,58.0,75.9,1,69.4458,0.9298,68.7434,1.1014,72.7883,7.0246,senior,medium,low,0,1,0,1,2,2,2,1
8e596504326189ba74c437008953c808,Taufik Pratama,76,2,M,married,t,59.7,Below Average,0,51.2456,54.929,58.5,35.5,51.0,59.9,0,55.7311,0.9155,54.886,1.1649,55.4711,8.4511,junior,low,low,0,1,0,1,3,0,1,1
2c0d230b658b36162dd86c533a867428,Rini Sitompul,107,0,F,widow,f,70.88,Average,0,79.771,79.636,73.6,77.4,87.2,80.9,1,76.1737,0.9111,77.0629,0.8885,75.3249,-8.8921,junior,medium,medium,0,0,2,0,0,0,2,2
00bb409b237000369f0cafbdd90ec484,Adi Pratama,104,6,M,married,t,63.32,Average,0,64.6629,69.97,60.0,59.9,63.2,75.5,1,65.7193,0.9866,65.8533,0.9793,63.9931,-1.3397,senior,low,low,0,1,0,1,0,2,1,1
ac51d70bffb0b79494ca5a01629149b2,Andi Utama,71,4,F,widow,t,95.43,Excellent,0,89.1059,74.795,100.0,80.5,90.3,85.6,0,87.3425,0.9367,86.71,1.071,92.2684,6.325,mid,high,medium,1,0,2,1,1,1,0,2
607f9876dbe0460075e5e12b935a7ad5,Citra Susanto,101,13,M,married,t,66.53,Average,0,41.7458,50.621,48.4,29.9,43.7,44.9,1,54.3219,0.7522,51.8435,1.5937,54.1378,24.7839,veteran,low,low,0,1,0,1,0,3,1,1
aa828ac84e23ec1b8910a65b10229937,Widya Purnama,83,1,F,single,t,100.0,Excellent,1,91.941,74.97,90.4,100.0,89.4,88.0,1,90.0732,0.9194,89.2673,1.0877,95.9705,8.059,junior,high,high,1,0,1,1,1,0,0,0
dbe93db4300a8feaadadd6edda982c24,Citra Tampubolon,104,5,M,married,f,71.72,Average,0,68.4977,41.236,82.1,73.5,59.5,58.8,1,61.6089,0.9678,61.2865,1.0471,70.1099,3.2243,mid,medium,low,0,1,0,0,0,1,2,1
a8d06fae4923c18eac7006d545dab63b,Kartini Sitompul,92,3,M,married,t,79.01,Good,1,65.0295,59.281,75.1,62.0,70.2,52.8,1,68.8989,0.8601,67.5004,1.2151,72.022,13.985,mid,medium,low,0,1,0,1,2,1,2,1
f4287709fc12475f94b96c3a10d8f660,Ahmad Sutanto,65,1,F,single,t,43.59,Below Average,0,48.3244,53.098,76.7,38.7,21.0,56.9,1,47.8619,0.9526,48.3355,0.902,45.9561,-4.7365,junior,low,low,0,0,1,1,3,0,1,1
89e5570b39a1156f3e4d02a5ddd3f623,Irwan Nasution,94,0,M,married,t,88.69,Good,0,84.2134,91.631,73.4,100.0,72.8,90.7,0,88.2298,0.9552,87.782,1.0532,86.4522,4.4776,junior,high,medium,1,1,0,1,2,0,0,2
86c2631d106eb9f6bed41fb65d3bdb22,Taufik Harahap,83,3,M,married,t,79.68,Good,0,72.5379,48.545,81.1,82.1,58.6,68.3,1,68.1953,0.9286,67.4815,1.0984,76.107,7.1382,mid,medium,low,0,1,0,1,2,1,2,1
0231ad70d22a3df73f2303f69cf536ff,Sri Sinaga,71,5,M,single,f,54.26,Below Average,0,58.2689,65.276,59.1,56.5,56.0,61.4,1,58.7692,0.96,59.1697,0.9313,56.2667,-4.0044,mid,low,low,0,1,1,0,3,1,1,1
cb7b1ffd77a7b9d673ebc05fadd12434,Hadi Tampubolon,89,1,F,married,t,23.94,Below Average,0,31.0656,30.46,30.8,32.5,33.1,27.9,1,28.0323,0.9287,28.7452,0.7705,27.501,-7.1291,junior,low,low,0,0,0,1,3,0,1,1
75403a4af24ac80d4371dbfb9285a363,Mega Susanto,62,3,M,single,t,69.84,Average,0,78.6823,57.711,65.6,76.7,81.9,90.6,1,68.8558,0.9116,69.7396,0.8877,74.2632,-8.8382,mid,low,medium,0,1,1,1,0,1,1,2
be82be4151ce3bd1db1b9ff3df1d7ff8,Sri Rahayu,95,3,O,married,t,100.0,Excellent,0,93.9794,84.165,94.0,84.1,99.0,98.7,1,93.4434,0.9398,92.8413,1.0641,96.9897,6.0206,mid,high,high,1,0,0,1,1,1,0,0
567b99dbe8310ff5e0ed4e1f01f6f8f5,Eko Utama,104,4,M,married,t,82.23,Good,0,69.7234,73.903,68.9,67.3,73.2,69.5,1,75.9788,0.875,74.7284,1.1793,75.9754,12.5041,mid,medium,low,0,1,0,1,2,1,2,1
caea12c156d11979da1443de1529aeb8,Taufik Permana,70,2,F,married,t,100.0,Excellent,0,100.0,100.0,100.0,100.0,100.0,100.0,0,100.0,1.0,100.0,1.0,100.0,0.0,junior,high,high,1,0,0,1,1,0,0,0
caa257c11aa566a377a6454a4554898a,Umi Manurung,64,4,F,married,t,93.5,Excellent,1,72.5934,59.462,64.0,78.4,80.1,67.8,1,77.0183,0.7909,74.9272,1.288,83.0486,20.9104,mid,high,low,1,0,0,1,1,1,0,1
a2a182b8856f9e8f4e74bda86ac7ca41,Nina Manurung,89,12,M,widow,t,81.53,Good,0,66.6874,68.937,68.1,70.6,67.0,61.0,1,73.3001,0.8516,71.8156,1.2226,74.1097,14.8445,veteran,medium,low,0,1,2,1,2,3,2,1
1929b1913395936aa47cbbe2570347e3,Agus Pratama,82,4,M,married,t,92.83,Excellent,1,87.333,93.823,81.2,89.0,86.1,93.0,0,91.4773,0.9451,90.928,1.0629,90.0797,5.4933,mid,high,medium,1,1,0,1,1,1,0,2
8517c702c8e23c78eb6763c1c47838e6,Sri Putra,75,4,M,married,t,80.01,Good,0,67.4448,76.993,57.3,67.3,70.8,74.4,1,75.3341,0.8744,74.0779,1.1863,73.7259,12.5622,mid,medium,low,0,1,0,1,2,1,2,1
c0113db5c1e64760249a7d9bcfe093bd,Rita Tampubolon,72,5,M,married,t,72.45,Average,0,70.2019,66.763,76.9,91.1,49.4,63.4,1,70.0699,0.9775,69.8449,1.032,71.3266,2.2494,mid,medium,low,0,1,0,1,0,1,2,1
1ec3c604c7cf79640b7d97de175a05ad,Ratna Setiawan,83,2,F,single,f,81.14,Good,0,59.1067,66.636,66.2,69.3,51.7,49.2,1,70.1784,0.7797,67.9752,1.3728,70.1228,22.0323,junior,medium,low,0,0,1,0,2,0,2,1
fffa4c240d9dcecea2db04a7a843b506,Nina Situmorang,67,0,M,married,t,86.22,Good,0,86.1612,77.317,74.6,92.7,78.1,99.2,1,83.533,0.9994,83.5267,1.0007,86.1927,0.0628,junior,high,medium,1,1,0,1,2,0,0,2
169fa7cfbadd3637e5bb3b64730cb1f5,Bambang Sinaga,71,6,M,single,t,69.47,Average,0,55.3687,61.187,64.0,53.0,50.4,54.1,1,62.7541,0.859,61.3441,1.2547,62.4187,14.1,senior,low,low,0,1,1,1,0,2,1,1
db90c2186e83ef770cf73d6305d46e8e,Kartini Susanto,78,6,M,married,f,37.62,Below Average,0,50.7768,43.775,58.1,40.6,55.4,48.9,1,43.4117,0.8684,44.7279,0.7408,44.196,-13.1617,senior,low,low,0,1,0,0,3,2,1,1
65469ade5240092d21af9e72af387a58,Irwan Nugraha,72,3,F,married,f,100.0,Excellent,0,86.6444,83.946,90.3,91.6,81.4,83.2,1,91.177,0.8664,89.8414,1.1541,93.3222,13.3556,mid,high,medium,1,0,0,0,1,1,0,2
648ff428dd2d2bfc1e12abaf16119d3d,Lina Rahayu,94,6,F,married,t,75.89,Good,0,65.8304,73.032,57.3,68.4,62.7,74.9,0,72.0128,0.8995,71.0073,1.1527,70.8577,10.0546,senior,medium,low,0,0,0,1,2,2,2,1
071dd59c3cdcfbb8c8116ca74897021f,Ahmad Simanjuntak,97,5,F,single,t,83.31,Good,1,75.3291,74.722,56.2,83.7,78.9,82.5,0,78.3385,0.9202,77.5406,1.1059,79.3187,7.9791,mid,medium,medium,0,0,1,1,2,1,2,2
281f7d41c4844ca3537053cc5810ecb4,Rita Purnama,93,2,M,single,t,67.83,Average,0,87.068,78.157,79.1,81.8,93.3,94.1,1,76.6989,0.8076,78.6229,0.779,77.4481,-19.2399,junior,low,medium,0,1,1,1,0,0,1,2
29d850614fcfff766287ea55c0a0ea7e,Deni Rahayu,67,8,F,married,t,71.27,Average,0,65.4377,57.112,55.1,54.5,84.1,68.0,1,65.2715,0.9417,64.6886,1.0891,68.352,5.8286,senior,medium,low,0,0,0,1,0,2,2,1
b16aafdd966a3a228cbb85f93b72ef6a,Anita Wijaya,91,6,F,married,t,84.01,Good,0,70.1368,78.03,59.0,79.4,72.4,69.8,1,78.0529,0.8613,76.6659,1.1978,77.072,13.8704,senior,medium,low,0,0,0,1,2,2,2,1
30f2740d865a10810d932248841fbf73,Citra Pratama,63,3,F,single,t,77.65,Good,0,69.8937,58.138,78.3,65.6,62.7,73.0,1,69.4709,0.9224,68.6949,1.111,73.7735,7.7596,mid,medium,low,0,0,1,1,2,1,2,1
7fdbb655ff53e7d715038f9388494607,Rahmat Hutabarat,74,3,F,widow,t,94.77,Excellent,0,95.6655,100.0,100.0,100.0,82.7,100.0,1,96.6066,0.991,96.6964,0.9906,95.2164,-0.8981,mid,high,high,1,0,2,1,1,1,0,0
4f2c47f8000c4a62b6c579731917f584,Indra Sinaga,70,8,F,single,f,83.04,Good,0,64.0887,72.347,65.6,51.3,62.1,77.3,1,74.1458,0.8105,72.2509,1.2957,73.5633,18.9491,senior,medium,low,0,0,1,0,2,2,2,1
28544f6798d082ea565e6b8afeff592f,Sri Sitompul,102,3,O,widow,t,81.2,Good,0,71.7498,68.415,77.0,57.9,61.6,90.5,1,74.5283,0.9055,73.5836,1.1317,76.4735,9.4474,mid,medium,low,0,0,2,1,2,1,2,1
00e23aa19edd230b8a1e105a3c35f867,Rini Utama,103,0,M,married,f,71.74,Average,1,78.5338,77.891,71.1,66.4,85.1,91.6,1,75.6216,0.932,76.3015,0.9134,75.1346,-6.7983,junior,medium,medium,0,1,0,0,0,0,2,2
2efaaef1dc6786c690b0b7e74c640b54,Fajar Sari,69,10,M,widow,f,100.0,Excellent,0,59.4024,50.183,39.3,84.0,53.2,61.1,1,72.8757,0.594,68.8159,1.6834,79.7012,40.5976,senior,high,low,1,1,2,0,1,2,0,1
73a2ff79d3555568b41639ab1c06609c,Zainal Sutanto,88,5,M,married,t,68.17,Average,0,74.0807,89.979,65.3,78.4,71.5,81.1,1,76.4876,0.9409,77.0782,0.9203,71.1277,-5.906,mid,low,low,0,1,0,1,0,1,1,1
3b1c19d2cb6ae78f6844ac89b5ff873c,Joko Sari,66,10,F,married,t,55.26,Below Average,0,44.7991,50.173,64.7,29.1,46.4,39.0,1,50.5959,0.8954,49.5497,1.2335,50.03,10.4618,senior,low,low,0,0,0,1,3,2,1,1
c10ff09e8677947403c9ec1a1ae18229,Ratna Setiawan,86,0,F,married,t,85.59,Good,0,83.3172,58.765,91.4,63.7,84.7,93.5,0,76.8623,0.9772,76.6346,1.0273,84.4556,2.2768,junior,high,medium,1,0,0,1,2,0,0,2
a22a00af9cd4426adb6a7912339c2118,Widya Yuliana,65,0,O,single,t,69.5,Average,0,79.2821,86.131,65.8,89.4,84.6,77.3,1,77.4221,0.9021,78.4008,0.8766,74.3888,-9.7867,junior,low,medium,0,0,1,1,0,0,1,2
b07f97c994845d24171b7be2d478ad1b,Novi Sinaga,86,2,M,single,f,50.71,Below Average,0,52.4115,64.323,52.4,68.2,45.1,44.0,1,55.303,0.983,55.4735,0.9675,51.5592,-1.7047,junior,low,low,0,1,1,0,3,0,1,1
b5358d6ce5c87543b7c94495afe9d1ae,Deni Sitompul,70,6,M,married,f,61.19,Average,0,67.8592,67.82,66.4,79.9,66.2,59.0,1,65.1784,0.9333,65.8456,0.9017,64.523,-6.6725,senior,low,low,0,1,0,0,0,2,1,1
19d30553baac89c74b631d5361fa79a6,Agus Pratama,74,7,M,married,t,92.7,Excellent,0,77.4786,84.384,90.1,72.6,73.3,74.0,1,85.6406,0.8477,84.118,1.1965,85.0917,15.2261,senior,high,medium,1,1,0,1,1,2,0,2
0efcf8ee9c542232f63bdbeca0ebc9be,Adi Sitompul,62,4,M,married,f,91.24,Excellent,0,86.6092,72.695,77.8,94.6,86.0,88.0,1,84.2892,0.9536,83.8257,1.0535,88.9269,4.6354,mid,high,medium,1,1,0,0,1,1,0,2
ec2a8c4580893b99abc21ad64a392a6f,Siti Sitompul,99,0,M,married,f,77.12,Good,0,71.8683,84.315,51.5,90.5,71.6,73.8,1,77.703,0.9475,77.1778,1.0731,74.4941,5.2517,junior,medium,low,0,1,0,0,2,0,2,1
d59042a07ca477213eb1a6ff3a403bba,Budi Setiawan,62,9,O,married,t,69.7,Average,0,62.3025,51.319,59.0,63.5,61.2,65.5,1,61.965,0.9261,61.2256,1.1187,65.9996,7.3942,senior,low,low,0,0,0,1,0,2,1,1
edc23655925660bec67685e0e42b837b,Ratna Setiawan,64,0,F,single,t,70.61,Average,0,54.1241,64.426,51.4,46.7,55.2,63.3,1,63.8092,0.8351,62.1605,1.3046,62.3672,16.4862,junior,medium,low,0,0,1,1,0,0,2,1
383ce58a3dc386be6dd3f2d0f2e0da1d,Rini Wijaya,79,2,M,married,f,98.06,Excellent,0,88.0562,100.0,82.6,89.0,80.6,100.0,1,95.6391,0.9,94.6391,1.1136,93.0558,9.9992,junior,high,medium,1,1,0,0,1,0,0,2
ee7a1da6dff6aa9242bfb28087e84d2d,Endang Prasetyo,62,2,M,single,t,79.8,Good,0,70.4051,89.844,64.4,75.2,66.5,75.4,1,79.9956,0.906,79.0558,1.1335,75.1038,9.3974,junior,medium,low,0,1,1,1,2,0,2,1
b4c19d519fa8d17a639ebb53d664637f,Sri Utama,62,3,F,married,t,100.0,Excellent,1,89.7595,100.0,100.0,100.0,78.4,80.7,1,96.9278,0.8976,95.9038,1.1141,94.8797,10.2405,mid,high,medium,1,0,0,1,1,1,0,2
afc0db2118fafe0ee09bc392315686ca,Zainal Nasution,66,2,M,widow,t,74.42,Average,0,63.8771,48.165,53.8,62.5,68.0,71.1,1,63.382,0.8945,62.3273,1.1651,69.1504,10.5467,junior,medium,low,0,1,2,1,0,0,2,1
d36f2529c49f6dbe91a25e3d29ee1144,Putri Susanto,87,5,F,single,t,74.51,Average,0,65.9239,60.407,70.2,55.0,53.0,85.5,1,67.7019,0.9142,66.8436,1.1302,70.2153,8.5828,mid,medium,low,0,0,1,1,0,1,2,1
9adb595d9680be572fc2eb13d75d342c,Irwan Sinaga,69,10,M,married,t,86.15,Good,0,61.8779,68.864,42.8,64.0,58.2,82.6,1,73.6813,0.7573,71.2544,1.3922,74.0124,24.2691,senior,high,low,1,1,0,1,2,2,0,1
fc903aebcfa55364c262c96d33594a4f,Siti Utama,96,6,F,married,t,77.52,Good,1,49.8039,63.055,49.0,41.8,36.8,71.6,1,64.8657,0.7228,62.0941,1.5565,63.6619,27.716,senior,medium,low,0,0,0,1,2,2,2,1
e5e06dccd7d4eb9c931fca843b0130d9,Maya Rahayu,72,3,M,single,t,83.54,Good,0,60.987,70.507,47.5,72.4,59.3,64.8,1,72.8639,0.7745,70.6087,1.3698,72.2632,22.5525,mid,medium,low,0,1,1,1,2,1,2,1
b19fb52d1efbafb2e6e50b78d475b472,Suci Nasution,64,0,F,married,t,88.68,Good,0,75.3844,81.165,64.7,69.2,81.9,85.7,1,82.435,0.8671,81.1059,1.1763,82.03,13.2911,junior,high,medium,1,0,0,1,2,0,0,2
134c74fececf3489eba6f26ef1c6c803,Vina Sinaga,92,3,F,single,t,59.56,Below Average,0,70.6656,72.496,78.0,77.2,68.5,58.9,1,66.7716,0.8889,67.8824,0.8428,65.1118,-11.1077,mid,low,low,0,0,1,1,3,1,1,1
2e52cc57b0882ac050bd181ae3ae9ed1,Mega Sari,91,6,M,single,t,78.56,Good,0,74.406,66.56,90.4,66.1,74.5,66.6,1,73.7141,0.9585,73.2987,1.0558,76.4832,4.1544,senior,medium,low,0,1,1,1,2,2,2,1
49822de1eb80f797dfb0f9d4082ecebc,Ratna Rahayu,73,1,M,single,t,97.79,Excellent,0,81.0562,68.261,76.3,79.4,83.2,85.4,1,83.9116,0.8327,82.2381,1.2065,89.4235,16.7347,junior,high,medium,1,1,1,1,1,0,0,2
095e542c95dde7589137e3c9bbfab805,Sri Susanto,72,9,F,married,t,96.04,Excellent,1,91.414,100.0,98.9,85.1,90.9,90.8,1,95.8416,0.9537,95.3786,1.0506,93.7287,4.6295,senior,high,high,1,0,0,1,1,2,0,0
8d808aa7a9cb3715da67bcebd7bbf2b4,Budi Sitompul,98,3,M,married,t,100.0,Excellent,0,100.0,100.0,100.0,100.0,100.0,100.0,1,100.0,1.0,100.0,1.0,100.0,0.0,mid,high,high,1,1,0,1,1,1,0,0
b3fdedb41607b7e7da2b2963656efc70,Widya Prasetyo,73,4,F,married,t,82.47,Good,0,71.7151,69.955,73.5,65.1,67.8,80.6,1,75.4887,0.8925,74.4133,1.15,77.0922,10.7542,mid,medium,low,0,0,0,1,2,1,2,1
524d1148bc66c521aa95981dbccd309f,Hadi Sutanto,108,0,M,married,t,51.94,Below Average,0,44.802,71.449,38.8,36.2,51.6,52.7,1,55.6531,0.9286,54.9389,1.1594,48.3734,7.1428,junior,low,low,0,1,0,1,3,0,1,1
2281abb15a1dce5d4fdb0ddb94141e4d,Rahmat Rahayu,61,6,M,single,t,76.44,Good,0,78.8579,71.998,83.9,82.5,70.7,78.3,1,75.8338,0.9758,76.0754,0.9694,77.6503,-2.4152,senior,medium,medium,0,1,1,1,2,2,2,2
82d7a9207c7489daebb1975a65505877,Tri Susanto,103,7,M,single,f,86.02,Good,1,85.6683,93.986,81.8,92.6,84.7,83.4,1,88.3044,0.9965,88.2692,1.0041,85.8441,0.3517,senior,high,medium,1,1,1,0,2,2,0,2
195f70c6c6be5c9eefe88191c7594837,Fajar Rahayu,75,2,M,single,t,100.0,Excellent,1,83.9604,81.856,84.8,70.2,87.0,93.9,1,89.7448,0.8396,88.1408,1.191,91.9802,16.0396,junior,high,medium,1,1,1,1,1,0,0,2
ddbbeb6f50607602d32d6a2aa64ef0ec,Irwan Sitompul,97,5,F,married,t,98.1,Excellent,0,88.4114,87.896,68.3,85.9,100.0,99.4,1,92.1342,0.9031,91.1649,1.1096,93.2581,9.6934,mid,high,medium,1,0,0,1,1,1,0,2
245f1dd3d0f02460cbfaa240948a7f2c,Tri Sutanto,71,1,M,married,t,100.0,Excellent,1,95.125,94.33,87.2,95.0,100.0,98.4,1,96.8365,0.9512,96.349,1.0512,97.5625,4.875,junior,high,high,1,1,0,1,1,0,0,0
4c7949372e4539a19ef45068f585c47e,Wati Prasetyo,99,6,M,married,t,100.0,Excellent,1,96.6623,96.425,93.8,92.8,100.0,100.0,1,97.9261,0.9666,97.5923,1.0345,98.3311,3.3377,senior,high,high,1,1,0,1,1,2,0,0
70675055120209e37024e86586a1d135,Suci Manurung,75,3,M,married,t,100.0,Excellent,0,91.1317,100.0,96.3,76.6,91.6,100.0,1,97.3395,0.9113,96.4527,1.0973,95.5659,8.8683,mid,high,high,1,1,0,1,1,1,0,0
38196e658c7f94c4f8e8d78625e4590f,Sri Wibowo,87,5,M,widow,f,99.77,Excellent,1,91.5769,98.672,95.1,100.0,86.0,85.2,1,96.9827,0.9181,96.1634,1.0895,95.6735,8.1931,mid,high,high,1,1,2,0,1,1,0,0
6fed7fcbdcde653f2189a07d114a5cfd,Lina Saputra,64,0,F,widow,t,100.0,Excellent,0,88.6228,100.0,91.8,83.3,100.0,79.4,0,96.5868,0.8862,95.4491,1.1284,94.3114,11.3772,junior,high,medium,1,0,2,1,1,0,0,2
1a723df3ab26c231b589c473687efcf1,Siti Wibowo,102,4,M,married,f,84.92,Good,1,85.3168,78.295,79.2,88.2,81.9,92.0,1,83.0533,0.9961,83.0925,0.9954,85.1207,-0.3922,mid,medium,medium,0,1,0,0,2,1,2,2
17a34c1ef1e7bfbfcde4508e5f763993,Kartini Pratama,88,4,M,married,f,75.81,Good,0,68.9887,67.613,75.1,70.6,61.4,68.8,1,71.306,0.9317,70.6235,1.0989,72.4012,6.825,mid,medium,low,0,1,0,0,2,1,2,1
32fd28c2374338d0dbdb4fb82c11426c,Deni Manurung,79,2,F,married,t,62.05,Average,0,59.1173,69.626,40.5,49.7,73.4,72.8,1,63.443,0.9707,63.1497,1.0496,60.5839,2.9331,junior,low,low,0,0,0,1,0,0,1,1
1ddb073bacab107a5cab61530ef316a9,Sri Sutanto,109,2,M,single,t,47.7,Below Average,0,42.6709,31.896,48.1,52.8,34.5,35.3,1,41.4495,0.9497,40.9467,1.1178,45.1848,5.0278,junior,low,low,0,1,1,1,3,0,1,1
a7a9d8e68addbcc197a01e83b81b7c19,Vina Sitompul,95,6,M,single,t,62.54,Average,0,59.6701,60.209,63.4,53.6,70.7,50.9,1,60.9789,0.9713,60.6921,1.0481,61.1041,2.8679,senior,low,low,0,1,1,1,0,2,1,1
0fed634628dc1a46e597f00d3abb0b00,Nina Manurung,103,2,M,single,t,89.67,Good,0,76.2081,71.304,67.9,73.1,66.9,96.9,1,80.1219,0.8654,78.7757,1.1767,82.9393,13.4624,junior,high,medium,1,1,1,1,2,0,0,2
a1e9ec1a426bfecc184fff51bc69745f,Wati Sitompul,74,2,M,single,t,72.73,Average,0,83.6317,62.234,95.5,65.5,92.4,81.1,1,72.8507,0.891,73.9411,0.8696,78.1797,-10.904,junior,medium,medium,0,1,1,1,0,0,2,2
65499eb910b58a76f26d6a8403d1ad27,Vina Nasution,84,4,F,married,t,99.25,Excellent,0,80.8275,74.148,75.9,88.1,75.4,83.9,1,86.1939,0.8157,84.3513,1.228,90.0404,18.4258,mid,high,medium,1,0,0,1,1,1,0,2
191e72993adc493a300433bd088deecb,Umi Permana,87,1,F,married,t,86.99,Good,0,87.5733,70.154,91.9,97.6,88.2,72.6,1,82.1137,0.9942,82.1721,0.9933,87.2811,-0.5844,junior,high,medium,1,0,0,1,2,0,0,2
00faed3d25f2856f3d558346968fa84b,Anita Sutanto,84,0,M,married,t,100.0,Excellent,1,92.3262,75.757,87.4,97.3,100.0,84.6,1,90.425,0.9233,89.6576,1.0831,96.1631,7.6738,junior,high,high,1,1,0,1,1,0,0,0
12211149101c3e0422f3af52315bafba,Adi Simanjuntak,72,1,M,married,t,54.77,Below Average,0,45.5006,49.884,59.5,53.7,29.1,39.7,1,50.5251,0.9073,49.5977,1.2038,50.1376,9.2741,junior,low,low,0,1,0,1,3,0,1,1
51dffd557d123eff761c69c9f939329b,Indra Prasetyo,72,7,M,married,t,86.78,Good,1,75.9451,100.0,51.3,86.1,79.5,86.9,0,87.4947,0.8917,86.4114,1.1426,81.3615,10.8328,senior,high,medium,1,1,0,1,2,2,0,2
554c41e12d0bdf4dd7df84853520551b,Siti Yuliana,68,9,M,single,t,74.25,Average,0,56.329,56.952,43.2,70.5,56.5,55.2,1,63.6834,0.8208,61.8916,1.3181,65.2883,17.9186,senior,medium,low,0,1,1,1,0,2,2,1
5606e70060b784b39da5b48bcd5fb2ea,Indra Harahap,91,5,F,married,f,82.01,Good,0,87.8077,84.172,76.2,83.7,100.0,91.4,1,84.3988,0.942,84.9783,0.934,84.9101,-5.7951,mid,medium,medium,0,0,0,0,2,1,2,2
a9e8c79cb30b9422e2f62e1da76e2915,Lina Susanto,61,6,F,single,t,71.88,Average,0,50.9198,62.329,56.4,58.8,40.9,47.6,1,62.7285,0.7903,60.632,1.4117,61.4023,20.9651,senior,medium,low,0,0,1,1,0,2,2,1
b86213b2a4bbe7fc4b2d47e4ee0f39da,Suci Setiawan,99,3,F,single,f,95.36,Excellent,1,87.5904,81.27,85.9,84.7,94.0,85.8,1,88.8034,0.9223,88.0261,1.0887,91.4768,7.7729,mid,high,medium,1,0,1,0,1,1,0,2
cad22b6370fa649470ff9f848926007d,Rizki Wijaya,73,4,F,single,t,65.83,Average,0,50.3739,46.346,43.6,39.8,47.9,70.1,1,55.3496,0.8454,53.8036,1.3069,58.1039,15.46,mid,low,low,0,0,1,1,0,1,1,1
9b3618821384df373f56900a53e57f43,Kartini Saputra,82,2,M,single,t,86.11,Good,0,82.9998,82.739,79.6,90.9,82.1,79.5,1,84.1637,0.9689,83.8531,1.0374,84.5527,3.1057,junior,high,medium,1,1,1,1,2,0,0,2
7b8652b595bbe26f2743166406a5bb8f,Hadi Setiawan,74,4,M,single,t,79.99,Good,0,81.1541,63.673,76.1,80.9,88.8,78.9,0,75.4449,0.9884,75.5611,0.9857,80.573,-1.1623,mid,medium,medium,0,1,1,1,2,1,2,2
88fc9ad4ebe8d6c230144e4cb78bce49,Eko Nugraha,104,0,M,single,t,91.11,Excellent,1,90.9996,86.071,80.2,91.3,94.8,97.8,1,89.5669,0.9989,89.5554,1.0013,91.057,0.1148,junior,high,high,1,1,1,1,1,0,0,0
641e3985b56a8894871dfd4abcfdf779,Fajar Pratama,87,14,M,widow,t,74.08,Average,0,59.1265,49.375,65.1,59.9,45.3,66.2,1,62.1819,0.8505,60.6867,1.2529,66.6026,14.9522,veteran,medium,low,0,1,2,1,0,3,2,1
0480816a8e20ab5429a012861bc09cdd,Lina Simanjuntak,76,0,F,married,t,85.6,Good,0,80.8732,77.406,72.2,83.2,76.3,91.8,1,81.7258,0.9527,81.2526,1.0585,83.2391,4.7317,junior,high,medium,1,0,0,1,2,0,0,2
8d70de9ae7dc274d4d17723083176aa7,Citra Simanjuntak,86,8,M,single,t,73.26,Average,0,64.9599,69.647,84.0,44.8,59.9,71.1,1,69.6852,0.917,68.8554,1.1277,69.1087,8.2975,senior,medium,low,0,1,1,1,0,2,2,1
621693fcc49de82f0720c2cea19617de,Fitri Setiawan,72,2,M,married,t,58.14,Below Average,0,51.4709,53.068,49.2,36.7,59.5,60.5,1,54.6193,0.9333,53.952,1.1296,54.8074,6.673,junior,low,low,0,1,0,1,3,0,1,1
46ce9b6948fd9aa1604ecfee26437790,Indra Prasetyo,102,12,M,married,t,57.58,Below Average,0,38.6519,44.57,35.1,32.3,38.1,49.1,0,47.9981,0.8107,46.1054,1.4897,48.1153,18.9266,veteran,low,low,0,1,0,1,3,3,1,1
ac564eed2aafb7370076163a7218eb34,Citra Wijaya,74,7,O,single,f,69.44,Average,0,60.462,50.75,64.4,64.8,40.5,72.1,1,61.1414,0.9102,60.2431,1.1486,64.9533,8.9825,senior,low,low,0,0,1,0,0,2,1,1
6cdbda445e16f094a9015586bb322361,Yudi Sari,82,9,M,married,t,88.35,Good,0,80.871,87.713,88.8,75.3,100.0,59.3,0,85.915,0.9252,85.1672,1.0925,84.6103,7.4786,senior,high,medium,1,1,0,1,2,2,0,2
743866e327982e7b7207e962f443209b,Ahmad Putra,70,7,F,single,t,56.55,Below Average,0,46.0524,33.842,39.1,40.7,59.0,45.4,1,46.5871,0.8951,45.5376,1.2279,51.2998,10.4948,senior,low,low,0,0,1,1,3,2,1,1
4023c968f16ce15205dcbd106fb0a153,Yanti Manurung,68,5,F,married,t,63.83,Average,0,43.402,47.594,56.0,28.2,36.7,52.8,1,52.8296,0.7958,50.7871,1.4706,53.6144,20.4247,mid,low,low,0,0,0,1,0,1,1,1
cdb3e8faef6aff1007ef509abfa68baa,Rita Wibowo,100,0,M,single,t,63.22,Average,0,49.7765,42.177,45.7,50.4,55.1,47.8,0,52.8741,0.8656,51.5297,1.2701,56.4984,13.4437,junior,low,low,0,1,1,1,0,0,1,1
bb640575b030a32d591db7249e570c7c,Irwan Utama,70,4,M,married,t,52.39,Below Average,0,55.7687,54.092,41.9,70.5,52.1,58.7,1,53.9154,0.9662,54.253,0.9395,54.0809,-3.3754,mid,low,low,0,1,0,1,3,1,1,1
2109a1a861a720e5a6b3a860a87fc46f,Wati Saputra,72,9,F,single,t,67.66,Average,0,51.9759,55.517,48.5,69.4,54.8,35.2,1,59.3111,0.8432,57.7429,1.3017,59.8171,15.6824,senior,low,low,0,0,1,1,0,2,1,1
28956b45542fe543d7cd1dc7c198988e,Joko Sari,101,2,M,married,t,76.2,Good,0,55.1987,39.7,45.6,54.5,62.1,58.6,1,58.9512,0.7899,56.8507,1.3805,65.7013,21.0053,junior,medium,low,0,1,0,1,2,0,2,1
e7461b0de17668cbaf68ac162d4f90ee,Rini Nasution,81,3,M,single,t,99.04,Excellent,1,83.5469,85.014,88.0,78.6,88.2,79.4,1,90.1824,0.8451,88.6335,1.1854,91.2912,15.4886,mid,high,medium,1,1,1,1,1,1,0,2
1a1572d79c4916767c565c6272473349,Eko Nugraha,81,6,M,single,f,100.0,Excellent,1,88.1595,68.044,78.5,91.9,100.0,82.2,1,86.861,0.8816,85.677,1.1343,94.0798,11.8405,senior,high,medium,1,1,1,0,1,2,0,2
81209f9cfb9bb6a9c3d39cbb5b826c0a,Hendra Sinaga,105,0,M,single,t,48.97,Below Average,0,33.8244,9.405,31.7,21.8,43.7,38.1,1,32.5588,0.8485,31.0438,1.4479,41.3995,15.1501,junior,low,low,0,1,1,1,3,0,1,1
3557d81225c52f388f13a9e1833ef22c,Yanti Prasetyo,61,5,M,single,t,87.2,Good,1,79.3381,68.607,94.2,65.0,65.2,92.9,1,79.2638,0.9214,78.4775,1.0991,83.2694,7.8625,mid,high,medium,1,1,1,1,2,1,0,2
0449e12085d12f06fb1f407f10155ee7,Rahmat Purnama,75,3,M,married,t,82.47,Good,0,78.9865,76.41,78.9,76.9,75.3,84.9,1,79.6063,0.9652,79.2581,1.0441,80.7276,3.4824,mid,medium,medium,0,1,0,1,2,1,2,2
975181c74d91ef2d4982bc467530411e,Nina Utama,86,6,F,married,t,63.7,Average,0,57.0399,55.123,51.8,50.1,67.1,59.2,1,59.1301,0.9334,58.4638,1.1168,60.3714,6.6631,senior,low,low,0,0,0,1,0,2,1,1
82e209eb85b01589e4ac57fce9b3f68b,Bambang Nasution,104,2,M,married,f,77.48,Good,0,68.863,57.972,77.8,69.5,66.9,61.3,1,69.0428,0.9138,68.1811,1.1251,73.1719,8.6178,junior,medium,low,0,1,0,0,2,0,2,1
fbc5ea22d85ecdc7bafba08795adc4cf,Fitri Prasetyo,90,0,F,married,t,41.87,Below Average,0,69.365,75.113,76.9,65.0,52.6,83.0,1,60.0917,0.7251,62.8411,0.6036,55.618,-27.494,junior,low,low,0,0,0,1,3,0,1,1
abfa88ea3b476ad2cc34060920534eea,Ratna Susanto,105,0,M,married,f,76.17,Good,0,75.956,49.202,98.3,66.3,55.0,84.3,1,68.0171,0.9978,67.9953,1.0029,76.0651,0.2183,junior,medium,medium,0,1,0,0,2,0,2,2
000749a8d64dc38fdb66bd0da47cacb7,Adi Sutanto,103,1,M,widow,t,92.45,Excellent,1,82.1078,98.094,79.3,98.2,76.2,74.7,1,91.039,0.8966,90.0052,1.1259,87.2771,10.3384,junior,high,medium,1,1,2,1,1,0,0,2
ca03e57dbf8b93fa143addf664554026,Ahmad Manurung,64,5,F,married,t,94.63,Excellent,0,95.9001,69.747,100.0,96.1,100.0,87.5,1,87.5447,0.9873,87.672,0.9867,95.2634,-1.2735,mid,high,high,1,0,0,1,1,1,0,0
ff097e93b56b41a1cf7080a1172732c3,Joko Pratama,67,12,M,married,t,69.05,Average,0,67.6232,76.909,71.4,84.5,65.1,49.5,1,70.981,0.9857,70.838,1.0211,68.3382,1.4301,veteran,low,low,0,1,0,1,0,3,1,1
19700c12ca70f7f7a3626adfe2cb8122,Yanti Harahap,94,8,F,married,t,73.52,Average,0,71.4219,77.797,95.7,76.9,58.7,54.5,0,74.1723,0.9791,73.9629,1.0293,72.4692,2.0944,senior,medium,low,0,0,0,1,0,2,2,1
9f3adf80a7c85ebca1613e5ec5355cfc,Nina Sinaga,72,7,F,single,t,94.1,Excellent,1,80.5414,90.508,64.3,77.2,94.0,86.6,1,88.954,0.8644,87.5983,1.1683,87.3197,13.5566,senior,high,medium,1,0,1,1,1,2,0,2
a2833173179a9af2f2948efe29b2a2c0,Taufik Setiawan,73,0,M,single,t,83.15,Good,0,77.6039,52.644,74.7,65.3,100.0,70.4,1,72.3363,0.9445,71.7812,1.0715,80.3793,5.5508,junior,medium,medium,0,1,1,1,2,0,2,2
804364268e3ede496e6743a72e040367,Indra Situmorang,108,1,M,married,t,40.02,Below Average,0,41.9743,66.411,41.4,33.2,50.8,42.5,1,48.5234,0.9805,48.7189,0.9534,40.9971,-1.9545,junior,low,low,0,1,0,1,3,0,1,1
99c8ef17e5b3979833f36c3c53cb1fac,Nina Susanto,95,5,M,married,f,79.59,Good,1,88.0363,73.998,78.2,87.0,87.0,100.0,1,80.4457,0.9155,81.2905,0.904,83.8123,-8.448,mid,medium,medium,0,1,0,0,2,1,2,2
38dae3514a6c64cdf02c5f18970f9ced,Putri Sinaga,98,4,M,single,t,80.38,Good,0,62.4989,81.953,55.0,59.2,52.5,83.3,1,75.4893,0.8211,73.7007,1.2862,71.4417,17.8855,mid,medium,low,0,1,1,1,2,1,2,1
49c475d7435230be86045389863330e5,Irwan Nugraha,89,6,M,married,f,47.56,Below Average,0,48.4527,44.839,41.5,70.2,36.3,45.8,1,47.0112,0.9911,47.1005,0.9816,48.0061,-0.8933,senior,low,low,0,1,0,0,3,2,1,1
20026322dea7a1cb3082510e901b86f7,Yuni Permana,96,10,F,single,t,62.22,Average,0,48.2891,59.284,51.2,60.5,31.2,50.3,0,57.1603,0.8607,55.7671,1.2885,55.2551,13.932,senior,low,low,0,0,1,1,0,2,1,1
18abec6001fee750b8fe6462f25c3f72,Deni Sari,81,0,F,married,t,83.77,Good,0,65.9271,67.683,58.1,70.5,62.2,72.9,1,73.5921,0.8215,71.8075,1.2707,74.85,17.8457,junior,medium,low,0,0,0,1,2,0,2,1
351e2e845fbe2951a86f35edc084bda5,Bambang Saputra,106,9,O,married,t,63.83,Average,0,78.2563,41.763,80.9,100.0,62.1,70.0,1,61.5379,0.8557,62.9805,0.8157,71.0433,-14.4261,senior,low,medium,0,0,0,1,0,2,1,2
2d0f0b4d82f8108803dd727dc66c26c7,Citra Wijaya,108,0,M,single,t,78.9,Good,0,92.3974,80.15,91.7,94.1,91.8,91.9,0,83.3228,0.865,84.6729,0.8539,85.647,-13.5009,junior,medium,high,0,1,1,1,2,0,2,0
7a5277672d91193011936489dac35be4,Ratna Susanto,86,7,M,married,t,87.0,Good,0,73.5322,68.588,77.6,65.7,62.8,88.0,1,77.4381,0.8653,76.0909,1.1832,80.2685,13.4726,senior,high,low,1,1,0,1,2,2,0,1
6b62658f58d9d4e638f876ffca411147,Fajar Situmorang,106,3,F,widow,t,80.12,Good,0,69.7601,72.562,73.8,67.2,56.7,81.4,1,74.7462,0.8964,73.7098,1.1486,74.9421,10.3639,mid,medium,low,0,0,2,1,2,1,2,1
e6bfd2567bdc07c235cd2eb5c26bee30,Irwan Saputra,87,4,F,married,t,69.31,Average,0,51.7798,48.41,73.4,31.5,64.1,38.1,1,57.7812,0.8247,56.0281,1.3386,60.5452,17.5308,mid,low,low,0,0,0,1,0,1,1,1
d11b68c92b6ada1046b802f64c8b8df1,Maya Tampubolon,85,10,O,single,t,100.0,Excellent,1,88.5698,100.0,100.0,72.5,81.8,100.0,1,96.5709,0.8857,95.4279,1.1291,94.2849,11.4302,senior,high,medium,1,0,1,1,1,2,0,2
d76ea9795d021304e837b50eb1e492be,Mega Sari,103,2,F,single,t,95.47,Excellent,0,80.5312,81.833,85.5,62.0,91.5,83.1,1,86.8985,0.8506,85.4043,1.1855,88.002,14.9416,junior,high,medium,1,0,1,1,1,0,0,2
5dc454a27858a00c65d075288f152993,Tri Utama,87,5,M,single,t,81.1,Good,1,95.1593,79.006,91.6,99.7,93.5,95.9,1,84.6885,0.8594,86.0947,0.8522,88.1283,-14.062,mid,medium,high,0,1,1,1,2,1,2,0
a2f08500c417c3bad25f573df7fd1ddb,Nina Sari,94,10,M,single,f,95.89,Excellent,1,93.1198,85.487,99.1,88.7,100.0,84.7,1,91.9384,0.9723,91.6612,1.0298,94.5055,2.7715,senior,high,high,1,1,1,0,1,2,0,0
21d8bf2d9f94895e6376558876e65603,Yuni Pratama,77,3,F,married,t,81.65,Good,0,78.2671,66.769,84.8,64.5,83.5,80.2,0,76.1702,0.9662,75.832,1.0432,79.9579,3.3816,mid,medium,medium,0,0,0,1,2,1,2,2
b3b4e8507c6cad86b0321946bbce9dca,Wati Purnama,104,8,F,single,t,87.38,Good,1,79.5482,74.885,91.2,77.4,74.1,75.4,1,81.2834,0.9216,80.4998,1.0985,83.466,7.8357,senior,high,medium,1,0,1,1,2,2,0,2
5991068ed409b1b6d7b801b2475e40d3,Deni Tampubolon,70,2,M,married,t,59.21,Below Average,0,70.7847,47.614,73.7,74.0,74.0,61.5,1,59.2056,0.8843,60.3626,0.8365,64.9996,-11.5701,junior,low,low,0,1,0,1,3,0,1,1
1bcfed172ddb7191650732d54264fa64,Vina Tampubolon,82,3,M,married,t,60.79,Average,0,72.0036,53.384,62.4,69.2,80.0,76.4,1,61.9334,0.8879,63.0545,0.8443,66.3983,-11.2106,mid,low,low,0,1,0,1,0,1,1,1
95bcea22f0f59733413a85e5d94c9558,Anita Susanto,81,3,M,single,t,68.52,Average,0,69.0754,68.076,73.3,69.4,67.6,66.0,1,68.5518,0.9944,68.6078,0.9919,68.7956,-0.5595,mid,low,low,0,1,1,1,0,1,1,1
5a6d95055eb2abf9d40e7c59bb1e4038,Joko Sitompul,84,10,M,married,t,99.65,Excellent,1,70.4057,68.975,74.0,65.6,68.4,73.7,1,81.6725,0.7076,78.7485,1.4153,85.0257,29.24,senior,high,low,1,1,0,1,1,2,0,1
b228556934e5261ec1e71d0c6ce86599,Novi Wibowo,76,6,M,single,t,74.26,Average,0,65.3226,73.321,64.8,69.4,59.6,67.5,1,71.2957,0.9107,70.4023,1.1368,69.7895,8.9339,senior,medium,low,0,1,1,1,0,2,2,1
f6da92e806eb74632f4cfd9df5a2386f,Zainal Harahap,88,7,F,single,f,93.51,Excellent,0,70.4733,53.498,62.7,79.5,71.0,68.6,1,74.595,0.7696,72.2914,1.3269,81.9913,23.036,senior,high,low,1,0,1,0,1,2,0,1
4afca0674bf90fb523bbf4ea8c18399a,Indra Manurung,107,8,F,married,t,86.9,Good,1,79.4249,79.256,84.4,61.4,90.1,81.8,1,82.3662,0.9252,81.6182,1.0942,83.1647,7.4796,senior,high,medium,1,0,0,1,2,2,0,2
08b2b184965eb1e72fcf1c5355480285,Fitri Situmorang,74,0,M,married,t,100.0,Excellent,0,83.3037,80.752,85.2,88.6,86.7,72.7,0,89.2169,0.833,87.5472,1.2004,91.6519,16.6963,junior,high,medium,1,1,0,1,1,0,0,2
d9f082645791e69d86f1652810484773,Novi Permana,73,14,M,single,t,60.99,Average,0,75.3388,59.676,85.5,81.3,59.9,74.6,1,64.9,0.8565,66.335,0.8095,68.164,-14.3495,veteran,low,medium,0,1,1,1,0,3,1,2
9f428c0666aae024f5d70479b095c43a,Indra Sinaga,61,11,F,married,t,80.21,Good,0,78.9988,71.174,53.3,94.7,71.2,96.7,1,77.1342,0.9879,77.0135,1.0153,79.6023,1.2069,veteran,medium,medium,0,0,0,1,2,3,2,2
0ff1a0349924154da0c7f33a23a32a94,Siti Situmorang,66,11,M,single,t,59.74,Below Average,0,64.882,57.04,43.7,79.0,71.3,65.5,1,60.4739,0.9486,60.9878,0.9208,62.3125,-5.139,veteran,low,low,0,1,1,1,3,3,1,1
6bf9d6d3c5ec2cfd7197182e11cc61e6,Tri Rahayu,98,8,F,married,t,74.56,Average,0,69.1288,68.157,78.3,48.3,81.5,68.5,1,71.011,0.9457,70.4676,1.0786,71.8458,5.4341,senior,medium,low,0,0,0,1,0,2,2,1
5df92f536fe7f242af8077531a82ce2f,Putri Setiawan,68,0,M,single,t,98.76,Excellent,0,74.4453,88.456,77.8,74.4,74.6,71.0,1,88.374,0.7569,85.9427,1.3266,86.6021,24.3138,junior,high,low,1,1,1,1,1,0,0,1
ee490a869f90e1dcc8345820dda6bf16,Maya Rahayu,79,8,F,married,t,88.27,Good,1,96.1955,79.422,99.9,94.5,91.8,98.5,1,87.9938,0.9208,88.7862,0.9176,92.2335,-7.9239,senior,high,high,1,0,0,1,2,2,0,0
203e958aa6d377016cb1dab545636608,Adi Sutanto,80,5,M,widow,t,57.52,Below Average,0,57.2773,43.14,54.7,70.9,52.9,50.7,1,53.133,0.9976,53.1088,1.0042,57.3985,0.2423,mid,low,low,0,1,2,1,3,1,1,1
453c369672ab9d9669926fe1dce5f383,Andi Setiawan,73,4,F,married,t,93.81,Excellent,1,88.2997,100.0,76.7,100.0,79.3,97.2,1,94.0126,0.9449,93.4619,1.0624,91.0532,5.5071,mid,high,medium,1,0,0,1,1,1,0,2
ca8a1fc09cf3bd8d48885ca31efe319d,Mega Sari,66,2,O,married,t,69.71,Average,0,73.1681,86.713,86.0,63.8,78.9,64.1,1,75.8497,0.9655,76.1952,0.9528,71.4406,-3.4549,junior,low,low,0,0,0,1,0,0,1,1
182dd4b76602143105dd40402c9412c6,Ahmad Wibowo,88,1,F,married,f,98.04,Excellent,0,86.2964,78.027,85.3,81.4,100.0,78.5,1,88.512,0.8826,87.3379,1.1361,92.1669,11.7411,junior,high,medium,1,0,0,0,1,0,0,2
a041a05243df7cf894c8384f858b28b8,Indra Harahap,69,12,F,married,f,82.59,Good,0,77.8131,50.184,94.1,73.7,75.8,67.7,1,71.4343,0.9523,70.9568,1.0614,80.2005,4.7747,veteran,medium,medium,0,0,0,0,2,3,2,2
fbcb6756f78dc0c4a9c1f1969eab44a0,Budi Sari,74,2,M,single,t,89.84,Good,0,72.3214,78.91,68.3,73.9,79.3,67.7,1,81.3045,0.8248,79.5528,1.2422,81.0796,17.5165,junior,high,low,1,1,1,1,2,0,0,1
3001e73cd203a73df860609b3ec01e66,Sari Yuliana,83,3,F,single,f,61.66,Average,0,54.602,72.677,38.8,60.6,50.0,69.0,1,62.8485,0.9294,62.1425,1.1293,58.132,7.0599,mid,low,low,0,0,1,0,0,1,1,1
147244b90ee011575cb3d6f6bcf7c642,Tri Sari,77,2,F,single,t,100.0,Excellent,1,98.8198,100.0,100.0,100.0,100.0,95.3,1,99.6459,0.9882,99.5279,1.0119,99.4099,1.1802,junior,high,high,1,0,1,1,1,0,0,0
b0b2554871dda6db13a131c0a8816618,Putri Setiawan,87,6,F,single,f,55.23,Below Average,0,62.8334,71.918,71.1,43.8,57.4,79.0,1,62.5188,0.924,63.2787,0.879,59.0335,-7.5997,senior,low,low,0,0,1,0,3,2,1,1
e642c5fb93ca6916aaa4ca9e4f7f1b6d,Taufik Tampubolon,66,3,M,single,t,70.54,Average,0,66.2908,60.57,62.6,57.1,52.1,93.5,1,66.2745,0.9575,65.8495,1.0641,68.4159,4.2502,mid,medium,low,0,1,1,1,0,1,2,1
064addcdfe14302a47fecf2d66d873e3,Putri Setiawan,66,4,M,married,t,88.63,Good,0,100.0,100.0,100.0,100.0,100.0,100.0,1,95.45,0.8863,96.5875,0.8863,94.3125,-11.375,mid,high,high,1,1,0,1,2,1,0,0
96b819220f1a803ebbd5e9c71005c721,Lina Sinaga,95,0,M,married,t,56.77,Below Average,0,61.1677,62.73,62.7,60.1,54.7,67.1,1,59.8767,0.956,60.3166,0.9281,58.968,-4.3995,junior,low,low,0,1,0,1,3,0,1,1
8de038cfb70d00fd3de49919ee142974,Yuni Setiawan,65,4,M,single,t,67.98,Average,0,74.2739,80.514,89.0,79.5,60.5,68.1,0,73.6295,0.9371,74.2586,0.9153,71.1285,-6.2908,mid,low,low,0,1,1,1,0,1,1,1
b170276c5df585d09e493cbea1a6c568,Budi Nugraha,70,2,F,married,t,59.99,Below Average,0,78.8496,63.542,80.5,78.4,77.3,79.3,1,66.7116,0.8114,68.598,0.7608,69.4176,-18.864,junior,low,medium,0,0,0,1,3,0,1,2
42426bf71dc676f6b90b15b537c6a15e,Umi Saputra,105,5,F,single,t,92.96,Excellent,1,97.5295,95.136,100.0,98.6,98.4,93.1,1,94.9855,0.9543,95.442,0.9532,95.247,-4.565,mid,high,high,1,0,1,1,1,1,0,0
de86dc88bec63581b24974bac7737d0c,Dewi Hutabarat,65,2,F,married,t,100.0,Excellent,1,98.0739,100.0,100.0,92.3,100.0,100.0,1,99.4222,0.9807,99.2296,1.0196,99.037,1.9261,junior,high,high,1,0,0,1,1,0,0,0
ae776d2150cdbe26d9f14b7baa31c00c,Lina Saputra,109,0,F,married,t,71.04,Average,0,62.7088,53.339,64.5,53.4,68.1,64.8,1,63.2283,0.9167,62.3957,1.1328,66.872,8.3265,junior,medium,low,0,0,0,1,0,0,2,1
2183af81e189fd81498188a205b512ec,Citra Tampubolon,65,5,M,married,t,76.51,Good,0,57.3188,61.885,62.9,45.8,50.9,69.7,1,66.3649,0.8081,64.4458,1.3348,66.914,19.1903,mid,medium,low,0,1,0,1,2,1,2,1
e839d87b01967dcf4262751b17502532,Siti Nugraha,93,5,F,single,t,80.93,Good,0,58.7566,71.919,42.7,57.9,66.3,68.2,1,71.5746,0.7783,69.3573,1.3774,69.8432,22.1732,mid,medium,low,0,0,1,1,2,1,2,1
350f294fe973782b934cb26efae3cc97,Novi Nasution,101,6,M,married,t,52.0,Below Average,0,67.6171,47.842,66.0,55.2,66.7,82.6,1,55.4369,0.8438,56.9988,0.769,59.8073,-15.6195,senior,low,low,0,1,0,1,3,2,1,1
065c583bef6c159d1d588e8e09566ee3,Endang Hutabarat,70,7,M,married,t,55.9,Below Average,0,52.0488,53.21,62.9,46.0,56.5,42.8,1,53.9384,0.9615,53.5531,1.074,53.9753,3.853,senior,low,low,0,1,0,1,3,2,1,1
a0d6f5b514d4b90b1568269e02131b4f,Hadi Putra,66,7,F,single,t,92.25,Excellent,0,65.6251,55.819,74.3,51.7,66.4,70.1,1,73.3331,0.7338,70.6707,1.4057,78.9375,26.6247,senior,high,low,1,0,1,1,1,2,0,1
254cabf184952df0799db677d96799ec,Mega Sinaga,89,7,M,married,t,76.34,Good,0,68.797,59.836,62.4,69.4,69.2,74.2,1,69.126,0.9246,68.3717,1.1096,72.5688,7.5434,senior,medium,low,0,1,0,1,2,2,2,1
463669f628b1fb08276b4dfb576909f1,Suci Nugraha,93,11,F,married,t,87.14,Good,1,78.2183,84.873,67.4,63.8,90.6,91.1,1,83.7828,0.9108,82.8908,1.114,82.6783,8.92,veteran,high,medium,1,0,0,1,2,3,0,2
b3f176f7a60ee9ef4770f05322df01e7,Dewi Saputra,63,10,M,single,t,98.68,Excellent,0,84.3307,98.821,66.3,94.0,86.9,90.1,1,94.4182,0.8565,92.9831,1.1702,91.5061,14.3508,senior,high,medium,1,1,1,1,1,2,0,2
1aa292b337e75f8988887a225d01d1cc,Fitri Nasution,88,5,M,married,t,72.12,Average,0,57.283,69.017,52.6,66.6,53.9,56.0,1,66.7363,0.8517,65.2531,1.2589,64.6993,14.8326,mid,medium,low,0,1,0,1,0,1,2,1
004d3b9a5e6272e0061dd3877e87dfc9,Umi Wibowo,81,0,M,married,t,65.85,Average,0,69.735,60.939,77.8,50.6,73.5,77.1,1,65.5438,0.9612,65.9319,0.9443,67.7943,-3.8813,junior,low,low,0,1,0,1,0,0,1,1
95dffda326d2bd0045ebf174f01430c4,Fajar Simanjuntak,86,4,M,married,f,71.71,Average,0,65.1214,72.18,61.6,75.8,63.3,59.8,1,69.8758,0.9341,69.2166,1.1012,68.4175,6.5921,mid,medium,low,0,1,0,0,0,1,2,1
7b12ae5b446e707dafe5611e5a13cdec,Kartini Simanjuntak,82,13,M,single,t,73.92,Average,0,71.2092,59.623,76.3,63.2,63.8,81.6,1,68.8159,0.9729,68.5452,1.038,72.5622,2.7061,veteran,medium,low,0,1,1,1,0,3,2,1
fa8575d9264df87d4be04fc6ed0a0523,Yuni Tampubolon,63,3,F,single,t,69.22,Average,0,61.1627,53.532,44.6,60.2,80.2,59.6,1,62.0948,0.9195,61.2894,1.1317,65.1893,8.0533,mid,low,low,0,0,1,1,0,1,1,1
00ae00c2441faf30d932969dbc124ac5,Rita Tampubolon,108,0,F,single,t,62.83,Average,0,76.0308,97.295,94.1,69.0,82.2,58.8,1,77.1299,0.868,78.45,0.8264,69.4306,-13.2004,junior,low,medium,0,0,1,1,0,0,1,2
d4b6060477a36b5c9d6fa0919ba4f2c4,Adi Prasetyo,86,5,F,widow,t,47.66,Below Average,0,36.0412,35.937,24.1,51.1,35.8,33.2,1,40.658,0.8838,39.496,1.3224,41.8515,11.6205,mid,low,low,0,0,2,1,3,1,1,1
937bf7a1a915c29762775d2308640b6e,Umi Sari,79,3,M,single,f,77.14,Good,0,76.9598,72.488,77.4,82.4,74.0,74.0,1,75.6917,0.9982,75.6733,1.0024,77.0516,0.1837,mid,medium,medium,0,1,1,0,2,1,2,2
0280bf5909b12f4ea4f46a7bd5cbfa61,Taufik Susanto,76,2,F,widow,t,73.38,Average,0,66.5494,70.628,65.1,61.6,72.0,67.4,1,70.5048,0.9317,69.8218,1.1026,69.9642,6.8295,junior,medium,low,0,0,2,1,0,0,2,1
cb828b31272dcb58e2d044ec1f686ed3,Kartini Harahap,80,2,M,single,t,46.14,Below Average,0,50.3353,40.609,64.9,44.4,37.8,54.3,1,45.7411,0.9581,46.1602,0.9167,48.2401,-4.1905,junior,low,low,0,1,1,1,3,0,1,1
1257a9515f5efef6ac92294598ee2222,Yuni Pratama,90,7,M,single,t,90.6,Excellent,0,88.6722,87.873,94.1,81.5,84.2,94.9,1,89.2023,0.9808,89.0099,1.0217,89.6344,1.9244,senior,high,medium,1,1,1,1,1,2,0,2
8d3ad7cfe220b28c2ecf9bed17949dcb,Kartini Permana,63,8,M,married,t,49.85,Below Average,0,52.1434,43.594,42.1,58.3,41.0,67.2,1,48.6632,0.9771,48.892,0.9561,50.9992,-2.2885,senior,low,low,0,1,0,1,3,2,1,1
c8f337dee5c297318ebb3c0c28b1ec00,Widya Susanto,98,6,M,married,t,81.33,Good,0,73.6035,67.078,59.8,75.1,92.1,67.4,1,74.7349,0.9228,73.9627,1.1049,77.4647,7.7226,senior,medium,low,0,1,0,1,2,2,2,1
c2fec23809563e5876ddccc415551998,Bambang Susanto,64,7,M,married,t,66.06,Average,0,63.7931,63.776,46.6,84.9,60.1,63.6,0,64.6944,0.9773,64.4678,1.0355,64.9259,2.2657,senior,low,low,0,1,0,1,0,2,1,1
52ea14398e1d4d9e68cb5d075d6e9ca1,Fitri Sari,86,6,M,single,t,63.5,Average,0,74.3997,38.035,58.7,73.7,74.4,90.7,1,59.1295,0.891,60.2197,0.8535,68.9488,-10.9017,senior,low,low,0,1,1,1,0,2,1,1
1ced03f2af2198c66695093663de8d60,Suci Manurung,64,4,F,single,t,58.62,Below Average,0,62.1654,54.213,77.1,55.6,50.8,65.2,1,58.3632,0.9646,58.7174,0.943,60.3947,-3.5415,mid,low,low,0,0,1,1,3,1,1,1
a148e63b09b70ea9740d92a3560ebe14,Sri Situmorang,75,4,M,married,f,71.13,Average,0,65.38,71.307,68.7,67.9,56.0,68.8,1,69.4599,0.9425,68.8844,1.088,68.2573,5.7546,mid,medium,low,0,1,0,0,0,1,2,1
b1ea9803556d88d799e162ffabf6b2db,Maya Situmorang,106,2,F,single,f,63.72,Average,0,72.1042,67.748,76.6,71.0,57.2,83.6,1,67.4434,0.9162,68.2819,0.8837,67.9117,-8.385,junior,low,low,0,0,1,0,0,0,1,1
4d95c30346e7980e81ba63f520ce5464,Fajar Purnama,75,1,F,married,t,67.48,Average,0,52.5713,61.456,52.7,55.1,51.8,50.7,1,61.1986,0.8509,59.7081,1.2835,60.0238,14.9052,junior,low,low,0,0,0,1,0,0,1,1
cde03b7c9e9c32303658100618bee754,Rizki Susanto,68,11,F,single,t,100.0,Excellent,1,86.6155,64.857,76.6,98.7,92.0,79.1,0,85.4417,0.8662,84.1032,1.1545,93.3077,13.3845,veteran,high,medium,1,0,1,1,1,3,0,2
8dd4682c79c746b9389778ca7782d31c,Taufik Rahayu,106,6,F,single,t,69.16,Average,0,68.5054,60.834,74.9,56.4,57.4,85.4,1,66.4663,0.9934,66.4008,1.0096,68.8332,0.6555,senior,low,low,0,0,1,1,0,2,1,1
f9c772b6d1d23b6528adba6bf5cb0238,Dewi Situmorang,71,3,F,single,f,72.71,Average,0,63.6047,55.781,69.2,47.7,73.7,63.8,1,64.9012,0.9089,63.9903,1.1432,68.1592,9.1091,mid,medium,low,0,0,1,0,0,1,2,1
1f56301d2327fecfdb2d401b7812f78f,Hendra Nugraha,62,9,F,married,t,77.28,Good,0,77.9176,69.994,66.8,81.8,87.5,75.7,1,75.2874,0.9937,75.3507,0.9919,77.6011,-0.6329,senior,medium,medium,0,0,0,1,2,2,2,2
439fdd04d437904e088958fc38cf62c4,Lina Pratama,80,7,M,married,t,91.97,Excellent,1,69.1407,80.852,53.2,79.9,73.7,69.8,1,81.7858,0.7717,79.5029,1.3302,80.5552,22.829,senior,high,low,1,1,0,1,1,2,0,1
ad1061712e9995b20561e8241b90d422,Maya Prasetyo,82,3,M,married,t,53.2,Below Average,0,41.9291,50.017,23.7,38.5,49.3,56.2,1,48.8652,0.8873,47.7377,1.2689,47.5663,11.2745,mid,low,low,0,1,0,1,3,1,1,1
1d14c5823c9cb17e80319218a972eff4,Agus Yuliana,68,9,O,married,t,100.0,Excellent,1,86.4291,79.295,89.7,83.3,86.5,86.2,1,89.7172,0.8643,88.3602,1.157,93.2146,13.5709,senior,high,medium,1,0,0,1,1,2,0,2
8b022054ae2e3fc7d9a8fa434905185c,Indra Harahap,104,5,M,married,t,61.04,Average,0,72.9162,73.445,74.5,62.6,80.1,74.5,1,68.3259,0.8813,69.5132,0.8372,66.9799,-11.8727,mid,low,low,0,1,0,1,0,1,1,1
8c27637b82bf840fd987a238c4d272ec,Sri Rahayu,60,7,M,married,t,54.55,Below Average,0,48.782,59.431,39.4,36.6,60.6,58.5,1,54.2832,0.9423,53.7066,1.1182,51.6653,5.7667,senior,low,low,0,1,0,1,3,2,1,1
c35a982d955259881f910c03128003e6,Hadi Hutabarat,100,5,M,married,t,65.12,Average,0,71.1291,76.73,62.1,70.7,65.0,86.7,1,70.4052,0.9399,71.0062,0.9155,68.1238,-6.0106,mid,low,low,0,1,0,1,0,1,1,1
3f443767d04bf053fe63e88db5b6354b,Maya Wijaya,102,7,F,married,t,100.0,Excellent,1,99.9067,100.0,100.0,100.0,99.6,100.0,0,99.972,0.9991,99.9627,1.0009,99.9534,0.0933,senior,high,high,1,0,0,1,1,2,0,0
2cd4377228d695ccaf2e1bccee290aef,Rini Utama,85,4,F,married,t,100.0,Excellent,1,86.5173,87.628,73.3,95.9,84.2,92.7,1,92.2436,0.8652,90.8954,1.1558,93.2586,13.4827,mid,high,medium,1,0,0,1,1,1,0,2
ccddf70e3a6d8b175e76452132586a80,Budi Setiawan,71,3,F,married,f,79.13,Good,0,71.7871,68.927,69.9,60.7,81.5,75.0,1,73.8648,0.9266,73.1309,1.1022,75.4567,7.3394,mid,medium,low,0,0,0,0,2,1,2,1
6c687b5955e6df59295536a3bef3ba79,Fitri Yuliana,74,3,F,married,t,61.99,Average,0,63.7209,54.33,66.3,58.3,77.2,53.1,1,60.2116,0.9827,60.3846,0.9728,62.8557,-1.7303,mid,low,low,0,0,0,1,0,1,1,1
895a80fece2381bd0330d9240400906f,Anita Sari,68,0,F,married,t,66.5,Average,0,65.506,49.888,75.4,63.1,65.1,58.4,1,61.2179,0.9901,61.1185,1.0152,66.0027,0.9933,junior,low,low,0,0,0,1,0,0,1,1
311bd74f21b391123511ca48288aef15,Vina Saputra,94,8,M,single,t,72.3,Average,0,79.1442,83.357,73.1,82.6,70.9,90.1,1,77.6691,0.9315,78.3539,0.9135,75.7205,-6.8475,senior,medium,medium,0,1,1,1,0,2,2,2
4aeb6879e611725a85edfca5ad540514,Tri Prasetyo,65,5,M,single,t,87.35,Good,1,91.1385,92.417,94.7,94.3,80.8,94.7,1,90.006,0.9621,90.3851,0.9584,89.2433,-3.7903,mid,high,high,1,1,1,1,2,1,0,0
25de23c6c778df98f6cd2e302c1dc890,Irwan Tampubolon,95,1,M,married,t,77.41,Good,0,78.7339,80.854,81.1,56.1,97.6,80.2,1,78.8389,0.9867,78.9717,0.9831,78.0702,-1.3276,junior,medium,medium,0,1,0,1,2,0,2,2
cd235cd760e43cd9f11d39fd781cdfcd,Yanti Prasetyo,100,1,F,single,f,59.3,Below Average,0,57.3332,58.179,60.3,55.8,41.6,71.7,1,58.3754,0.9803,58.1783,1.0344,58.3188,1.9712,junior,low,low,0,0,1,0,3,0,1,1
117b094f5bd273545b1ec4398c955471,Ratna Harahap,102,4,M,single,t,18.42,Below Average,0,46.6133,46.113,49.5,41.3,37.0,58.6,1,35.1846,0.718,38.0043,0.3951,32.515,-28.1966,mid,low,low,0,1,1,1,3,1,1,1
0a80bc2144bcfaee6acf2cb5c569e7b9,Rini Permana,73,3,O,married,t,89.99,Good,0,90.45,100.0,95.7,84.6,91.3,90.1,1,93.1329,0.9954,93.1785,0.995,90.2224,-0.4552,mid,high,high,1,0,0,1,2,1,0,0
b2319ff27723c50bff6a622aad0fb5d6,Hadi Sutanto,61,9,F,married,t,73.84,Average,0,74.5379,47.435,60.6,76.7,82.1,78.8,1,66.1274,0.993,66.1974,0.9906,74.1883,-0.6994,senior,medium,low,0,0,0,1,0,2,2,1
31f7503c34316a9d16aa0005c4ee4cd9,Rita Nasution,64,13,M,married,t,67.38,Average,0,56.5028,60.472,60.5,43.8,54.8,66.9,1,62.0448,0.8912,60.957,1.1925,61.9417,10.8779,veteran,low,low,0,1,0,1,0,3,1,1
aae1a189cd7c7ebf55d8d5bdea004e29,Hadi Putra,100,0,F,widow,t,94.54,Excellent,1,88.5655,85.533,82.0,81.9,90.4,100.0,1,90.0449,0.9403,89.4476,1.0674,91.552,5.9731,junior,high,medium,1,0,2,1,1,0,0,2
258f71cf4eea2a9e13cc4e5274afa068,Mega Tampubolon,60,3,F,married,t,79.02,Good,0,65.0734,66.533,62.5,55.7,70.1,72.1,1,71.0882,0.8606,69.6939,1.2143,72.0446,13.9423,mid,medium,low,0,0,0,1,2,1,2,1
4233aa8019f9f0120ba3998f74e65a6b,Suci Sitompul,61,5,F,married,t,89.46,Good,1,85.9876,80.033,92.9,87.1,81.2,82.8,1,85.5904,0.9653,85.2431,1.0404,87.724,3.4728,mid,high,medium,1,0,0,1,2,1,0,2
8d8d37f24f3b99d6fcac82a7d8e486bf,Agus Yuliana,91,2,M,married,t,24.86,Below Average,0,26.5184,29.306,27.8,13.4,24.8,40.0,1,26.691,0.9834,26.8569,0.9374,25.6887,-1.6593,junior,low,low,0,1,0,1,3,0,1,1
487bc9b9ff616f5f0fa53daddc21459e,Ahmad Tampubolon,79,4,M,married,t,100.0,Excellent,1,97.0166,100.0,98.0,90.1,100.0,100.0,1,99.105,0.9702,98.8066,1.0308,98.5083,2.9834,mid,high,high,1,1,0,1,1,1,0,0
c1f55e15e70a00ebfe606debd99b91ec,Sari Situmorang,74,2,F,single,t,68.7,Average,0,61.9613,51.677,72.4,57.7,47.7,70.1,1,61.5711,0.9326,60.8973,1.1087,65.3301,6.7376,junior,low,low,0,0,1,1,0,0,1,1
16aad16db5307c741eece5718e95974c,Siti Yuliana,80,11,M,widow,t,93.4,Excellent,0,78.5203,82.787,46.9,76.4,100.0,90.8,1,85.7523,0.8512,84.2643,1.1895,85.9605,14.8804,veteran,high,medium,1,1,2,1,1,3,0,2
f069196c44a95e426bf5df87a5c55a12,Indra Susanto,86,10,F,married,t,99.7,Excellent,0,85.1107,77.353,83.8,85.1,72.4,99.1,1,88.6183,0.8541,87.1595,1.1714,92.4045,14.5875,senior,high,medium,1,0,0,1,1,2,0,2
a7397e2be71e1b8e2a0ee0bbb459b205,Endang Manurung,108,6,M,single,t,50.93,Below Average,0,42.2313,24.732,39.1,45.3,29.0,55.5,1,40.4592,0.9131,39.5897,1.2059,46.5784,8.6941,senior,low,low,0,1,1,1,3,2,1,1
cdee2e461d5453a5031b3bdbccff0e73,Zainal Hutabarat,106,0,F,single,f,86.82,Good,0,67.8926,66.779,58.1,76.1,65.3,72.0,0,75.13,0.8107,73.2371,1.2788,77.357,18.9289,junior,high,low,1,0,1,0,2,0,0,1
7705248a86f1dc7ed380d1004158783d,Nina Sari,86,3,F,married,t,100.0,Excellent,1,88.2767,76.994,80.6,86.8,85.7,100.0,1,89.5812,0.8828,88.4089,1.1328,94.1384,11.7233,mid,high,medium,1,0,0,1,1,1,0,2
3d22ba42f12af0310a5779e0bc433874,Hadi Situmorang,102,0,M,single,t,69.9,Average,0,67.7581,60.16,70.1,61.2,79.9,59.9,1,66.335,0.9786,66.121,1.0316,68.8284,2.1406,junior,low,low,0,1,1,1,0,0,1,1
07b88daec49c7f30b6d9263848b66265,Fitri Utama,69,6,F,married,t,100.0,Excellent,1,80.786,76.191,84.6,81.4,77.4,79.8,1,87.0931,0.8079,85.1717,1.2378,90.393,19.214,senior,high,medium,1,0,0,1,1,2,0,2
fb6cedf7f91d6bb5e1a834950e14b4c1,Deni Yuliana,94,0,M,single,t,85.51,Good,0,50.517,39.597,66.1,34.8,52.5,48.7,1,61.2383,0.6501,57.7389,1.6927,68.0136,34.9933,junior,high,low,1,1,1,1,2,0,0,1
86750d218c270006ae0ce51ce9f6f2f9,Budi Setiawan,103,2,M,married,t,67.77,Average,1,63.2663,65.319,63.9,63.8,52.6,72.8,1,65.6818,0.955,65.2319,1.0711,65.5158,4.4989,junior,low,low,0,1,0,1,0,0,1,1
d7d0ddc058afd54e429eb514f2b734b9,Eko Utama,101,1,F,single,t,77.25,Good,0,70.8832,66.248,76.0,64.7,77.3,65.6,1,72.0411,0.9363,71.404,1.0899,74.0687,6.371,junior,medium,low,0,0,1,1,2,0,2,1
1965c8d8781f5268f781b7430217866f,Rita Pratama,98,5,M,married,t,92.64,Excellent,1,86.2652,51.879,83.1,87.4,86.6,88.0,1,78.5001,0.9362,77.8624,1.0739,89.4536,6.377,mid,high,medium,1,1,0,1,1,1,0,2
0573f51177a3d7545c507013d773c58f,Yanti Sutanto,78,6,F,married,f,100.0,Excellent,0,99.9963,91.31,100.0,100.0,100.0,100.0,0,97.3918,1.0,97.3915,1.0,99.9981,0.0037,senior,high,high,1,0,0,0,1,2,0,0
59ce631e3fb15ab0016ab22659dd8cf2,Joko Prasetyo,74,3,M,married,t,100.0,Excellent,1,95.0232,100.0,87.5,99.5,93.1,100.0,1,98.507,0.9502,98.0093,1.0524,97.5116,4.9768,mid,high,high,1,1,0,1,1,1,0,0
e7c513e6cbdc98b7957425aacc8a333f,Agus Harahap,69,5,F,single,t,52.64,Below Average,0,58.0073,58.695,54.2,51.9,64.0,61.9,1,56.0675,0.9463,56.604,0.9075,55.3247,-5.365,mid,low,low,0,0,1,1,3,1,1,1
1d11ecb5ff4da42d55c4ff881cbc1df1,Anita Sitompul,67,12,M,single,t,82.24,Good,0,66.7054,65.205,60.3,65.3,56.9,84.3,1,72.4693,0.8447,70.9158,1.2329,74.4728,15.5349,veteran,medium,low,0,1,1,1,2,3,2,1
6d8bb312890eceffadecf6492051fbb4,Umi Pratama,96,3,M,married,t,100.0,Excellent,0,85.5553,90.319,65.1,77.4,100.0,99.7,1,92.7624,0.8556,91.3179,1.1688,92.7776,14.4447,mid,high,medium,1,1,0,1,1,1,0,2
05f1f6f5ab69a8b7e4211b9318d80f3f,Lina Nugraha,69,6,F,married,t,33.68,Below Average,0,50.3002,31.493,31.3,59.5,55.4,54.9,0,38.0093,0.8338,39.6715,0.6695,41.9892,-16.6219,senior,low,low,0,0,0,1,3,2,1,1
adec1f2f943b242074d9e2b66f65c8cf,Wati Harahap,63,10,F,single,t,80.92,Good,0,67.4449,52.024,65.5,61.7,61.4,81.1,1,68.2099,0.8652,66.8621,1.1998,74.1838,13.4779,senior,medium,low,0,0,1,1,2,2,2,1
4a567e4d673a32c9871c92056a7faea6,Vina Saputra,66,0,F,married,f,63.85,Average,0,39.3277,36.57,40.3,43.2,37.7,36.1,1,48.3094,0.7548,45.8571,1.6236,51.5891,24.5229,junior,low,low,0,0,0,0,0,0,1,1
65f5a934d2b113692305a619cf205685,Rahmat Simanjuntak,90,4,M,married,t,57.3,Below Average,0,51.9556,62.39,31.1,49.5,70.1,57.1,0,57.2237,0.9466,56.6892,1.1029,54.6279,5.3446,mid,low,low,0,1,0,1,3,1,1,1
12692f3cb0b6f50683c6c66b68a2d813,Anita Sari,87,6,F,married,t,81.88,Good,1,79.0825,81.947,82.7,67.6,96.5,69.6,1,81.0592,0.9721,80.7798,1.0353,80.4793,2.7937,senior,medium,medium,0,0,0,1,2,2,2,2
422c2e693aa7a06295366c198e69b8c0,Rahmat Sinaga,67,4,F,married,f,100.0,Excellent,1,85.1818,90.875,87.4,76.1,77.2,100.0,1,92.8169,0.8518,91.3351,1.174,92.5909,14.8182,mid,high,medium,1,0,0,0,1,1,0,2
feee043263f7f787fda3bc9ea03f195b,Endang Wibowo,76,1,M,married,t,94.4,Excellent,0,80.9393,73.483,89.0,78.4,77.7,78.7,1,84.0878,0.8654,82.7414,1.1663,87.671,13.4635,junior,high,medium,1,1,0,1,1,0,0,2
11987d757e060b6900475c42aa248881,Novi Sutanto,81,7,M,married,t,96.87,Excellent,0,79.4675,79.804,86.1,78.6,71.4,81.7,1,86.5302,0.826,84.7897,1.219,88.1698,17.4045,senior,high,medium,1,1,0,1,1,2,0,2
19b98074ee7eeb468ab6307d100dcc50,Kartini Susanto,73,5,M,widow,t,71.63,Average,0,65.0226,70.117,49.4,62.8,54.6,93.3,1,69.1945,0.9339,68.5336,1.1016,68.3272,6.6094,mid,medium,low,0,1,2,1,0,1,2,1
da7c242ebab94d3248e86905d93562fc,Indra Putra,94,8,M,married,t,84.1,Good,0,69.5462,66.828,70.8,67.8,65.7,73.8,1,74.5517,0.8545,73.0965,1.2093,76.8225,14.5527,senior,medium,low,0,1,0,1,2,2,2,1
bb3f69e71dc138294d6ae2d69da9427f,Endang Tampubolon,99,5,M,married,t,62.86,Average,0,75.3536,53.577,67.8,75.6,89.5,68.5,1,63.8229,0.8751,65.0724,0.8342,69.1064,-12.4944,mid,low,medium,0,1,0,1,0,1,1,2
507cffb25d27b5ce7c2d0479a1d42003,Taufik Tampubolon,96,10,M,single,t,93.27,Excellent,1,85.5098,64.868,87.5,83.3,79.1,92.1,1,82.4222,0.9224,81.646,1.0908,89.3909,7.7623,senior,high,medium,1,1,1,1,1,2,0,2
c2badb8afdda85bade0e1eeab2c63186,Tri Prasetyo,83,8,F,married,t,83.23,Good,0,77.3214,74.491,73.4,72.0,86.3,77.5,1,78.8372,0.9409,78.246,1.0765,80.2774,5.912,senior,medium,medium,0,0,0,1,2,2,2,2
71213fc0173cbe50ab697b9079099c95,Eko Wijaya,65,0,M,single,t,89.85,Good,1,87.5847,68.322,97.7,71.2,90.9,90.5,1,82.7117,0.9774,82.4853,1.0259,88.7169,2.2643,junior,high,medium,1,1,1,1,2,0,0,2
e1af621b3bdef16f267b0de5e73da383,Bambang Situmorang,69,4,M,married,t,77.82,Good,0,50.5851,70.465,44.9,50.1,43.0,64.3,1,67.4431,0.7276,64.7196,1.5384,64.2027,27.2352,mid,medium,low,0,1,0,1,2,1,2,1
818729afa2797ee9e19f5adb52b3a442,Novi Wibowo,98,0,M,married,t,64.62,Average,0,52.8783,56.806,57.7,45.6,38.3,69.9,1,58.7514,0.8826,57.5776,1.222,58.7469,11.7371,junior,low,low,0,1,0,1,0,0,1,1
5e8a9b2378227d90ebf905a73aa49870,Dewi Situmorang,81,3,M,single,t,87.47,Good,0,63.4488,60.721,55.9,48.3,71.8,77.8,1,72.2379,0.7598,69.836,1.3786,75.4583,24.0191,mid,high,low,1,1,1,1,2,1,0,1
ca5ae47c8ae72250d9b47d1f3e916f99,Indra Pratama,108,5,F,single,t,55.37,Below Average,0,65.8394,57.041,62.6,57.2,71.8,71.7,1,59.0114,0.8953,60.0585,0.841,60.6039,-10.471,mid,low,low,0,0,1,1,3,1,1,1
d2bd335e1d0ed2238cbc3dddce7d8be8,Maya Purnama,83,5,M,single,t,100.0,Excellent,0,99.9209,98.063,100.0,100.0,99.7,100.0,1,99.3951,0.9992,99.3872,1.0008,99.9604,0.0791,mid,high,high,1,1,1,1,1,1,0,0
1913d9e131d3ce719bba6065a8c00ff8,Fajar Situmorang,100,6,M,married,t,100.0,Excellent,1,96.006,94.0,84.0,100.0,100.0,100.0,1,97.0018,0.9601,96.6024,1.0416,98.003,3.994,senior,high,high,1,1,0,1,1,2,0,0
2b114a6650cccd3b60238157ae9a6300,Ratna Putra,97,6,F,single,f,58.13,Below Average,0,45.6264,51.388,49.9,37.7,45.7,49.2,1,52.3555,0.875,51.1054,1.274,51.877,12.5011,senior,low,low,0,0,1,0,3,2,1,1
89a767c01b54c149f02eed6502d05e8e,Agus Tampubolon,79,8,M,single,f,80.88,Good,0,58.0837,71.142,53.3,69.5,43.0,66.6,1,71.1198,0.772,68.8401,1.3925,69.482,22.7967,senior,medium,low,0,1,1,0,2,2,2,1
3c065a7f1fc3af169c0d3841b3fc5943,Putri Hutabarat,75,2,F,married,t,100.0,Excellent,1,98.3446,100.0,93.4,100.0,100.0,100.0,1,99.5034,0.9834,99.3378,1.0168,99.1723,1.6554,junior,high,high,1,0,0,1,1,0,0,0
e5fb60c070ae31b7669daac1fd59f557,Sari Putra,91,7,M,married,t,97.86,Excellent,1,77.4091,71.072,75.0,70.7,88.4,75.6,1,83.6896,0.7955,81.6442,1.2642,87.6362,20.4542,senior,high,medium,1,1,0,1,1,2,0,2
07c684ecb65e8d988cfed8e93c74b27f,Maya Situmorang,71,1,M,single,t,56.4,Below Average,0,73.8898,67.817,78.2,69.7,70.7,76.9,0,65.0726,0.8251,66.8214,0.7633,65.1455,-17.4886,junior,low,low,0,1,1,1,3,0,1,1
bb0636be6a873e92b9658ce42061b206,Siti Hutabarat,89,4,M,single,t,74.2,Average,0,59.9121,72.457,51.5,52.4,69.5,66.3,1,69.3926,0.8571,67.9634,1.2386,67.0583,14.2923,mid,medium,low,0,1,1,1,0,1,2,1
a7ed835c01c176410ba7c4d8b1032583,Deni Manurung,98,4,O,married,t,66.66,Average,0,79.7545,69.416,70.7,74.1,80.2,94.1,1,71.4172,0.8691,72.7262,0.8359,73.2097,-13.0896,mid,low,medium,0,0,0,1,0,1,1,2
0869be4d0703e309ce7d05bc088f871a,Widya Setiawan,95,2,F,single,t,71.9,Average,0,64.6569,53.549,73.5,59.5,48.1,77.5,1,64.2201,0.9276,63.4962,1.112,68.2764,7.239,junior,medium,low,0,0,1,1,0,0,2,1
0aff07b55b164819b1816809d10fab34,Yanti Prasetyo,77,4,F,married,t,92.56,Excellent,1,84.7636,93.65,66.5,100.0,80.7,91.8,1,90.5483,0.922,89.7686,1.092,88.6621,7.797,mid,high,medium,1,0,0,1,1,1,0,2
17c78d4d14cbe988478196b7a2ac48c1,Mega Sinaga,104,1,M,single,t,63.6,Average,0,58.7178,75.893,42.0,76.4,56.4,60.1,1,65.8236,0.9512,65.3353,1.0832,61.1594,4.8833,junior,low,low,0,1,1,1,0,0,1,1
aec9bcd8ca309b180b00c285f93657b4,Anita Permana,89,0,F,married,t,69.11,Average,1,77.4503,62.533,72.6,78.7,77.2,81.3,1,69.6374,0.9166,70.4718,0.8923,73.2782,-8.3443,junior,low,medium,0,0,0,1,0,0,1,2
4f53842fe50ea7415cbec5dd723f9655,Hendra Saputra,60,3,F,single,t,84.05,Good,0,76.72,68.555,69.2,68.6,86.1,83.0,1,77.2032,0.9267,76.4701,1.0956,80.3858,7.3318,mid,medium,medium,0,0,1,1,2,1,2,2
305cccd4f4c56c606c6e84eecb485279,Fitri Nasution,85,4,M,married,t,67.49,Average,0,72.061,64.624,53.3,87.3,75.7,72.0,1,67.9998,0.9542,68.4573,0.9365,69.7735,-4.5752,mid,low,low,0,1,0,1,0,1,1,1
5f9cf7403fb74588248639234c6337bd,Novi Hutabarat,61,5,O,married,t,72.26,Average,0,86.2017,74.842,93.9,77.6,93.5,79.8,1,77.2179,0.8606,78.6118,0.8383,79.2319,-13.9396,mid,medium,medium,0,0,0,1,0,1,2,2
dc51558427304a42ffb81df2d2fec295,Widya Harahap,100,0,M,married,t,86.37,Good,1,80.7124,68.018,70.8,94.7,84.2,73.2,1,79.1656,0.9435,78.6002,1.07,83.5393,5.6538,junior,high,medium,1,1,0,1,2,0,0,2
5c84f63f55c6838d568e5c7fb01a4436,Irwan Yuliana,78,9,F,married,t,90.63,Excellent,0,89.9784,100.0,84.3,88.5,100.0,87.1,1,93.2452,0.9935,93.1801,1.0072,90.3038,0.6507,senior,high,medium,1,0,0,1,1,2,0,2
199d238489f45d408823faf424d6bbf8,Yuni Pratama,97,3,F,single,t,100.0,Excellent,1,98.2428,85.884,98.8,94.2,100.0,100.0,1,95.2381,0.9824,95.0624,1.0179,99.1214,1.7572,mid,high,high,1,0,1,1,1,1,0,0
41969f84efdb2be4dc8f5c7c8817b2b3,Joko Wijaya,78,4,M,married,t,85.3,Good,1,98.6162,82.726,99.0,97.7,100.0,97.8,1,88.5223,0.8668,89.854,0.865,91.9575,-13.3174,mid,high,high,1,1,0,1,2,1,0,0
70c64234b485d2bfb66b56d0215c76c9,Hendra Hutabarat,76,4,M,single,t,64.99,Average,0,88.8245,84.583,93.5,91.7,79.8,90.3,1,78.017,0.7616,80.4008,0.7316,76.9057,-23.8375,mid,low,medium,0,1,1,1,0,1,1,2
49a6089bfbe944850f9c1882843b1792,Mega Setiawan,89,3,F,married,t,68.48,Average,0,70.7719,64.18,70.0,82.7,41.3,89.1,1,67.8795,0.9771,68.1082,0.9677,69.6283,-2.2872,mid,low,low,0,0,0,1,0,1,1,1
f74a9b94ef77b3a6d6548e29f575b106,Joko Hutabarat,81,5,F,married,t,50.47,Below Average,0,53.5038,78.538,45.9,59.3,51.1,57.7,1,59.7987,0.9696,60.1026,0.9432,51.9845,-3.0386,mid,low,low,0,0,0,1,3,1,1,1
566448b394f509cfae0992848ecbd60a,Adi Yuliana,86,3,M,married,t,99.38,Excellent,0,82.5321,71.502,77.4,86.5,74.7,91.5,0,85.9643,0.8315,84.279,1.2042,90.9584,16.8526,mid,high,medium,1,1,0,1,1,1,0,2
9af3a1620e908eff0b0158cbb98651b5,Hendra Purnama,72,0,M,married,t,94.93,Excellent,1,76.6245,81.327,70.0,76.8,76.6,83.1,1,85.3576,0.8169,83.527,1.2389,85.7776,18.3063,junior,high,medium,1,1,0,1,1,0,0,2
bed198238b524668617e4ebac2e9238e,Widya Sari,103,9,F,widow,t,61.57,Average,0,68.2835,51.065,63.9,58.2,87.5,63.5,1,60.4314,0.9328,61.103,0.9016,64.9253,-6.7163,senior,low,low,0,0,2,1,0,2,1,1
2943c3db2cfa4192769be33a5d4d440e,Indra Yuliana,67,8,M,married,t,92.99,Excellent,0,76.0376,100.0,100.0,64.0,73.4,66.8,1,90.0065,0.8305,88.3114,1.2229,84.5128,16.9504,senior,high,medium,1,1,0,1,1,2,0,2
1f687b5e489be28e91531bb5be9f9af3,Citra Hutabarat,61,1,M,married,t,54.64,Below Average,0,58.4085,66.056,58.1,39.6,56.0,79.8,1,59.1968,0.9624,59.5733,0.9355,56.5261,-3.7648,junior,low,low,0,1,0,1,3,0,1,1
03ab69252a1c80c9a0cdd140b9f0b447,Mega Sutanto,74,4,M,single,t,51.87,Below Average,0,46.7642,31.816,62.4,41.5,35.9,47.3,1,44.3238,0.9489,43.8128,1.1093,49.3192,5.1099,mid,low,low,0,1,1,1,3,1,1,1
0fb42062467e0275b0bfd336855bfeb6,Vina Sitompul,65,0,M,widow,t,55.58,Below Average,0,56.722,54.672,51.2,49.9,64.1,61.7,1,55.6521,0.9886,55.7658,0.9799,56.1532,-1.1375,junior,low,low,0,1,2,1,3,0,1,1
0d0ab88cd9711a03227c33d18df318ca,Tri Wijaya,71,8,M,married,t,95.51,Excellent,1,76.3153,89.483,79.4,54.9,83.6,87.3,1,87.9437,0.808,86.0241,1.2515,85.913,19.1954,senior,high,medium,1,1,0,1,1,2,0,2
fac07803091a0cb6e45fa2946f93d81c,Bambang Prasetyo,82,4,F,married,t,66.58,Average,0,70.7934,70.676,72.1,58.8,78.1,74.2,1,69.0738,0.9579,69.4949,0.9405,68.6879,-4.2109,mid,low,low,0,0,0,1,0,1,1,1
20b4160efc0e1554a509bbb87a087fe3,Zainal Tampubolon,92,3,F,single,t,93.8,Excellent,0,70.1408,72.526,50.8,76.0,63.8,89.9,1,80.3206,0.7634,77.9545,1.3373,81.9709,23.6603,mid,high,low,1,0,1,1,1,1,0,1
8d57807ff69f132705f4e520adfd003c,Deni Tampubolon,65,7,M,married,t,91.4,Excellent,0,68.7155,75.108,65.4,62.8,68.7,78.0,1,79.7077,0.7731,77.4391,1.3301,80.0584,22.6858,senior,high,low,1,1,0,1,1,2,0,1
fa7b280a49906332a4cc515ddefc5fff,Rini Sitompul,63,3,F,married,t,86.41,Good,1,75.3669,85.292,72.9,43.8,86.6,98.2,1,82.76,0.8896,81.6561,1.1465,80.8864,11.039,mid,high,medium,1,0,0,1,2,1,0,2
e54dd97c1934a6b7ec9f22ed69622622,Andi Purnama,96,7,F,married,t,25.98,Below Average,0,6.5698,3.201,3.5,10.0,8.1,4.8,1,13.3243,0.8059,11.383,3.9549,16.2764,19.4131,senior,low,low,0,0,0,1,3,2,1,1
3333901940a4d8246ea327f182122be7,Mega Sinaga,104,4,M,married,t,82.68,Good,0,73.8712,72.658,67.8,69.8,81.8,76.1,0,77.0312,0.9119,76.1502,1.1193,78.2761,8.8097,mid,medium,low,0,1,0,1,2,1,2,1
19fd5ee39b242f71c50dc703ab36bbfa,Deni Yuliana,62,6,M,married,f,93.78,Excellent,0,75.017,60.19,79.5,100.0,51.0,69.6,1,78.0739,0.8124,76.1976,1.2501,84.3984,18.7627,senior,high,medium,1,1,0,0,1,2,0,2
49c4b826cc376218ffd6cc9f5ffb2087,Maya Rahayu,69,3,M,widow,f,85.98,Good,0,77.9194,84.251,64.4,74.1,81.5,91.6,1,83.0423,0.9194,82.2364,1.1034,81.9487,8.0587,mid,high,medium,1,1,2,0,2,1,0,2
a268a372f3907927807414df6c6ee9aa,Taufik Hutabarat,66,0,M,married,t,61.68,Average,0,66.9032,67.013,62.5,76.4,62.1,66.5,1,64.8474,0.9478,65.3696,0.9219,64.2921,-5.2221,junior,low,low,0,1,0,1,0,0,1,1
bbeb1a487d6e7f51b1dff0edf2251c24,Bambang Yuliana,60,4,M,widow,t,40.86,Below Average,0,29.2671,45.623,25.1,40.0,16.1,35.8,1,38.8128,0.884,37.653,1.3963,35.0657,11.5973,mid,low,low,0,1,2,1,3,1,1,1
e0913dfa87746b539b33c2a06e0bf99c,Hadi Harahap,75,2,M,married,f,56.5,Below Average,0,64.5184,46.089,63.0,69.5,55.1,70.4,1,55.781,0.9198,56.5832,0.8757,60.5078,-8.0212,junior,low,low,0,1,0,0,3,0,1,1
252c6594612014aadb21132b9219f365,Rahmat Utama,69,6,M,single,t,60.29,Average,0,47.7376,65.282,65.5,50.4,38.8,36.3,1,58.0201,0.8745,56.7653,1.2628,54.0115,12.5478,senior,low,low,0,1,1,1,0,2,1,1
6cf6ed2663c6358cc53bdc75d6b87f65,Suci Nasution,75,5,M,married,f,96.92,Excellent,1,85.8664,97.545,94.0,100.0,59.5,90.0,1,93.7899,0.8895,92.6849,1.1287,91.3912,11.0497,mid,high,medium,1,1,0,0,1,1,0,2
a6d6b0ff35985f4a4f015d74d58d286e,Fajar Rahayu,75,10,F,married,t,68.41,Average,0,55.1696,54.396,56.5,46.0,74.5,43.8,1,60.2343,0.8676,58.9101,1.24,61.7906,13.2421,senior,low,low,0,0,0,1,0,2,1,1
5aea4e00f43320e162765abc94fc3a67,Mega Hutabarat,109,5,M,married,t,77.88,Good,1,68.2052,63.301,46.7,73.9,82.0,70.1,0,70.6039,0.9033,69.6365,1.1418,73.0425,9.6746,mid,medium,low,0,1,0,1,2,1,2,1
bda0332d9a507a71593f80886029d6d9,Yudi Sitompul,68,0,F,married,t,50.67,Below Average,0,40.5298,58.795,55.9,37.2,33.7,35.3,1,50.0662,0.8986,49.0519,1.2502,45.6009,10.1423,junior,low,low,0,0,0,1,3,0,1,1
a7f33c42a7be1f1ec7bd3febab068a73,Ahmad Sitompul,103,1,F,married,t,57.88,Below Average,0,76.8409,68.282,66.8,77.4,93.0,70.2,1,66.6869,0.8103,68.5835,0.7532,67.358,-18.9658,junior,low,medium,0,0,0,1,3,0,1,2
a744c9a5643038b840bc125765867263,Rizki Saputra,60,10,M,single,t,76.06,Good,1,81.76,82.863,58.7,89.8,80.9,97.7,1,79.8123,0.943,80.3819,0.9303,78.9117,-5.6965,senior,medium,medium,0,1,1,1,2,2,2,2
3ac2a15230964f246d426b13c53733d0,Widya Manurung,97,5,F,widow,t,44.57,Below Average,0,47.0678,48.69,45.2,49.3,30.7,63.1,1,46.5551,0.975,46.8049,0.9469,45.8184,-2.4989,mid,low,low,0,0,2,1,3,1,1,1
1d922de480cbc658a74677ad89338cf3,Fajar Permana,108,9,F,married,t,49.87,Below Average,1,55.0945,52.514,51.8,47.3,60.7,60.6,0,52.2315,0.9478,52.7537,0.9052,52.4833,-5.2223,senior,low,low,0,0,0,1,3,2,1,1
0327f103b15639e9226e17566daf8d81,Sri Sitompul,87,1,F,single,f,62.91,Average,0,54.0258,39.906,62.7,46.7,43.9,62.9,1,53.3428,0.9112,52.4545,1.1644,58.467,8.8823,junior,low,low,0,0,1,0,0,0,1,1
d26eb8d64b3229e67af0b8e67206dcda,Citra Simanjuntak,63,9,M,single,t,83.84,Good,0,66.1744,62.598,80.2,48.9,71.3,64.3,1,72.1679,0.8233,70.4013,1.267,75.0073,17.6658,senior,medium,low,0,1,1,1,2,2,2,1
6148110a8031921cf4ce5a53c3ee374d,Ahmad Susanto,85,4,F,married,t,100.0,Excellent,1,93.8423,80.661,100.0,100.0,91.2,84.2,1,92.3511,0.9384,91.7354,1.0656,96.9212,6.1577,mid,high,high,1,0,0,1,1,1,0,0
6ef719b250c7e470e7f24ea47f3f52fe,Eko Harahap,91,4,M,single,t,77.49,Good,0,68.966,61.582,66.0,67.5,80.4,62.0,1,70.1618,0.9147,69.309,1.1237,73.2299,8.5277,mid,medium,low,0,1,1,1,2,1,2,1
80647a39074b07efac313670039b78af,Kartini Manurung,82,11,M,married,t,80.64,Good,0,84.3489,79.526,100.0,78.7,61.8,96.9,1,81.4194,0.9629,81.7901,0.9561,82.4954,-3.7069,veteran,medium,medium,0,1,0,1,2,3,2,2
3dc0250268724e8606f6d0084e4f4535,Sari Prasetyo,92,2,M,single,t,81.06,Good,0,85.7011,100.0,100.0,94.7,75.5,72.6,1,88.1335,0.9536,88.5978,0.9458,83.3795,-4.6431,junior,medium,medium,0,1,1,1,2,0,2,2
ac5e39f252f54e28f0fcee9b9f99aeaa,Maya Purnama,68,1,M,married,t,74.0,Average,0,79.4392,54.615,87.8,72.8,75.9,81.2,1,69.8171,0.9456,70.3609,0.9316,76.7205,-5.4374,junior,medium,medium,0,1,0,1,0,0,2,2
cf6714a929f52aceb4437137224a54d7,Siti Simanjuntak,77,9,F,married,f,98.37,Excellent,1,81.2583,77.44,84.0,72.3,75.1,93.6,1,86.959,0.8288,85.2475,1.2106,89.8161,17.1155,senior,high,medium,1,0,0,0,1,2,0,2
304582f592fd09bca944a532ecf8757a,Rahmat Yuliana,72,9,F,single,t,95.68,Excellent,0,69.2961,68.382,66.7,62.6,76.0,71.9,1,79.5736,0.7362,76.9356,1.3807,82.4857,26.3792,senior,high,low,1,0,1,1,1,2,0,1
76bd81e2dc4f0330f73318abfb08f57b,Sri Setiawan,62,9,F,married,t,71.36,Average,0,72.1514,63.829,70.8,67.4,80.6,69.8,1,69.3389,0.9921,69.4178,0.9891,71.7567,-0.7893,senior,medium,low,0,0,0,1,0,2,2,1
812b15b477369f3e36450df5e80ddbfe,Sari Wijaya,109,1,M,married,t,88.54,Good,0,83.355,75.855,86.4,71.4,99.4,76.2,1,83.1784,0.9482,82.66,1.0622,85.9467,5.1835,junior,high,medium,1,1,0,1,2,0,0,2
c38bad69c426e6efb80f5c38226fc2f5,Indra Purnama,65,2,F,married,f,86.84,Good,0,97.3459,100.0,99.7,89.7,100.0,100.0,0,93.9396,0.8949,94.9902,0.8921,92.0927,-10.5064,junior,high,high,1,0,0,0,2,0,0,0
3c359698032638e3e986b76c06aca873,Mega Pratama,62,1,F,married,t,64.97,Average,0,77.6555,94.017,77.1,82.1,63.9,87.5,1,77.4901,0.8732,78.7586,0.8367,71.3132,-12.6847,junior,low,medium,0,0,0,1,0,0,1,2
8c5f0966f5f6a73acb97e3dde7ee9171,Ahmad Nasution,102,11,F,married,t,52.37,Below Average,0,57.5214,63.038,34.8,66.9,69.4,59.0,1,57.1159,0.9485,57.631,0.9105,54.9459,-5.151,veteran,low,low,0,0,0,1,3,3,1,1
b60a5151d13d94be17f43ed0f138f472,Dewi Sinaga,90,12,M,married,t,83.35,Good,0,77.8579,70.786,75.6,76.8,75.0,84.0,1,77.9318,0.9451,77.383,1.0705,80.6022,5.4887,veteran,medium,medium,0,1,0,1,2,3,2,2
3c613668b381f040e9ff8c31746ea16e,Andi Rahayu,67,3,M,married,t,100.0,Excellent,1,92.2381,87.132,82.4,99.9,86.6,100.0,0,93.811,0.9224,93.0348,1.0842,96.119,7.7619,mid,high,high,1,1,0,1,1,1,0,0
bd8379eea53b01d4fd71195b774b1fdd,Yanti Harahap,95,1,F,single,t,52.38,Below Average,0,37.7329,40.134,28.6,45.3,34.5,42.5,0,44.3121,0.8535,42.8474,1.3882,45.0564,14.647,junior,low,low,0,0,1,1,3,0,1,1
36087d5deca92dec51d3dd1ad1271a2b,Yudi Yuliana,66,6,M,married,t,96.65,Excellent,0,64.6105,70.768,58.4,80.5,56.4,63.1,1,79.2736,0.6796,76.0697,1.4959,80.6302,32.0394,senior,high,low,1,1,0,1,1,2,0,1
b7e85bebeba18fae1b687be538f83057,Citra Nasution,84,6,M,single,t,78.34,Good,0,78.6665,71.894,84.5,58.7,89.5,81.9,1,76.5024,0.9967,76.5354,0.9958,78.5012,-0.3305,senior,medium,medium,0,1,1,1,2,2,2,2
41fbb468508c0364ae9e124f00645022,Bambang Wibowo,103,2,M,married,t,69.17,Average,0,48.3046,69.765,52.3,31.9,46.2,62.8,1,63.0894,0.7913,61.0027,1.432,58.738,20.8669,junior,low,low,0,1,0,1,0,0,1,1
9f8b289a804d40f0474fddbeb589503b,Rizki Nugraha,61,11,F,married,t,47.44,Below Average,0,51.8421,30.866,28.8,45.7,70.6,62.2,1,43.7897,0.956,44.2296,0.9151,49.6426,-4.3991,veteran,low,low,0,0,0,1,3,3,1,1
760b96646bfc665920406d1492190b4e,Rizki Nasution,97,5,F,single,f,88.3,Good,0,62.9216,77.372,51.0,62.5,60.8,77.4,1,77.4074,0.7462,74.8697,1.4033,75.6102,25.3772,mid,high,low,1,0,1,0,2,1,0,1
26ce581ced2ed232b5ed27d33652d1ca,Irwan Prasetyo,104,0,M,married,t,81.67,Good,0,61.2331,73.301,54.4,55.5,58.1,77.0,0,73.0282,0.7956,70.9845,1.3338,71.4514,20.4366,junior,medium,low,0,1,0,1,2,0,2,1
1a32f29c0b4ac6837b9185ee5d0dc2c9,Hendra Putra,103,3,M,single,t,100.0,Excellent,1,94.8474,90.175,80.9,100.0,100.0,98.5,1,95.5067,0.9485,94.9914,1.0543,97.4237,5.1526,mid,high,high,1,1,1,1,1,1,0,0
a6d8d9fd26a829616c342aa0c6de18e7,Bambang Permana,85,4,M,married,t,67.48,Average,0,58.1432,62.421,72.3,46.3,54.4,59.7,1,63.163,0.9066,62.2289,1.1607,62.8139,9.3413,mid,low,low,0,1,0,1,0,1,1,1
9af03a283294f24f3c86b7a02034e833,Zainal Utama,94,9,F,married,t,92.04,Excellent,0,71.1863,83.334,64.2,62.4,67.4,90.7,1,83.1724,0.7915,81.087,1.293,81.6137,20.8548,senior,high,low,1,0,0,1,1,2,0,1
5e52b3778c75ebc3b059afe4e059f223,Adi Prasetyo,60,5,F,married,t,69.2,Average,0,72.8163,68.42,73.2,74.9,69.0,74.2,1,70.0507,0.9638,70.4124,0.9503,71.0079,-3.6168,mid,low,low,0,0,0,1,0,1,1,1
ed09a927ad2f5b0b69f8cc9fe54e2539,Rahmat Tampubolon,106,1,M,married,t,59.36,Below Average,0,62.5949,42.979,78.8,65.3,49.8,56.5,0,55.4145,0.9676,55.7384,0.9483,60.9754,-3.2391,junior,low,low,0,1,0,1,3,0,1,1
7983ae49e0162678cd41d944d641306c,Umi Manurung,97,5,F,married,t,89.27,Good,0,89.7268,84.949,84.9,100.0,80.3,93.7,1,88.1086,0.9954,88.1548,0.9949,89.4959,-0.4617,mid,high,medium,1,0,0,1,2,1,0,2
18b1d17c3cb3b693f24e06044fdd63b5,Rita Manurung,102,10,M,married,t,86.21,Good,0,82.9273,62.222,99.2,90.1,60.2,82.3,1,78.0279,0.9672,77.6998,1.0396,84.5674,3.2802,senior,high,medium,1,1,0,1,2,2,0,2
1be8ccf6b4144b175f3bb6c7286f8008,Citra Purnama,89,2,M,single,t,64.34,Average,0,69.3808,61.543,58.9,77.6,65.9,75.1,0,65.0147,0.9496,65.5184,0.9274,66.8625,-5.0365,junior,low,low,0,1,1,1,0,0,1,1
45da78230c4c3b0138d24c6071c61882,Putri Wijaya,82,3,F,single,t,99.74,Excellent,0,96.8353,92.93,100.0,88.1,99.3,100.0,1,96.827,0.9709,96.5361,1.03,98.2895,2.9083,mid,high,high,1,0,1,1,1,1,0,0
ab3fb2311b53b67424135738e3e4bb1f,Ahmad Sutanto,69,3,M,married,t,100.0,Excellent,1,94.0855,100.0,84.5,96.6,100.0,95.2,1,98.2257,0.9409,97.6342,1.0629,97.0428,5.9145,mid,high,high,1,1,0,1,1,1,0,0
0e47830b5a473f9430481dbcd076f78b,Ahmad Situmorang,83,9,M,widow,f,91.1,Excellent,0,68.419,46.978,67.1,56.6,75.2,74.8,1,71.0571,0.7732,68.7894,1.3314,79.7571,22.6763,senior,high,low,1,1,2,0,1,2,0,1
5e4b7c9df38dcfd5f1e736134f59ab6f,Ratna Prasetyo,82,1,M,married,f,66.72,Average,0,50.8345,47.679,47.9,46.5,45.5,63.4,1,56.2424,0.8411,54.6538,1.3125,58.7775,15.886,junior,low,low,0,1,0,0,0,0,1,1
cd2b3e6ce3e55c62c56ccdfe0bca86ee,Widya Utama,93,7,M,married,f,90.87,Excellent,1,88.7655,99.669,94.5,92.1,100.0,68.4,1,92.8799,0.9789,92.6691,1.0238,89.8197,2.1084,senior,high,medium,1,1,0,0,1,2,0,2
9889d167978f9503ba7132df75f4ff59,Fajar Sinaga,88,13,M,married,t,74.92,Average,0,64.8409,70.374,49.9,81.1,70.0,58.3,1,70.5337,0.8992,69.5255,1.1555,69.882,10.0823,veteran,medium,low,0,1,0,1,0,3,2,1
6e894d3c355d703fea20e3582e98dbc0,Fitri Sinaga,102,0,M,single,t,83.56,Good,1,87.3267,90.971,99.7,89.0,74.9,85.8,1,86.9147,0.9624,87.291,0.9569,85.4449,-3.7637,junior,medium,medium,0,1,1,1,2,0,2,2
3951183b2cae5228ee4af5a0ab43f8c4,Endang Hutabarat,97,13,M,married,t,78.41,Good,0,59.9625,55.711,61.3,40.9,66.5,71.2,1,66.0652,0.8155,64.2206,1.3076,69.1851,18.4452,veteran,medium,low,0,1,0,1,2,3,2,1
74639493f8072c2b51c588c549deb460,Anita Permana,106,2,M,married,t,75.98,Good,0,67.3903,55.322,61.6,58.6,76.0,73.4,0,67.2058,0.9141,66.3468,1.1275,71.6852,8.5898,junior,medium,low,0,1,0,1,2,0,2,1
70e517ce161d3aac3766614e3d4bfc00,Joko Manurung,88,2,F,married,t,80.19,Good,0,55.3169,58.669,47.9,52.9,55.2,65.2,1,66.2715,0.7513,63.7842,1.4496,67.7531,24.8725,junior,medium,low,0,0,0,1,2,0,2,1
e02e3e895b66706597af1a6ae4a1423c,Dewi Permana,76,6,M,single,t,100.0,Excellent,0,88.7397,83.48,84.8,98.8,94.1,77.3,1,91.666,0.8874,90.54,1.1269,94.3698,11.2603,senior,high,medium,1,1,1,1,1,2,0,2
fe6f4433c12e696275b8fd0936f35792,Kartini Prasetyo,75,0,F,married,t,55.33,Below Average,0,71.4935,71.573,76.0,81.1,57.7,71.2,1,65.0513,0.8384,66.6678,0.7739,63.4111,-16.1647,junior,low,low,0,0,0,1,3,0,1,1
cdd2cbcfb5901da8baed3709c3a24e8d,Adi Manurung,84,3,M,married,t,59.01,Below Average,0,71.0571,76.16,71.4,82.4,67.9,62.5,1,67.7691,0.8795,68.9738,0.8305,65.0336,-12.047,mid,low,low,0,1,0,1,3,1,1,1
3a6c2fd828b1b48db4b49dfe65b2f0ab,Indra Situmorang,109,6,F,married,t,100.0,Excellent,0,77.4841,85.736,66.0,78.6,74.4,91.0,1,88.966,0.7748,86.7144,1.2906,88.742,22.5159,senior,high,medium,1,0,0,1,1,2,0,2
7285ef00d840d20cb71bb87e73cc9071,Taufik Harahap,85,1,M,single,t,60.55,Average,0,73.3812,86.292,81.0,69.2,69.4,74.0,1,72.1238,0.8717,73.4065,0.8252,66.968,-12.8263,junior,low,low,0,1,1,1,0,0,1,1
992b39c9b69626c285389a5783f771df,Fitri Rahayu,66,1,F,married,t,86.46,Good,0,97.9824,95.533,97.6,100.0,100.0,94.3,1,92.6389,0.8848,93.791,0.8824,92.2217,-11.5215,junior,high,high,1,0,0,1,2,0,0,0
9abef5d8071246d2ae80257d4a5b48bd,Endang Tampubolon,69,4,F,single,t,85.57,Good,0,75.4767,70.137,75.8,76.7,98.2,51.2,1,77.9123,0.8991,76.9029,1.1337,80.5235,10.0935,mid,high,medium,1,0,1,1,2,1,0,2
b25e5c816a03093c4247288f0ac61c7c,Joko Sinaga,90,8,F,widow,t,72.04,Average,0,67.7843,68.534,72.7,58.5,52.2,87.8,1,69.7135,0.9574,69.2874,1.0629,69.9145,4.2603,senior,medium,low,0,0,2,1,0,2,2,1
65e687dd4fcb7379f73f51972dca9467,Nina Saputra,80,9,M,married,t,88.42,Good,0,72.2441,80.208,63.1,83.1,65.2,77.5,1,81.1027,0.8383,79.4853,1.2239,80.3309,16.1736,senior,high,low,1,1,0,1,2,2,0,1
686e6bffb46a344c0d1836ed7750dd1e,Rahmat Sinaga,85,12,F,married,t,99.53,Excellent,1,69.3623,57.02,61.5,69.0,81.0,66.0,1,77.7261,0.6983,74.7095,1.4349,84.4455,30.1663,veteran,high,low,1,0,0,1,1,3,0,1
23d501535e8cecce51eb0a5eebe240fd,Bambang Yuliana,83,1,M,married,t,86.32,Good,0,62.7637,70.51,71.6,80.6,41.0,57.9,1,74.5101,0.7644,72.1545,1.3753,74.5417,23.556,junior,high,low,1,1,0,1,2,0,0,1
779a22ffbc67a23f345b5743b666fc7b,Rahmat Wijaya,94,1,M,single,t,100.0,Excellent,0,95.1534,92.872,100.0,80.6,100.0,100.0,1,96.4076,0.9515,95.9229,1.0509,97.5767,4.8466,junior,high,high,1,1,1,1,1,0,0,0
eccf088de7aa67a7c3dea4cd761d5ec3,Joko Nasution,68,0,F,married,t,79.08,Good,0,66.1774,65.124,72.8,57.0,57.5,77.4,0,71.0206,0.871,69.7308,1.1949,72.6264,12.898,junior,medium,low,0,0,0,1,2,0,2,1
292672fb150d114a1c538d7942029ec9,Yuni Permana,60,3,O,married,t,71.11,Average,0,80.9537,69.165,67.8,65.6,90.5,100.0,1,73.4803,0.9016,74.4645,0.8784,76.0327,-9.8421,mid,medium,medium,0,0,0,1,0,1,2,2
938472087be03a8d7581ad543a09682f,Taufik Pratama,64,0,F,single,t,33.48,Below Average,0,31.5406,30.482,22.6,16.8,40.2,46.5,1,32.0001,0.9806,31.8058,1.0616,32.5118,1.9424,junior,low,low,0,0,1,1,3,0,1,1
96c92e8554951e3733d07ad78a8afba2,Yanti Saputra,105,2,O,single,t,78.68,Good,0,72.0931,73.597,63.6,83.6,76.9,64.3,1,75.1773,0.9342,74.519,1.0913,75.3844,6.5827,junior,medium,low,0,0,1,1,2,0,2,1
ad163a4badf512b2c29ecee556e6530d,Rini Wibowo,104,10,M,married,f,58.02,Below Average,0,54.4256,64.974,41.4,66.1,58.5,51.6,0,59.0286,0.964,58.6689,1.0661,56.2237,3.5962,senior,low,low,0,1,0,0,3,2,1,1
95f47e76d689768c4ae6511398bfa9a9,Siti Tampubolon,98,12,M,single,f,81.17,Good,0,66.5536,69.405,72.3,65.4,70.7,57.9,1,73.2554,0.8538,71.7938,1.2196,73.8614,14.6157,veteran,medium,low,0,1,1,0,2,3,2,1
8166bf736e298640a6a9122b5f101a9c,Wati Sitompul,99,11,F,single,t,62.02,Average,0,66.58,63.891,79.3,66.5,56.3,64.3,1,63.9508,0.9544,64.4064,0.9316,64.3019,-4.5562,veteran,low,low,0,0,1,1,0,3,1,1
d9d4301f2cc257ff80f94dfc9bdd009b,Nina Sitompul,80,10,M,married,t,87.43,Good,0,69.9727,75.769,66.9,59.5,78.7,74.9,1,78.6947,0.8254,76.9489,1.2495,78.7015,17.4577,senior,high,low,1,1,0,1,2,2,0,1
1d903ceb6a22849a0b6d75bfb80a42b4,Tri Permana,66,5,M,married,t,100.0,Excellent,0,86.9326,96.572,100.0,89.5,62.5,95.7,1,95.0514,0.8693,93.7447,1.1503,93.4663,13.0674,mid,high,medium,1,1,0,1,1,1,0,2
8961a679089160a306cc48a4433ff7e5,Rita Wijaya,102,5,M,married,t,70.58,Average,0,63.6576,60.078,66.5,45.1,79.2,63.8,1,65.3523,0.9308,64.6601,1.1087,67.1184,6.9217,mid,medium,low,0,1,0,1,0,1,2,1
353d4d8574c2a9661a6676cf6474a91a,Deni Tampubolon,102,2,M,married,t,54.76,Below Average,0,48.0268,41.317,43.3,40.4,65.2,43.2,1,48.7074,0.9327,48.0341,1.1402,51.3937,6.7339,junior,low,low,0,1,0,1,3,0,1,1
26aa6d0c98078426d15318952556991a,Taufik Sitompul,76,4,F,married,t,75.61,Good,0,62.6746,63.596,64.9,59.5,59.4,66.9,1,68.1248,0.8707,66.8313,1.2064,69.1418,12.9344,mid,medium,low,0,0,0,1,2,1,2,1
c92c51d0bc798fe56920d6320141df9c,Deni Sitompul,60,6,M,married,f,63.61,Average,0,70.2474,65.344,87.6,57.6,76.2,59.5,1,66.1203,0.9336,66.7843,0.9055,66.9273,-6.6401,senior,low,low,0,1,0,0,0,2,1,1
aa91a53dacb4dfaf9709bb45fe4648af,Joko Setiawan,67,14,F,married,t,99.24,Excellent,1,89.2925,96.049,85.4,97.6,90.1,84.1,1,95.2972,0.9006,94.3028,1.1114,94.2645,9.9441,veteran,high,medium,1,0,0,1,1,3,0,2
93aa950bac02b873676728fc88cd4b30,Yanti Utama,88,0,M,single,t,85.99,Good,0,79.812,57.507,85.5,85.9,63.6,84.3,1,75.5915,0.9382,74.9738,1.0774,82.9006,6.1773,junior,high,medium,1,1,1,1,2,0,0,2
7b979236c32f2be8baac6f9984106e9f,Tri Sinaga,66,5,M,married,t,63.89,Average,0,58.3877,55.89,63.3,54.6,44.7,71.0,1,59.8396,0.945,59.2893,1.0943,61.1393,5.5032,mid,low,low,0,1,0,1,0,1,1,1
27f7637e7df67fe1cd73bb23187592f7,Agus Manurung,78,3,M,married,t,100.0,Excellent,0,91.0823,87.855,89.8,87.8,96.4,90.2,1,93.6812,0.9108,92.7894,1.0979,95.5411,8.9177,mid,high,high,1,1,0,1,1,1,0,0
143c8b766998a45695dd67893300bd76,Tri Wibowo,79,15,O,married,t,68.43,Average,1,70.5428,87.755,84.4,47.5,76.2,74.0,1,74.8628,0.9789,75.0737,0.9701,69.4881,-2.1093,veteran,low,low,0,0,0,1,0,3,1,1
8d408bb6f73a18350e3a45c5358fc3f6,Agus Putra,81,5,O,married,t,89.88,Good,0,79.1367,98.045,74.9,92.5,71.7,77.4,0,89.1072,0.8925,88.0327,1.1358,84.5093,10.7454,mid,high,medium,1,0,0,1,2,1,0,2
9af94afba1d03c1d9e3e3d3e50c63fcf,Wati Nugraha,93,4,F,married,t,89.02,Good,0,76.4856,81.461,83.1,72.0,71.3,79.5,1,82.9917,0.8747,81.7383,1.1639,82.7525,12.5338,mid,high,medium,1,0,0,1,2,1,0,2
c473b1748eac705e15cb91ecccc1c3f8,Eko Sari,86,7,M,married,t,79.89,Good,0,70.6764,69.537,89.6,87.8,50.1,55.2,1,74.0201,0.9079,73.0987,1.1304,75.2832,9.2136,senior,medium,low,0,1,0,1,2,2,2,1
7050d4299f723c2e8c0ac2806166b419,Ahmad Nugraha,62,11,F,married,t,76.24,Good,0,60.8157,53.025,65.8,45.4,52.9,79.2,1,64.6489,0.8457,63.1063,1.2537,68.5288,15.4262,veteran,medium,low,0,0,0,1,2,3,2,1
ce11d3a8063c4ceefd1d2077ca6a268b,Rita Tampubolon,89,5,F,single,t,74.87,Average,0,56.3706,43.394,50.5,60.2,54.2,60.6,1,59.8763,0.815,58.0266,1.3281,65.6191,18.497,mid,medium,low,0,0,1,1,0,1,2,1
ecf5f7d28ac9730c5af3d5f4784f7e68,Putri Nugraha,68,2,F,married,t,86.94,Good,0,78.294,89.417,84.2,70.7,64.0,94.3,1,85.0879,0.9136,84.2237,1.1104,82.6153,8.6427,junior,high,medium,1,0,0,1,2,0,0,2
925c2114f890246f6e5aeaf40aa58f74,Sari Permana,91,3,M,single,t,57.48,Below Average,0,53.6846,67.499,51.0,70.7,40.6,52.4,1,59.3488,0.962,58.9688,1.0708,55.5845,3.7997,mid,low,low,0,1,1,1,3,1,1,1
9dcd3528fcb5e435b6d7fa6b9c03f7a0,Widya Pratama,93,1,M,married,t,93.35,Excellent,0,81.8171,56.256,59.5,83.1,94.7,90.0,0,78.7617,0.8847,77.6084,1.141,87.5832,11.5323,junior,high,medium,1,1,0,1,1,0,0,2
da458f2d903b57ec4ab954d053f0687b,Maya Permana,107,12,F,single,t,68.36,Average,0,85.0946,67.854,83.6,94.1,82.4,80.2,1,73.2271,0.8326,74.9009,0.8033,76.7255,-16.7382,veteran,low,medium,0,0,1,1,0,3,1,2
7a8f0076864473da3ed719bb6de72ac7,Widya Sutanto,72,9,M,married,t,98.04,Excellent,0,87.8373,85.935,87.7,77.2,100.0,86.4,1,91.3471,0.898,90.327,1.1161,92.9378,10.201,senior,high,medium,1,1,0,1,1,2,0,2
bb270a17e25a4dd84a65cbcb345e6327,Citra Wibowo,96,0,F,married,t,82.13,Good,0,86.6681,81.034,65.9,95.0,97.8,88.0,1,83.1617,0.9546,83.6158,0.9476,84.398,-4.5402,junior,medium,medium,0,0,0,1,2,0,2,2
ea423b4d7443c50f438b7872378ff4ff,Anita Prasetyo,70,5,M,married,f,78.07,Good,0,69.0061,59.727,61.4,67.6,76.7,70.4,1,69.8491,0.9093,68.9424,1.1314,73.5394,9.0666,mid,medium,low,0,1,0,0,2,1,2,1
3dad5d9b734a4bdf6f6bd740c3cfa565,Rita Hutabarat,86,14,M,single,t,76.0,Good,0,88.5355,97.857,90.4,79.0,90.3,94.5,1,86.3181,0.8747,87.5716,0.8584,82.2683,-12.5346,veteran,medium,medium,0,1,1,1,2,3,2,2
942f92adc6d48463b36dc964e1ef5aa8,Widya Permana,85,4,M,single,t,100.0,Excellent,1,98.4713,90.487,98.2,95.7,100.0,100.0,1,96.6875,0.9847,96.5347,1.0155,99.2357,1.5287,mid,high,high,1,1,1,1,1,1,0,0
adce65cd7b501ea0bcfdca66eef57264,Novi Wibowo,102,3,M,single,t,100.0,Excellent,0,79.0052,100.0,75.2,82.9,66.7,91.3,1,93.7015,0.7901,91.6021,1.2657,89.5026,20.9948,mid,high,medium,1,1,1,1,1,1,0,2
47b4069f17fe09d13e60a05d8522f220,Ratna Sutanto,92,2,F,single,t,57.08,Below Average,0,68.3078,67.038,50.0,75.4,68.6,79.3,1,63.4342,0.8877,64.5574,0.8356,62.6919,-11.2317,junior,low,low,0,0,1,1,3,0,1,1
9d9529d5868d790444ef1a3917cf4c02,Deni Rahayu,84,8,F,married,t,78.94,Good,0,91.0162,96.971,100.0,100.0,74.0,90.1,1,87.9724,0.8792,89.18,0.8673,84.9784,-12.0756,senior,medium,high,0,0,0,1,2,2,2,0
6ae28fd69fe028f8f4c62d5128353742,Citra Sari,102,7,F,married,t,79.8,Good,0,51.9096,65.82,45.7,62.7,67.4,31.8,1,67.2391,0.7211,64.45,1.5373,65.855,27.8907,senior,medium,low,0,0,0,1,2,2,2,1
91588ad3f63908e2b2733eae3a5dd744,Andi Wibowo,87,2,M,single,f,85.45,Good,0,74.2433,77.547,65.1,90.9,53.3,87.7,1,79.7167,0.8879,78.5961,1.1509,79.846,11.2055,junior,high,low,1,1,1,0,2,0,0,1
4ac032d54a8746fb1e57949dc5c0d17d,Umi Wijaya,73,4,F,married,t,57.03,Below Average,0,49.568,50.646,60.3,25.1,53.3,59.5,1,52.8747,0.9254,52.1289,1.1505,53.2972,7.4584,mid,low,low,0,0,0,1,3,1,1,1
fbdd62516c5468ab1fc32fdf94ff1e3a,Joko Putra,86,3,F,single,f,39.28,Below Average,0,47.283,36.272,31.1,58.7,39.9,59.4,1,40.7783,0.92,41.5787,0.8307,43.2812,-8.0035,mid,low,low,0,0,1,0,3,1,1,1
44654d3c9268d44e768c4b90b67652be,Dewi Harahap,91,1,M,married,t,78.96,Good,0,74.5787,71.41,100.0,42.2,83.2,73.0,1,75.379,0.9562,74.9413,1.0587,76.7675,4.3776,junior,medium,low,0,1,0,1,2,0,2,1
c99348be1d2a8b8ac3463b66ccb62a78,Hadi Sitompul,77,11,F,single,t,100.0,Excellent,1,84.8944,92.795,88.2,78.1,86.8,86.5,1,93.3067,0.8489,91.7962,1.1779,92.4472,15.1056,veteran,high,medium,1,0,1,1,1,3,0,2
9019657dd0eb0b2067f3321985327f05,Yudi Utama,83,7,F,married,t,66.96,Average,0,53.3117,76.118,51.3,40.1,60.2,61.7,1,65.6137,0.8635,64.2487,1.256,60.1369,13.6503,senior,low,low,0,0,0,1,0,2,1,1
c09e4ed059b8c2609dedb3a620acdc27,Anita Susanto,80,3,M,single,t,88.43,Good,0,91.9358,77.712,84.0,99.2,84.5,100.0,1,86.267,0.965,86.6174,0.9619,90.1837,-3.5041,mid,high,high,1,1,1,1,2,1,0,0
d14cf0e9289f3e4112452cbf09cf7904,Bambang Nugraha,104,2,F,married,t,60.74,Average,0,53.0728,74.101,48.3,29.1,69.2,65.8,1,62.4463,0.9234,61.68,1.1444,56.904,7.6624,junior,low,low,0,0,0,1,0,0,1,1
d70ebeab9e6b3ff7072b023628395a71,Rita Sitompul,98,10,M,widow,t,100.0,Excellent,1,96.6529,100.0,95.3,100.0,100.0,91.3,1,98.9959,0.9665,98.6611,1.0346,98.3264,3.3471,senior,high,high,1,1,2,1,1,2,0,0
684766fb9bb7a7454a843d78b6c44f27,Irwan Pratama,69,2,O,married,t,67.93,Average,0,71.614,100.0,66.6,60.2,59.7,100.0,1,78.6574,0.9632,79.0255,0.9486,69.7735,-3.681,junior,low,low,0,0,0,1,0,0,1,1
343b2b8c57674afb15a83fc1702102d1,Siti Nasution,104,3,F,single,t,66.08,Average,0,65.5237,54.032,61.6,67.1,53.5,79.8,1,62.2991,0.9944,62.2434,1.0085,65.8022,0.557,mid,low,low,0,0,1,1,0,1,1,1
5a0d0a73d7921e19fca9952290a8663a,Anita Wijaya,87,8,F,married,t,93.03,Excellent,0,77.6562,67.286,79.0,71.8,72.2,87.7,1,80.6958,0.8462,79.1581,1.198,85.3447,15.3769,senior,high,medium,1,0,0,1,1,2,0,2
f15296896dc14f0c32f240abe9900de5,Fajar Nugraha,100,12,F,married,t,100.0,Excellent,0,85.5348,100.0,79.8,88.6,73.8,100.0,1,95.6604,0.8553,94.2139,1.1691,92.7674,14.4652,veteran,high,medium,1,0,0,1,1,3,0,2
1273f2bee7b91308ab04bd771663214a,Anita Putra,100,8,M,married,t,74.08,Average,0,67.3313,92.2,47.3,79.4,62.1,80.5,1,77.4899,0.9325,76.8154,1.1002,70.7038,6.7451,senior,medium,low,0,1,0,1,0,2,2,1
5407b68a02e18804026e5b8d687ab5d2,Taufik Utama,102,11,M,married,t,95.03,Excellent,0,72.4082,67.298,87.6,63.4,66.4,72.2,1,79.9238,0.7738,77.6617,1.3124,83.7189,22.6215,veteran,high,low,1,1,0,1,1,3,0,1
e34e99bb2bcad19ba922268638d4331a,Fajar Utama,94,4,M,single,t,56.77,Below Average,0,62.7112,48.689,46.1,70.9,57.4,76.5,1,56.1281,0.9406,56.7222,0.9053,59.7407,-5.941,mid,low,low,0,1,1,1,3,1,1,1
b09e3f0d22805d84d7d4b6731a986e63,Rita Susanto,85,2,M,married,t,52.4,Below Average,0,79.8864,72.341,89.1,94.1,64.2,72.1,1,66.6272,0.7251,69.3761,0.6559,66.1418,-27.4893,junior,low,medium,0,1,0,1,3,0,1,2
ce8f9e58c4257ab25bbade81b002c293,Hendra Wibowo,73,7,M,single,t,73.51,Average,0,60.112,65.736,57.2,53.2,61.6,68.4,1,67.1596,0.866,65.8195,1.2229,66.8126,13.4012,senior,medium,low,0,1,1,1,0,2,2,1
798c634bc5e788e2127fe152843eb864,Yanti Nasution,109,4,M,married,t,83.64,Good,0,72.6347,67.631,73.2,52.8,73.8,90.7,1,75.536,0.8899,74.4354,1.1515,78.1379,11.0064,mid,medium,low,0,1,0,1,2,1,2,1
e5d6c130846da72a7544dfaaf13eb98e,Indra Prasetyo,102,2,M,married,t,84.27,Good,0,83.9049,80.9,86.1,94.1,75.7,79.7,1,83.149,0.9964,83.1126,1.0043,84.0869,0.364,junior,medium,medium,0,1,0,1,2,0,2,2
4388aafff32de42d02531f306dd7b65c,Hendra Hutabarat,64,4,M,married,t,56.64,Below Average,0,69.4069,52.887,67.9,72.1,56.7,81.0,1,59.3449,0.8724,60.6214,0.8161,63.0244,-12.7649,mid,low,low,0,1,0,1,3,1,1,1
c71135ebb51aa9ed86ba89d823211a39,Bambang Hutabarat,65,4,F,married,t,100.0,Excellent,1,97.0928,97.043,100.0,100.0,88.4,100.0,1,98.2407,0.9709,97.95,1.0299,98.5464,2.9072,mid,high,high,1,0,0,1,1,1,0,0
956159ae01c15b51ca65cbe91db913df,Yanti Prasetyo,78,5,F,single,t,90.98,Excellent,0,80.3918,77.773,85.7,61.5,100.0,74.4,1,83.8431,0.8941,82.7839,1.1318,85.6879,10.5921,mid,high,medium,1,0,1,1,1,1,0,2
789c4cec779f1d33af74debda8b14c42,Rahmat Situmorang,104,2,M,single,t,100.0,Excellent,0,82.0591,93.665,66.1,89.7,72.5,100.0,1,92.7172,0.8206,90.9231,1.2186,91.0295,17.9409,junior,high,medium,1,1,1,1,1,0,0,2
df241509e8cdd0af53f8661bc1bd0e00,Rahmat Wijaya,81,2,F,married,t,46.07,Below Average,0,34.2004,26.071,38.5,29.7,30.8,37.8,0,36.5109,0.8813,35.3236,1.3472,40.1369,11.873,junior,low,low,0,0,0,1,3,0,1,1
e6c9c637dbe7f3f1c69578dac5f43905,Yanti Prasetyo,88,10,F,married,t,87.96,Good,0,79.0457,71.057,57.4,84.5,97.4,76.9,1,80.2159,0.9108,79.3242,1.1128,83.5043,8.9171,senior,high,medium,1,0,0,1,2,2,0,2
700961bf26de2146f7f3af179eff2111,Eko Utama,76,2,F,married,t,62.16,Average,0,70.8548,57.038,85.8,58.2,68.3,71.1,1,63.2332,0.9131,64.1023,0.8773,66.5092,-8.6914,junior,low,low,0,0,0,1,0,0,1,1
a4b63d0715d028ea9a71abf418defcb8,Citra Pratama,81,1,M,married,t,87.76,Good,0,72.982,90.078,69.1,57.9,88.1,76.8,1,84.0202,0.8523,82.5428,1.2024,80.3689,14.7738,junior,high,low,1,1,0,1,2,0,0,1
ec40ce93d426a1465653d3ab7fa1347c,Zainal Nasution,64,4,M,married,t,76.57,Good,0,62.673,78.906,59.9,62.9,62.6,65.3,1,73.1028,0.861,71.7129,1.2218,69.6229,13.8997,mid,medium,low,0,1,0,1,2,1,2,1
c59a616a2f4185507d1b9baed4b33531,Indra Setiawan,66,4,M,married,t,75.59,Good,1,80.7816,80.858,83.3,80.1,91.5,68.3,1,78.728,0.9481,79.2472,0.9357,78.1859,-5.1915,mid,medium,medium,0,1,0,1,2,1,2,2
1695d3dfd47c29f5eaab22e79408629c,Wati Nugraha,77,12,O,married,f,77.44,Good,0,68.9276,78.485,66.2,61.9,65.2,82.4,1,75.198,0.9149,74.3472,1.1234,73.1817,8.5081,veteran,medium,low,0,0,0,0,2,3,2,1
1a34caf6f33f9081a34e8d60be4a263c,Yanti Sari,103,12,F,single,t,65.87,Average,0,46.3276,45.215,50.5,45.3,38.1,51.4,0,53.8094,0.8046,51.8555,1.4218,56.0972,19.5391,veteran,low,low,0,0,1,1,0,3,1,1
6d3044a49ab4f8982b6dbb0f99b56f13,Eko Purnama,73,8,M,married,t,46.69,Below Average,0,43.2807,64.621,26.1,46.1,50.3,50.5,1,51.0471,0.9659,50.706,1.0788,44.9862,3.411,senior,low,low,0,1,0,1,3,2,1,1
5b35b27c2950c9eab161c62b99ac088d,Rita Putra,64,8,F,married,t,100.0,Excellent,0,84.3733,88.651,75.2,100.0,87.2,75.0,1,91.9072,0.8437,90.3445,1.1852,92.1866,15.6267,senior,high,medium,1,0,0,1,1,2,0,2
6ed503ddc471cb9522d3cd23954b7338,Adi Saputra,75,3,F,single,t,40.93,Below Average,0,35.8764,51.432,35.8,42.8,8.3,56.5,1,42.5662,0.9494,42.0604,1.141,38.4052,5.0576,mid,low,low,0,0,1,1,3,1,1,1
9ef1f2cf9904d6828ace12e740c63e85,Irwan Sitompul,97,2,M,married,t,88.1,Good,1,89.6859,100.0,70.6,100.0,95.7,92.4,1,92.1468,0.9842,92.3052,0.9823,88.8943,-1.5833,junior,high,medium,1,1,0,1,2,0,0,2
e33ba3ba33fea88dff4250d25a82f7e0,Zainal Wijaya,87,4,O,married,t,59.5,Below Average,0,55.6433,55.67,56.0,66.9,54.8,44.8,1,57.1938,0.9614,56.8082,1.0693,57.5716,3.8566,mid,low,low,0,0,0,1,3,1,1,1
6ba1c574bff26e304f11c304d0203d53,Maya Sitompul,63,3,M,married,t,75.06,Good,0,83.9353,76.824,92.5,80.5,76.9,85.9,1,78.2531,0.9113,79.1403,0.8943,79.4993,-8.8721,mid,medium,medium,0,1,0,1,2,1,2,2
4fc6832ba972247fda733007dff57c47,Yuni Wibowo,65,1,M,married,f,61.02,Average,0,83.5174,73.126,82.6,75.4,98.0,78.1,1,71.4021,0.7751,73.6515,0.7307,72.2702,-22.4944,junior,low,medium,0,1,0,0,0,0,1,2
11ae87b3274eeb760cf4af678ac39bb7,Ahmad Hutabarat,65,5,M,single,t,98.47,Excellent,1,87.6273,76.06,70.0,91.8,88.7,100.0,1,88.4931,0.8916,87.4091,1.1237,93.0473,10.84,mid,high,medium,1,1,1,1,1,1,0,2
bf0fdbbedce9c50a67be02c18bb324b3,Lina Nasution,61,11,M,married,t,73.94,Average,0,65.2816,53.389,74.7,56.7,40.9,88.8,1,65.1765,0.9134,64.3108,1.1326,69.61,8.6569,veteran,medium,low,0,1,0,1,0,3,2,1
bed8c184f98389e9ebd3d3d4be32ca2e,Suci Setiawan,62,3,F,married,t,68.21,Average,0,55.7065,60.743,44.0,70.6,55.8,52.4,1,62.2197,0.8749,60.9692,1.2245,61.9594,12.5058,mid,low,low,0,0,0,1,0,1,1,1
1fc33b893ff357096c873636b8793d9f,Fitri Utama,75,0,M,married,t,77.12,Good,0,61.8756,68.002,65.0,66.1,72.4,44.0,1,69.8093,0.8476,68.2854,1.2463,69.4954,15.2395,junior,medium,low,0,1,0,1,2,0,2,1
caa81c3d45f798651ae38f3031c354c4,Fitri Sari,88,4,F,single,t,70.43,Average,0,45.481,53.738,33.4,44.4,59.4,44.8,1,57.9365,0.7505,55.4418,1.5485,57.9541,24.9463,mid,medium,low,0,0,1,1,0,1,2,1
cc68e0b1317b3b304d14d03b683d9170,Tri Permana,78,5,F,single,t,69.4,Average,0,60.0568,52.827,65.2,60.9,50.7,63.5,1,61.6261,0.9065,60.6915,1.1556,64.7298,9.346,mid,low,low,0,0,1,1,0,1,1,1
2e3f10052bbbd04da65a973f5ef0428b,Endang Susanto,69,0,M,married,f,72.93,Average,0,60.4845,37.991,65.6,68.3,49.5,58.6,1,58.7139,0.8756,57.4695,1.2057,66.7065,12.444,junior,medium,low,0,1,0,0,0,0,2,1
4cedd2f87edc5b09750245191662f27d,Joko Prasetyo,90,4,M,single,t,70.37,Average,0,77.7068,63.858,83.7,84.9,69.8,72.4,1,70.6159,0.9266,71.35,0.9055,74.0365,-7.3405,mid,medium,medium,0,1,1,1,0,1,2,2
5869fd572d92b84b9ffa357be20b1b94,Adi Yuliana,64,3,F,married,t,81.71,Good,0,77.1363,85.273,61.6,88.4,74.9,83.7,1,81.4074,0.9542,80.9499,1.0593,79.4238,4.5751,mid,medium,medium,0,0,0,1,2,1,2,2
181a114c5fe866f5c72e51e674ffdcba,Taufik Wijaya,73,0,M,single,f,48.35,Below Average,0,53.6506,45.139,59.0,53.8,42.3,59.5,1,48.9779,0.947,49.5077,0.9012,51.0015,-5.298,junior,low,low,0,1,1,0,3,0,1,1
754b81148cbc45521d83b50933d71f50,Agus Wijaya,74,10,M,widow,t,100.0,Excellent,1,83.5591,88.199,73.8,88.8,88.3,83.3,1,91.5274,0.8356,89.8833,1.1968,91.7796,16.4409,senior,high,medium,1,1,2,1,1,2,0,2
d64251e348b62c5d9da820cf783b1b63,Ratna Prasetyo,68,13,M,married,f,68.78,Average,0,55.3363,65.174,34.7,65.9,60.0,60.7,1,63.6665,0.8655,62.3218,1.243,62.0599,13.4471,veteran,low,low,0,1,0,0,0,3,1,1
69eb84cca4067a979887519c17c76221,Widya Nugraha,73,3,M,single,t,83.67,Good,0,66.2283,53.353,59.5,56.0,74.1,75.3,1,69.3426,0.8256,67.5984,1.2634,74.9495,17.4423,mid,medium,low,0,1,1,1,2,1,2,1
bf8f4d18446b3ef9daf9f0228161a07b,Nina Hutabarat,89,4,F,married,f,75.34,Good,0,70.4065,67.84,73.7,74.1,65.4,68.4,1,71.6119,0.9506,71.1181,1.0701,72.8755,4.938,mid,medium,low,0,0,0,0,2,1,2,1
7d2b27a933661bb5867f999ea8959a8f,Hendra Sutanto,75,12,F,single,f,79.09,Good,0,69.1732,79.113,92.0,43.6,64.6,76.5,1,76.1215,0.9008,75.13,1.1433,74.131,9.9157,veteran,medium,low,0,0,1,0,2,3,2,1
cd055dfc40c15b3a48eee63eb62721c3,Hendra Sutanto,91,3,F,single,t,86.27,Good,0,78.581,87.134,77.2,76.2,79.8,81.1,1,84.2241,0.9231,83.4548,1.0979,82.4276,7.6932,mid,high,medium,1,0,1,1,2,1,0,2
bf50c86b4e6845363d701e472a1445dc,Rahmat Manurung,75,4,O,married,f,64.56,Average,0,70.3259,69.484,60.2,88.1,60.4,72.7,0,67.7686,0.9424,68.3448,0.9181,67.4451,-5.7618,mid,low,low,0,0,0,0,0,1,1,1
4f6037500474dab7c55a7559afeb01fc,Nina Sutanto,72,2,M,single,t,38.7,Below Average,0,29.2498,22.661,51.9,29.0,10.3,25.8,1,31.0513,0.9055,30.1068,1.3229,33.9726,9.4455,junior,low,low,0,1,1,1,3,0,1,1
0a28612bcc87f5acb5a19d805874ebf0,Tri Purnama,78,5,F,married,t,90.48,Excellent,1,52.6723,58.727,50.5,47.6,58.7,53.9,1,69.6111,0.6219,65.8304,1.7178,71.5754,37.8062,mid,high,low,1,0,0,1,1,1,0,1
dc8e8d5452e1759c28e2852bf099f686,Agus Simanjuntak,98,7,F,married,t,87.57,Good,1,90.7259,94.874,96.2,81.6,85.1,100.0,1,90.7071,0.9684,91.0229,0.9652,89.1469,-3.1581,senior,high,high,1,0,0,1,2,2,0,0
02d892cdb1e9af98798e7e25f9c50fd0,Vina Yuliana,94,3,M,married,t,82.93,Good,0,72.7471,72.597,84.7,71.0,62.6,72.8,1,76.7769,0.8981,75.7582,1.14,77.8408,10.1874,mid,medium,low,0,1,0,1,2,1,2,1
33491e20231cdb53f63ba133a0e271a6,Rizki Setiawan,68,11,M,single,t,100.0,Excellent,0,80.9622,61.841,75.4,81.5,67.0,100.0,1,82.8408,0.8096,80.937,1.2351,90.4811,19.0378,veteran,high,medium,1,1,1,1,1,3,0,2
c2435a2d2852e3bc019cd7864cbb7d01,Rahmat Pratama,98,10,M,married,t,100.0,Excellent,0,94.3064,100.0,100.0,80.2,100.0,97.1,0,98.2919,0.9431,97.7226,1.0604,97.1532,5.6936,senior,high,high,1,1,0,1,1,2,0,0
6c08eb46a9eaa860678aefc93aff1620,Indra Saputra,60,2,F,married,t,86.98,Good,0,70.0012,82.335,65.1,77.6,40.8,96.6,1,80.4936,0.8302,78.7955,1.2426,78.4916,16.9808,junior,high,low,1,0,0,1,2,0,0,1
4c6ab3eda88cbc3bfa09117facdec578,Novi Situmorang,109,2,M,married,t,71.97,Average,0,74.7815,59.194,85.6,71.8,79.6,62.1,0,68.9787,0.9718,69.2603,0.9623,73.3734,-2.8161,junior,medium,low,0,1,0,1,0,0,2,1
f561e9a333a24f6a2b4fade78e0e8c46,Siti Hutabarat,101,0,M,married,t,70.39,Average,0,64.7287,55.12,58.6,67.8,69.5,63.1,1,64.11,0.9434,63.5441,1.0874,67.5586,5.6597,junior,medium,low,0,1,0,1,0,0,2,1
1eb1eb9550dcc1d7f72d9606b94ebe1c,Siti Putra,76,3,M,married,t,30.84,Below Average,0,47.0535,29.696,46.3,49.0,32.4,60.5,1,35.3593,0.8378,36.9811,0.6553,38.9449,-16.2172,mid,low,low,0,1,0,1,3,1,1,1
54b6212546f3bf8673671e4eae481f96,Indra Sari,78,2,M,married,t,100.0,Excellent,1,95.1955,74.058,100.0,100.0,90.2,90.6,1,90.7762,0.952,90.2957,1.0505,97.5977,4.8045,junior,high,high,1,1,0,1,1,0,0,0
d45a685c1658c5205b625453acfc689f,Widya Nasution,103,0,M,married,t,65.69,Average,0,73.2807,52.051,66.2,75.1,64.8,87.0,1,63.8741,0.9241,64.6335,0.8964,69.4838,-7.5937,junior,low,low,0,1,0,1,0,0,1,1
8954d062ae6c7ca0615f7090f592db10,Rahmat Wijaya,84,9,M,single,t,9.73,Below Average,0,8.1601,17.304,0.0,21.8,7.0,3.9,1,11.5319,0.9843,11.3747,1.1926,8.9458,1.5715,senior,low,low,0,1,1,1,3,2,1,1
f8e521ebe174510bd216b0403b1873d6,Joko Sinaga,81,10,M,married,t,32.39,Below Average,0,47.3027,54.602,52.1,40.1,54.5,42.5,0,43.5263,0.8508,45.0178,0.6847,39.8451,-14.9153,senior,low,low,0,1,0,1,3,2,1,1
7c39b7c3adfbb1e3f2e3a06e30ffa2e7,Budi Rahayu,99,4,M,married,t,80.98,Good,0,69.5269,77.097,66.1,71.8,61.5,78.7,0,76.3783,0.8855,75.2332,1.1647,75.2523,11.4507,mid,medium,low,0,1,0,1,2,1,2,1
0e286219efdbe1375c56bb2464cfd8b5,Lina Rahayu,80,6,M,married,t,76.55,Good,0,67.283,77.1,59.0,69.9,62.8,77.4,1,73.9332,0.9074,73.0069,1.1377,71.9144,9.2628,senior,medium,low,0,1,0,1,2,2,2,1
ecc83d95c54ddc09f00be9d9598da569,Mega Sitompul,97,6,F,married,f,97.46,Excellent,0,65.0582,75.225,76.5,60.2,58.0,65.5,1,81.0695,0.676,77.8292,1.4981,81.2598,32.4032,senior,high,low,1,0,0,0,1,2,0,1
1050265dabb98f76235f949c4e316edb,Agus Purnama,108,8,M,single,t,82.51,Good,0,72.3975,69.126,60.0,81.9,63.4,84.3,1,75.4603,0.8989,74.4492,1.1397,77.4527,10.1104,senior,medium,low,0,1,1,1,2,2,2,1
0941364e5582174d37a3297bfff00d90,Rahmat Prasetyo,103,2,M,single,t,59.87,Below Average,0,55.3864,41.957,48.7,56.6,59.8,56.4,1,53.1491,0.9552,52.7012,1.0809,57.6258,4.4788,junior,low,low,0,1,1,1,3,0,1,1
eb751c8c28fc549d4c223168c6ce105d,Yudi Sitompul,95,3,M,married,f,98.68,Excellent,1,86.2029,99.125,75.0,96.9,87.3,85.7,1,95.0686,0.8753,93.8213,1.1447,92.4394,12.4729,mid,high,medium,1,1,0,0,1,1,0,2
355a4438aa809957eec4711bf20fbbe6,Yanti Tampubolon,60,8,F,widow,t,100.0,Excellent,0,85.6082,63.347,76.5,84.0,91.6,90.3,1,84.6864,0.8561,83.2473,1.1681,92.8041,14.3918,senior,high,medium,1,0,2,1,1,2,0,2
d793f28c675f45de02074d77a4fa7db5,Indra Utama,97,9,F,married,t,98.92,Excellent,0,87.3088,82.601,87.8,88.1,82.6,90.7,1,90.542,0.8839,89.3806,1.133,93.1156,11.6136,senior,high,medium,1,0,0,1,1,2,0,2
53b81de0a9cc9728be357e8ec45300a3,Yuni Tampubolon,92,2,F,single,f,53.77,Below Average,0,61.8102,54.317,62.0,43.6,67.2,74.4,1,56.345,0.9196,57.1493,0.8699,57.7886,-8.0431,junior,low,low,0,0,1,0,3,0,1,1
a25b799ae0f4939cb3e9cb2fcb87a633,Novi Situmorang,73,3,M,married,t,67.83,Average,0,75.5082,44.463,74.9,79.1,75.8,72.3,1,63.1213,0.9232,63.8896,0.8982,71.6667,-7.683,mid,low,medium,0,1,0,1,0,1,1,2
4c2b57e0927d0b73ee9ec025d4a15d9f,Agus Sinaga,63,2,M,married,t,76.11,Good,0,91.7964,79.053,99.6,93.3,90.9,83.3,1,81.6974,0.8431,83.2664,0.8291,83.9514,-15.6898,junior,medium,high,0,1,0,1,2,0,2,0
e67d35b90e6cacf7d4baeee4a50767eb,Fitri Permana,69,8,M,married,t,88.63,Good,1,63.7105,73.456,69.0,33.2,75.6,77.0,1,76.6004,0.7508,74.1088,1.3911,76.1684,24.9158,senior,high,low,1,1,0,1,2,2,0,1
ffe57a4fc52b2d67d20ed20857f30b06,Putri Susanto,71,0,F,married,t,73.38,Average,0,59.5542,64.582,73.7,44.4,65.7,54.4,1,66.5944,0.8617,65.2114,1.2322,66.4691,13.8298,junior,medium,low,0,0,0,1,0,0,2,1
540bd853501726b1f5556f1a125527dd,Widya Yuliana,83,4,F,single,f,82.61,Good,1,93.6742,100.0,100.0,76.4,100.0,98.3,1,91.1467,0.8894,92.253,0.8819,88.1427,-11.0632,mid,medium,high,0,0,1,0,2,1,2,0
6676d2a857dce00c966e246e0ef4455d,Widya Simanjuntak,98,8,M,single,f,96.03,Excellent,0,73.207,99.79,76.3,68.7,62.3,85.6,1,90.3107,0.7718,88.0285,1.3117,84.6178,22.8216,senior,high,low,1,1,1,0,1,2,0,1
b31029831bf698a89564b19b50d53ab9,Umi Sutanto,102,9,M,single,f,55.85,Below Average,0,51.2421,65.229,70.9,39.9,50.8,43.3,1,57.2814,0.9539,56.8206,1.0899,53.5462,4.6082,senior,low,low,0,1,1,0,3,2,1,1
43196a725a634ed910848d0dd7f27e2f,Budi Yuliana,105,4,O,married,f,87.78,Good,0,61.5382,100.0,58.9,51.2,67.6,68.4,1,83.5726,0.7376,80.9486,1.4264,74.658,26.2396,mid,high,low,1,0,0,0,2,1,0,1
c440c909fcc1cd44ed267059a3108883,Ahmad Wibowo,106,1,M,single,t,96.33,Excellent,1,83.5835,79.332,84.8,67.7,87.9,93.9,1,87.4067,0.8725,86.132,1.1525,89.9568,12.7465,junior,high,medium,1,1,1,1,1,0,0,2
aaf38d1cca050c91e8b2cb81e45667ee,Joko Harahap,66,7,M,single,t,66.93,Average,0,43.9115,72.449,41.5,43.2,34.4,56.6,0,61.6794,0.7698,59.3777,1.5242,55.4198,23.0167,senior,low,low,0,1,1,1,0,2,1,1
03213fee8b756878f8f0d805cc85eef0,Andi Susanto,100,3,F,married,t,100.0,Excellent,1,75.6076,87.921,83.1,74.4,77.4,67.6,1,89.0587,0.7561,86.6195,1.3226,87.8038,24.3924,mid,high,medium,1,0,0,1,1,1,0,2
c70eb8833b309aa2f336a9b4b9c69753,Adi Nugraha,68,5,F,married,t,92.99,Excellent,1,77.3354,83.025,58.4,63.7,87.2,100.0,1,85.3038,0.8435,83.7384,1.2024,85.1622,15.6536,mid,high,medium,1,0,0,1,1,1,0,2
9469556b53d1107ffe28050581ab479f,Irwan Yuliana,96,8,F,single,t,59.01,Below Average,0,63.1998,60.853,47.1,75.2,79.2,51.3,1,60.8197,0.9581,61.2387,0.9337,61.1048,-4.1902,senior,low,low,0,0,1,1,3,2,1,1
f54162a19b6d0cd05d5e86d2d1b2293a,Joko Wibowo,86,6,M,married,t,75.31,Good,0,83.466,54.945,72.4,70.8,100.0,90.6,1,71.6457,0.9184,72.4617,0.9022,79.3861,-8.1599,senior,medium,medium,0,1,0,1,2,2,2,2
e3c582bba8a21fbe272c9facb64b0591,Umi Hutabarat,67,2,M,married,t,58.07,Below Average,0,54.4909,76.585,65.4,51.1,42.5,58.9,1,62.5494,0.9642,62.1918,1.0656,56.2786,3.5754,junior,low,low,0,1,0,1,3,0,1,1
ef5db0d2cb2f0c6d645d9b71c3bd1688,Suci Simanjuntak,98,4,F,married,t,71.24,Average,0,60.0542,50.153,51.9,57.8,59.6,70.9,1,61.56,0.8881,60.441,1.1863,65.6494,11.1905,mid,medium,low,0,0,0,1,0,1,2,1
0750f9fa7be3b3eac4add524747256da,Hadi Hutabarat,102,6,F,married,f,98.94,Excellent,0,73.3491,50.265,77.5,70.0,63.7,82.2,1,76.6589,0.7441,74.1002,1.3488,86.1428,25.5875,senior,high,low,1,0,0,0,1,2,0,1
cdc171e3105663757f620a07b3f23f90,Irwan Yuliana,94,3,M,married,f,81.09,Good,0,73.5081,87.828,72.6,86.4,73.0,61.9,1,80.837,0.9242,80.0787,1.1031,77.2992,7.5823,mid,medium,low,0,1,0,0,2,1,2,1
a2f1688f7ce71e36d5a0a5d2cbe2c39c,Ratna Yuliana,100,11,F,married,t,81.14,Good,0,66.9636,64.247,43.8,77.9,55.4,90.7,1,71.8198,0.8582,70.402,1.2117,74.0526,14.178,veteran,medium,low,0,0,0,1,2,3,2,1
61d4038646d8f9a86cabca4e173b1eeb,Anita Hutabarat,98,8,F,married,t,84.42,Good,0,70.5422,89.534,40.7,88.3,54.5,98.8,0,81.7901,0.8612,80.4025,1.1967,77.48,13.8757,senior,medium,low,0,0,0,1,2,2,2,1
2d20356655592c9994713aec3101472b,Deni Utama,82,4,M,married,t,64.37,Average,0,54.1155,51.028,40.4,71.2,43.7,61.1,0,57.2928,0.8974,56.2669,1.1896,59.245,10.2589,mid,low,low,0,1,0,1,0,1,1,1
c665a609f349b5063f707eb1ef7a0007,Fajar Prasetyo,99,7,M,single,t,81.44,Good,0,87.6119,70.771,84.8,80.2,100.0,85.5,1,80.0917,0.9383,80.7087,0.9296,84.5269,-6.17,senior,medium,medium,0,1,1,1,2,2,2,2
5f0472651690496aeb505510a24420da,Budi Sinaga,64,9,M,married,t,59.64,Below Average,0,66.3862,66.856,76.4,56.0,67.8,65.5,1,63.8299,0.9326,64.5041,0.8984,63.0147,-6.7429,senior,low,low,0,1,0,1,3,2,1,1
becdf690b69e7b4239f5ef444cda7b2e,Andi Simanjuntak,74,2,F,single,t,87.82,Good,0,63.0984,61.089,55.6,59.0,59.5,78.3,1,72.385,0.7528,69.9127,1.3918,75.4601,24.7233,junior,high,low,1,0,1,1,2,0,0,1
ce85cd646c86c4fa291754d87b79294b,Yudi Situmorang,84,9,M,married,t,75.36,Good,0,89.6652,92.093,88.5,84.8,92.1,93.3,0,84.6729,0.857,86.103,0.8405,82.5145,-14.3013,senior,medium,medium,0,1,0,1,2,2,2,2
fa0ba8343164d5f693a31e983c3aee9a,Vina Sinaga,100,4,M,married,t,72.65,Average,0,50.9216,63.612,55.6,33.8,45.2,69.2,1,63.4216,0.7827,61.2484,1.4268,61.7878,21.7324,mid,medium,low,0,1,0,1,0,1,2,1
8f8ad34e4319fe8ac4211d687a05c577,Agus Yuliana,107,6,M,single,t,66.3,Average,0,58.8949,60.125,58.4,60.7,50.6,65.9,1,62.2265,0.9259,61.4859,1.1258,62.5983,7.4067,senior,low,low,0,1,1,1,0,2,1,1
319fea522f6463c2411c0afb337646a8,Kartini Tampubolon,69,3,F,single,t,72.37,Average,0,62.6082,64.946,55.7,46.8,82.3,65.6,0,67.2132,0.9024,66.2373,1.1559,67.4877,9.759,mid,medium,low,0,0,1,1,0,1,2,1
6a87e21cd0ae962abf41e92ac7500c4d,Dewi Simanjuntak,98,6,M,single,t,82.15,Good,0,51.3343,50.484,61.6,45.8,42.5,55.4,1,63.4034,0.6919,60.3223,1.6002,66.7397,30.8109,senior,medium,low,0,1,1,1,2,2,2,1
29ae16f4a124f95d24a9bee5a7c809e3,Rizki Sari,67,7,F,single,t,100.0,Excellent,0,69.5273,51.648,58.8,65.2,72.2,81.9,0,76.3527,0.6953,73.3055,1.4383,84.7637,30.4727,senior,high,low,1,0,1,1,1,2,0,1
3cd0d85f2527a90bb625b712af5b6a72,Wati Harahap,91,9,M,single,f,100.0,Excellent,1,85.808,94.863,92.1,61.3,89.8,100.0,1,94.2013,0.8581,92.7821,1.1654,92.904,14.192,senior,high,medium,1,1,1,0,1,2,0,2
e6371cb757d8431ec3e50982769a8bf1,Sari Nasution,74,5,M,married,t,85.18,Good,0,59.2683,58.166,53.1,65.4,66.0,52.5,1,69.3011,0.7409,66.7103,1.4371,72.2225,25.9085,mid,high,low,1,1,0,1,2,1,0,1
15d0aaf73cb85b748ade9b8f769b3f40,Budi Saputra,93,10,M,married,t,91.07,Excellent,1,88.4951,89.423,85.6,100.0,68.4,100.0,1,89.8031,0.9743,89.5457,1.0291,89.782,2.5738,senior,high,medium,1,1,0,1,1,2,0,2
dc4e0eeaf865fb7fd96f7f139fd3de82,Agus Sari,104,1,F,married,t,66.27,Average,0,64.7669,75.112,65.7,40.2,80.1,73.0,1,68.4725,0.985,68.322,1.0232,65.5194,1.505,junior,low,low,0,0,0,1,0,0,1,1
f9dc5cb9866863534257d20f6a9f566b,Wati Tampubolon,96,1,M,married,t,89.49,Good,0,94.4732,100.0,83.9,100.0,100.0,94.0,1,94.1368,0.9501,94.6354,0.9472,91.9801,-4.9861,junior,high,high,1,1,0,1,2,0,0,0
f90896aba181402b8233edb743510999,Rizki Saputra,107,7,M,married,t,95.94,Excellent,0,88.6733,72.051,81.3,96.9,93.1,83.5,1,86.594,0.9273,85.8672,1.082,92.3074,7.2683,senior,high,medium,1,1,0,1,1,2,0,2
018f1d70f8e113197da3057ba05baa4d,Yanti Nasution,91,0,M,single,f,65.88,Average,0,60.485,67.679,78.3,50.3,56.0,57.3,1,64.8011,0.9461,64.2616,1.0892,63.1825,5.395,junior,low,low,0,1,1,0,0,0,1,1
9ebc1c4b0c28963456c8e2e64b6106f3,Adi Nugraha,69,3,F,married,t,86.04,Good,0,79.0381,73.631,74.5,84.8,79.9,77.0,1,80.2186,0.9299,79.518,1.0886,82.5413,7.0064,mid,high,medium,1,0,0,1,2,1,0,2
08277b4fe3ad6f36fa81405d1221e7f8,Taufik Wijaya,105,10,M,married,t,68.36,Average,0,54.8623,57.5,73.3,45.1,35.4,65.7,1,61.0508,0.8651,59.7016,1.2459,61.6087,13.4928,senior,low,low,0,1,0,1,0,2,1,1
4272c67d389073aa64794a780e3eb9fd,Novi Nugraha,65,6,F,married,t,81.89,Good,0,65.3337,53.624,67.4,70.2,69.9,53.8,1,68.4419,0.8345,66.7866,1.2534,73.61,16.5527,senior,medium,low,0,0,0,1,2,2,2,1
c1a378ccfce50236fca7d139d68e7c5f,Rizki Rahayu,74,1,F,married,f,75.06,Good,0,76.749,70.482,67.8,68.4,83.0,87.8,1,74.1948,0.9831,74.3633,0.978,75.9064,-1.685,junior,medium,medium,0,0,0,0,2,0,2,2
280e6d456c2335b70cef5e48997f028f,Dewi Sari,106,10,M,married,t,90.35,Excellent,1,64.3628,67.741,71.5,61.7,51.6,72.7,0,75.7709,0.7401,73.1722,1.4037,77.356,25.9864,senior,high,low,1,1,0,1,1,2,0,1
9b71f8e93ca784de2325ff5ecae7ce12,Fitri Utama,89,2,F,married,t,76.79,Good,0,66.0647,49.002,68.7,55.5,83.1,57.0,0,65.2364,0.8927,64.1638,1.1624,71.4276,10.7259,junior,medium,low,0,0,0,1,2,0,2,1
ba543a82da524b8a59c43b3caf25f20d,Rini Harahap,64,8,O,single,t,100.0,Excellent,1,75.1624,82.099,85.8,59.2,63.7,91.8,1,87.1785,0.7516,84.6947,1.3305,87.5812,24.8376,senior,high,medium,1,0,1,1,1,2,0,2
fb1d261168d746edea8cd2860ffecc0a,Kartini Hutabarat,95,5,F,single,t,86.41,Good,0,68.6741,55.507,66.7,52.2,82.4,73.3,1,71.8189,0.8226,70.0452,1.2583,77.5427,17.7371,mid,high,low,1,0,1,1,2,1,0,1
f4b57b12079dc1ba2da481700cd3d3a1,Mega Pratama,108,12,F,single,t,48.58,Below Average,0,47.1145,34.12,51.3,47.2,48.1,41.9,1,43.8013,0.9854,43.655,1.031,47.8458,1.4626,veteran,low,low,0,0,1,1,3,3,1,1
1f59d70179b832d16a8d36274e076f01,Ahmad Rahayu,62,0,F,married,t,81.78,Good,1,92.5273,76.115,85.6,84.5,100.0,100.0,1,83.304,0.8925,84.3789,0.8838,87.1528,-10.7489,junior,medium,high,0,0,0,1,2,0,2,0
ae9477b53f0b5b5f1c7ec2f2af2d5d86,Bambang Purnama,60,10,M,married,f,83.53,Good,0,62.8974,63.981,48.1,63.4,53.2,86.9,1,71.4753,0.7937,69.4121,1.328,73.2136,20.6324,senior,medium,low,0,1,0,0,2,2,2,1
97c9073f5b2161e180c4e141de7e4bee,Fitri Nugraha,91,1,M,single,t,75.41,Good,0,81.6335,60.653,78.8,68.8,93.5,85.4,1,72.8512,0.9378,73.4732,0.9238,78.5235,-6.2201,junior,medium,medium,0,1,1,1,2,0,2,2
c5e2782d3de744710431fc56aae4cbca,Zainal Nasution,108,0,F,married,t,41.87,Below Average,0,34.3045,55.339,19.9,42.1,39.2,36.0,1,43.6398,0.9244,42.8836,1.2204,38.0855,7.5621,junior,low,low,0,0,0,1,3,0,1,1
6f7a441c0d6e05ae1eeb284c285ae678,Yanti Putra,90,2,M,single,t,62.67,Average,0,43.8541,43.891,37.2,27.8,65.3,45.1,1,51.3927,0.8118,49.5108,1.4291,53.2637,18.8193,junior,low,low,0,1,1,1,0,0,1,1
cf1ebcf841655e198302f3710c5a57c0,Deni Saputra,107,0,F,single,t,94.55,Excellent,1,82.9199,82.278,84.0,59.5,96.4,91.9,1,87.379,0.8837,86.2161,1.1402,88.7344,11.629,junior,high,medium,1,0,1,1,1,0,0,2
fc602d9fac7d976a221d1d1d2468cee7,Ratna Sinaga,71,7,F,single,t,71.58,Average,0,65.283,66.318,48.6,57.9,89.5,65.1,1,68.1127,0.937,67.4829,1.0965,68.432,6.298,senior,medium,low,0,0,1,1,0,2,2,1
9cd2d3c39595a9902c7063daab882351,Bambang Pratama,104,9,M,married,t,81.72,Good,0,89.3355,100.0,87.7,99.8,84.6,85.2,0,89.4903,0.9239,90.2514,0.9148,85.5298,-7.6114,senior,medium,medium,0,1,0,1,2,2,2,2
2b94341de58b577712fe4958347d6180,Anita Purnama,87,3,F,single,t,46.91,Below Average,0,42.0513,50.369,45.1,54.2,20.9,48.0,1,46.4899,0.9514,46.004,1.1155,44.4804,4.8583,mid,low,low,0,0,1,1,3,1,1,1
07d3366381ca1e611f3df22db6222889,Citra Nugraha,89,2,M,married,t,87.0,Good,1,78.0883,68.189,65.3,85.4,76.6,85.1,1,78.6832,0.9109,77.792,1.1141,82.5442,8.9117,junior,high,medium,1,1,0,1,2,0,0,2
7d9f6ac62b3e2b84ad4a228c9821bbec,Suci Simanjuntak,87,8,F,single,t,79.17,Good,0,79.7497,67.327,75.8,70.6,77.6,95.0,1,75.7925,0.9942,75.8501,0.9928,79.4617,-0.5759,senior,medium,medium,0,0,1,1,2,2,2,2
562caa1a8732923cfb728ec912319f3e,Wati Tampubolon,102,9,M,single,t,50.86,Below Average,0,54.2122,60.781,48.4,54.3,42.1,72.1,1,54.8409,0.9665,55.1763,0.9381,52.5349,-3.3547,senior,low,low,0,1,1,1,3,2,1,1
39e31efcce1b913f495b726dd281ceaf,Mega Pratama,90,2,M,single,t,82.92,Good,1,72.7044,72.031,82.9,72.3,57.3,78.3,1,76.5873,0.8979,75.566,1.1405,77.8106,10.2126,junior,medium,low,0,1,1,1,2,0,2,1
ce5cbcae603a35b62a2a3589c63f8ffc,Widya Purnama,93,3,M,single,t,70.38,Average,0,56.6765,42.388,37.0,66.4,62.1,61.2,1,57.8727,0.8629,56.502,1.2418,63.53,13.707,mid,medium,low,0,1,1,1,0,1,2,1
4aaf26b31c2c3009f798a95b6b70e512,Endang Rahayu,79,4,M,married,t,69.22,Average,0,51.4734,46.074,54.7,67.2,33.9,50.1,0,56.9517,0.8226,55.1772,1.3447,60.3459,17.745,mid,low,low,0,1,0,1,0,1,1,1
34becb6f1281a133546c0180d3f3b13c,Yudi Utama,62,2,F,married,f,83.15,Good,0,85.5892,77.13,75.7,95.8,78.2,92.6,1,82.0763,0.9756,82.3201,0.9715,84.3701,-2.4382,junior,medium,medium,0,0,0,0,2,0,2,2
66d3013064a10e45e3e8eb4c1c363a92,Agus Sitompul,69,5,F,single,t,100.0,Excellent,0,97.3424,100.0,96.2,100.0,100.0,93.2,1,99.2027,0.9734,98.937,1.0273,98.6712,2.6576,mid,high,high,1,0,1,1,1,1,0,0
891a62909183e48e45c8cd80ffc6a1fe,Kartini Sari,99,1,M,married,t,91.56,Excellent,1,65.767,72.438,78.7,59.0,44.3,81.1,0,78.0848,0.7421,75.5057,1.3922,78.6626,25.7911,junior,high,low,1,1,0,1,1,0,0,1
2b547ea030b13cd747270e44e70ed94b,Indra Sari,83,6,F,married,t,72.22,Average,0,47.0033,57.667,45.9,51.0,35.8,55.3,1,60.29,0.7478,57.7681,1.5365,59.6129,25.2192,senior,medium,low,0,0,0,1,0,2,2,1
6ddab58fdf6196c91d0d0687871a4e1e,Andi Nugraha,79,8,M,widow,t,85.85,Good,0,77.4107,60.523,75.6,63.8,77.4,92.9,1,75.7207,0.9156,74.8767,1.109,81.6311,8.4408,senior,high,medium,1,1,2,1,2,2,0,2
5cc69ef0d0844d87139c7bd05569ea02,Rini Putra,91,2,M,married,t,88.43,Good,0,91.8856,83.898,87.5,100.0,80.1,100.0,1,88.1088,0.9655,88.454,0.9624,90.1598,-3.4515,junior,high,high,1,1,0,1,2,0,0,0
e0101457eacbce39241c712179c76fdc,Ratna Sitompul,82,2,F,married,t,74.32,Average,0,66.1452,55.698,67.3,81.0,59.8,56.5,1,66.2808,0.9183,65.4634,1.1236,70.2324,8.1743,junior,medium,low,0,0,0,1,0,0,2,1
b418fa1816a13cdd0c79eb4ecfe23981,Eko Wijaya,90,10,F,single,t,83.62,Good,0,75.0457,71.924,74.7,68.3,76.6,80.6,1,77.5407,0.9142,76.6828,1.1143,79.3351,8.5788,senior,medium,medium,0,0,1,1,2,2,2,2
3ac0d8d592b40ac5c7fa096cda791b40,Maya Tampubolon,60,15,M,married,f,67.52,Average,0,68.4309,45.68,57.8,65.9,86.5,63.5,1,61.2426,0.9909,61.3334,0.9867,67.977,-0.9078,veteran,low,low,0,1,0,0,0,3,1,1
cb756d229d8ba96e76dba310581f405b,Budi Nasution,88,7,F,married,t,69.01,Average,0,57.5127,41.946,50.2,67.4,51.7,60.8,1,57.4397,0.8851,56.2905,1.1998,63.2589,11.4924,senior,low,low,0,0,0,1,0,2,1,1
e24c8d96e91ff7d312797250fdf36162,Kartini Wijaya,83,3,M,single,t,44.88,Below Average,0,48.6132,40.653,36.2,43.4,62.6,52.3,1,44.7322,0.9627,45.1054,0.9232,46.7471,-3.7324,mid,low,low,0,1,1,1,3,1,1,1
d3d40b2396c3b8a29be9e798122d7468,Tri Situmorang,79,1,F,married,t,91.82,Excellent,1,92.9915,86.481,100.0,80.9,97.8,93.2,1,90.5705,0.9883,90.6874,0.9874,92.4067,-1.1696,junior,high,high,1,0,0,1,1,0,0,0
b27313f9c71c53a8e7eb75f6111e8618,Rizki Prasetyo,76,1,M,married,t,87.7,Good,0,83.8001,83.008,91.8,86.8,76.3,80.3,1,85.1229,0.961,84.7328,1.0466,85.7508,3.9013,junior,high,medium,1,1,0,1,2,0,0,2
65c96c954145fdc86cefa818ce7c2154,Fitri Nasution,86,6,M,married,t,93.63,Excellent,0,82.4267,74.431,74.0,79.5,95.9,80.4,1,84.508,0.888,83.388,1.1359,88.0267,11.1999,senior,high,medium,1,1,0,1,1,2,0,2
5c2a11faaee4151727a32b2af1a81d69,Wati Purnama,102,0,F,married,t,80.96,Good,0,70.0475,62.764,67.0,87.6,63.3,62.4,0,72.2275,0.8909,71.1362,1.1558,75.5039,10.9129,junior,medium,low,0,0,0,1,2,0,2,1
f5e3f48c08cf9eb0a18290a7a8a210da,Nina Prasetyo,105,0,F,married,t,97.75,Excellent,1,87.7113,92.822,83.9,88.6,91.3,87.1,1,93.2582,0.8997,92.2547,1.1144,92.7286,10.0346,junior,high,medium,1,0,0,1,1,0,0,2
f26d7f8628c863ceebc4d4b8a7f1ca8a,Umi Sari,76,1,F,married,f,60.07,Average,0,73.0495,84.291,63.8,89.6,69.9,68.9,1,71.232,0.8703,72.5294,0.8224,66.5621,-12.9746,junior,low,low,0,0,0,0,0,0,1,1
d664fa1454f2a49582d273e3ce9d28d5,Rini Sitompul,69,4,F,married,t,87.95,Good,1,53.6417,80.823,57.0,52.6,48.6,56.4,1,75.5209,0.6569,72.0897,1.6397,70.7976,34.312,mid,high,low,1,0,0,1,2,1,0,1
4608f579addcb8c4421cec55b40aa0ae,Rizki Purnama,89,2,F,married,t,74.57,Average,0,62.0225,55.217,41.1,67.4,74.2,65.4,1,64.9979,0.8746,63.7436,1.2022,68.294,12.543,junior,medium,low,0,0,0,1,0,0,2,1
806a951fc52cb25f4666034d9ebef886,Kartini Wibowo,102,13,F,married,f,100.0,Excellent,0,67.3738,75.221,82.0,60.6,55.2,71.7,1,82.7784,0.6737,79.5157,1.4843,83.6869,32.6262,veteran,high,low,1,0,0,0,1,3,0,1
a6a22730202c490f703ac9965f6e1eca,Suci Sitompul,87,6,M,single,t,76.53,Good,0,74.7905,54.03,63.3,60.1,100.0,75.8,1,69.2591,0.9826,69.0849,1.0233,75.6613,1.7417,senior,medium,low,0,1,1,1,2,2,2,1
b21a4e69c96c594e47a709605e13acaf,Yanti Harahap,65,1,M,married,t,100.0,Excellent,0,89.5673,100.0,88.1,100.0,89.6,80.7,0,96.8702,0.8957,95.8269,1.1165,94.7836,10.4327,junior,high,medium,1,1,0,1,1,0,0,2
d7e73e8b4fa1624d0b3283b8aed656dd,Lina Utama,74,0,M,single,t,87.98,Good,1,76.5034,95.878,70.8,60.4,93.0,81.8,1,86.9085,0.8852,85.7604,1.1501,82.2442,11.4815,junior,high,medium,1,1,1,1,2,0,0,2
a451147ace5de5b388230dd118353230,Citra Prasetyo,84,6,M,single,t,76.56,Good,0,70.8225,72.828,66.3,62.5,66.8,87.7,1,73.7191,0.9426,73.1453,1.081,73.6912,5.7373,senior,medium,low,0,1,1,1,2,2,2,1
38b3f8de7b39554f6db33741c2f9f2f4,Deni Sitompul,79,7,F,single,t,100.0,Excellent,1,81.6587,88.254,77.4,64.9,87.8,96.5,1,90.9737,0.8166,89.1396,1.2246,90.8293,18.3413,senior,high,medium,1,0,1,1,1,2,0,2
2505063c5e130df0416f644c3c44c493,Eko Putra,61,1,M,single,t,94.49,Excellent,0,85.3401,97.095,88.6,94.6,74.1,84.0,1,92.5255,0.9085,91.6108,1.1072,89.9136,9.147,junior,high,medium,1,1,1,1,1,0,0,2
9136bd9009ef1199a84f222f0045a22b,Umi Nasution,107,8,F,single,t,72.4,Average,0,76.5282,71.07,76.5,77.3,69.9,82.4,0,73.24,0.9587,73.6527,0.9461,74.4649,-4.1266,senior,medium,medium,0,0,1,1,0,2,2,2
7b4b2fb9cb4ec7b53bcfa7f9bd7b45bd,Novi Pratama,67,5,M,married,t,77.76,Good,0,47.6565,70.334,39.3,63.2,30.5,57.6,1,66.4995,0.699,63.4896,1.6316,62.7062,30.0995,mid,medium,low,0,1,0,1,2,1,2,1
03c6736175a61b1b03b8a16e86e79557,Novi Harahap,84,7,M,married,f,100.0,Excellent,1,96.3768,65.356,100.0,100.0,85.5,100.0,1,88.5197,0.9638,88.1574,1.0376,98.1884,3.6232,senior,high,high,1,1,0,0,1,2,0,0
1c0be7ee8c7feba04d8b0a9f5f0cfc75,Adi Harahap,74,2,M,single,t,46.19,Below Average,0,40.3306,51.495,37.8,64.4,30.6,28.5,0,46.0221,0.9414,45.4366,1.1452,43.2583,5.8554,junior,low,low,0,1,1,1,3,0,1,1
b220cf43d556dd4033b6364068c9b505,Deni Sitompul,80,2,M,married,t,94.4,Excellent,0,88.8945,82.43,100.0,100.0,63.6,92.0,1,89.1567,0.945,88.6063,1.0619,91.6465,5.5038,junior,high,medium,1,1,0,1,1,0,0,2
91e05aadbfe3d1581c61f10f64cb5f79,Yuni Nugraha,107,5,M,married,t,74.69,Average,0,70.9622,71.301,70.3,80.1,71.0,62.4,1,72.5557,0.9627,72.1827,1.0526,72.8268,3.7293,mid,medium,low,0,1,0,1,0,1,2,1
eb04189dfc24f5a18b93eccd2de7030d,Irwan Manurung,84,5,M,single,t,79.76,Good,0,73.4064,74.382,67.8,75.9,67.3,82.6,1,76.2389,0.9365,75.6039,1.0865,76.5812,6.3496,mid,medium,low,0,1,1,1,2,1,2,1
d0bd4a1125e9680521e793d9f0bee1f2,Vina Purnama,99,1,M,single,t,63.27,Average,0,64.4651,60.995,73.3,65.4,56.1,63.0,1,62.9467,0.9881,63.066,0.9815,63.8685,-1.1932,junior,low,low,0,1,1,1,0,0,1,1
c286fb5f77e4a4f2fb41e4efa121ed42,Siti Nasution,80,4,F,single,t,73.76,Average,0,55.8019,62.84,52.6,45.6,51.7,73.3,1,65.095,0.8205,63.2996,1.3217,64.7789,17.954,mid,medium,low,0,0,1,1,0,1,2,1
86d67cc144585fb3498ecbc068957f6a,Deni Wibowo,67,1,F,married,t,89.25,Good,0,90.7264,85.867,86.0,92.8,96.5,87.6,1,88.6795,0.9853,88.8268,0.9838,89.99,-1.4727,junior,high,high,1,0,0,1,2,0,0,0
c090dc3599ed2406158d7a8489a2da9e,Rita Utama,84,5,F,married,t,100.0,Excellent,0,93.0468,85.237,85.5,99.3,87.4,100.0,1,93.4853,0.9305,92.79,1.0747,96.5234,6.9532,mid,high,high,1,0,0,1,1,1,0,0
3607a1e7ec41ac2016f337b2eb39ac53,Umi Pratama,77,6,F,single,t,80.43,Good,0,54.8781,64.26,46.4,69.0,49.3,54.9,1,67.9137,0.7445,65.3584,1.4656,67.6543,25.5524,senior,medium,low,0,0,1,1,2,2,2,1
f70fc87bdf207f10a718afcb7f4ceb4f,Vina Rahayu,102,0,F,married,f,65.81,Average,0,56.1314,54.222,56.9,43.8,64.8,59.0,1,59.4304,0.9032,58.4625,1.1724,60.9711,9.6794,junior,low,low,0,0,0,0,0,0,1,1
0dd029047995ed6480ef6418d722df14,Taufik Permana,81,12,F,married,t,100.0,Excellent,1,92.3851,86.45,100.0,91.8,100.0,77.7,1,93.6505,0.9239,92.889,1.0824,96.1925,7.6149,veteran,high,high,1,0,0,1,1,3,0,0
afcd4024983890e709f319ff40993011,Suci Wibowo,71,7,F,married,t,75.31,Good,0,68.895,55.239,47.2,79.6,78.0,70.8,1,67.3648,0.9358,66.7231,1.0931,72.1033,6.4167,senior,medium,low,0,0,0,1,2,2,2,1
b6e0272e0144d5650ff87beea02b1829,Yanti Wibowo,94,5,M,single,f,79.83,Good,0,64.8676,59.561,79.0,45.9,57.1,77.4,1,69.2608,0.8504,67.7645,1.2307,72.3492,14.9631,mid,medium,low,0,1,1,0,2,1,2,1
796d6d35dcd1a83dd430208c483be07c,Lina Putra,60,12,F,married,t,81.0,Good,0,71.8421,62.548,81.1,57.2,80.5,68.6,1,72.7182,0.9084,71.8022,1.1275,76.4225,9.1606,veteran,medium,low,0,0,0,1,2,3,2,1
b626e1cf2787f35b8d23ff95d542ce82,Vina Wijaya,77,11,M,widow,t,100.0,Excellent,0,76.9376,73.415,71.7,69.2,69.1,97.7,1,85.1058,0.7694,82.7996,1.2998,88.4688,23.0624,veteran,high,medium,1,1,2,1,1,3,0,2
ae46665a28c00a72f1039f42a520cfd6,Ahmad Purnama,64,5,M,married,t,57.9,Below Average,0,61.1807,45.37,62.6,65.2,61.2,55.6,1,55.1241,0.9672,55.4525,0.9463,59.5389,-3.2835,mid,low,low,0,1,0,1,3,1,1,1
8e2f3f0390c1196d811388420180e95b,Maya Situmorang,69,3,F,married,t,71.83,Average,0,48.18,61.82,34.9,58.7,60.8,38.2,1,61.7318,0.7635,59.3669,1.4909,60.0049,23.6497,mid,medium,low,0,0,0,1,0,1,2,1
57673d11fc4525b5c2361152f8abc0b3,Widya Sari,103,0,F,married,t,80.3,Good,0,76.6316,87.118,52.2,93.8,80.8,79.8,1,81.2467,0.9633,80.8794,1.0479,78.4681,3.673,junior,medium,medium,0,0,0,1,2,0,2,2
7af8a6f4139c2b50362e918569d1a36b,Budi Yuliana,65,11,F,single,t,98.87,Excellent,1,94.1398,86.391,97.8,100.0,78.8,100.0,1,93.7056,0.9527,93.233,1.0502,96.5029,4.7261,veteran,high,high,1,0,1,1,1,3,0,0
f7b70065f60623e529db80a98097bd30,Wati Sitompul,82,10,F,married,t,100.0,Excellent,1,83.3253,69.793,62.4,97.3,96.8,76.8,0,85.9355,0.8333,84.268,1.2001,91.6626,16.6747,senior,high,medium,1,0,0,1,1,2,0,2
7cdb432301a3fd3e4fd258e162fdd35c,Irwan Harahap,62,3,M,married,t,62.1,Average,1,59.1141,57.649,71.3,52.0,53.3,59.8,1,59.8694,0.9701,59.5707,1.0505,60.6078,2.9875,mid,low,low,0,1,0,1,0,1,1,1
34ed5e75c07f2b343aaca70740e91eee,Umi Sitompul,61,15,M,single,f,77.87,Good,0,72.9722,81.792,67.9,68.5,75.9,79.6,1,77.5789,0.951,77.0887,1.0672,75.4232,4.9021,veteran,medium,low,0,1,1,0,2,3,2,1
35ec699ec40e0fb328539f18edb2247c,Andi Wibowo,103,15,F,single,t,81.36,Good,0,80.9092,75.071,92.2,79.6,86.5,65.3,1,79.3374,0.9955,79.2925,1.0055,81.1337,0.449,veteran,medium,medium,0,0,1,1,2,3,2,2
5b629edbcc38c40bf62b6f2106634745,Yudi Permana,73,7,F,married,t,82.69,Good,1,71.1866,66.461,69.5,57.6,86.1,71.5,0,74.3694,0.885,73.2192,1.1616,76.9373,11.5014,senior,medium,low,0,0,0,1,2,2,2,1
3df951f80f70b5c92345b42ac5e26826,Yudi Putra,91,4,M,married,t,83.57,Good,0,83.5971,94.98,87.3,91.6,83.1,72.3,1,86.9993,0.9997,87.0025,0.9996,83.5815,-0.0313,mid,medium,medium,0,1,0,1,2,1,2,2
91ed565b5dc9c26ed130cd58ae16fc81,Sri Sutanto,100,4,F,single,t,44.72,Below Average,0,63.1352,54.005,59.6,58.4,70.6,64.0,1,53.028,0.8158,54.87,0.7082,53.9252,-18.42,mid,low,low,0,0,1,1,3,1,1,1
693266a6b46a9c1257117bf28ca75768,Mega Situmorang,88,5,O,married,f,72.88,Average,0,67.9666,76.767,69.3,72.9,56.4,73.3,1,72.5737,0.9508,72.082,1.0724,70.4253,4.9174,mid,medium,low,0,0,0,0,0,1,2,1
c1c2dbc5609c89c74c3919649abb7ed0,Joko Harahap,92,9,M,married,t,68.29,Average,0,69.6893,72.738,73.8,81.3,69.3,54.4,1,70.0452,0.986,70.1849,0.98,68.9909,-1.3968,senior,low,low,0,1,0,1,0,2,1,1
9efbf628d31289c6659b6ddff69f9e07,Kartini Sutanto,68,5,M,married,t,100.0,Excellent,0,86.178,83.423,86.0,90.5,85.4,82.8,1,90.8802,0.8618,89.498,1.1604,93.089,13.822,mid,high,medium,1,1,0,1,1,1,0,2
0d5cd850a23000b7531938e9cc848808,Suci Permana,92,6,M,married,t,66.82,Average,0,75.9027,79.674,71.4,74.9,76.3,81.0,1,73.3993,0.9091,74.308,0.8803,71.3591,-9.0871,senior,low,medium,0,1,0,1,0,2,1,2
bf5dff0ed20b170a4e5be65b11651f75,Dewi Saputra,100,8,M,married,t,92.59,Excellent,0,97.1036,93.055,100.0,100.0,100.0,88.4,0,94.083,0.9548,94.5345,0.9535,94.846,-4.5152,senior,high,high,1,1,0,1,1,2,0,0
4985f01702c5e93b4bc9742943d2f074,Yanti Nugraha,78,13,O,married,f,74.64,Average,0,76.7011,71.553,65.6,87.6,72.1,81.5,1,74.3334,0.9794,74.5392,0.9732,75.6722,-2.0579,veteran,medium,medium,0,0,0,0,0,3,2,2
ac70ee9112eb94064e4fec452829b5ee,Tri Harahap,82,2,F,widow,t,59.83,Below Average,0,48.194,45.234,64.0,27.4,49.8,51.6,1,51.9593,0.8837,50.796,1.2414,54.0106,11.6332,junior,low,low,0,0,2,1,3,0,1,1
45b2a57c50039a990a55112c989a4371,Mega Sari,76,5,M,married,t,70.74,Average,0,78.1133,71.492,85.9,66.3,98.5,61.8,0,73.1789,0.9263,73.9158,0.9057,74.4284,-7.3698,mid,medium,medium,0,1,0,1,0,1,2,2
a570345bd2a06f9846ce141e133ebda0,Ahmad Simanjuntak,86,7,O,married,t,91.94,Excellent,0,88.4532,99.212,82.8,93.1,78.0,100.0,1,93.0754,0.9651,92.7268,1.0394,90.1963,3.4862,senior,high,medium,1,0,0,1,1,2,0,2
173647c893d47f736cee256fd47efd69,Irwan Purnama,78,5,M,married,t,96.61,Excellent,0,82.5834,91.869,72.9,73.6,90.9,92.9,1,90.9794,0.8597,89.5768,1.1698,89.5965,14.0261,mid,high,medium,1,1,0,1,1,1,0,2
6c4a9647304db244affdf7b2ff233111,Anita Hutabarat,79,6,M,married,f,81.18,Good,0,62.5522,75.187,46.5,64.6,79.9,59.3,1,73.7954,0.8137,71.9322,1.2979,71.8683,18.6321,senior,medium,low,0,1,0,0,2,2,2,1
b01e356b31801a318c1116cc73b555a1,Agus Utama,75,14,F,widow,t,84.17,Good,0,60.0388,63.563,81.4,64.9,49.8,44.0,0,70.7478,0.7587,68.3349,1.4019,72.1034,24.1291,veteran,medium,low,0,0,2,1,2,3,2,1
23e7ff8bc779b532e26dcdd783cacb4d,Fitri Susanto,64,2,F,married,f,68.52,Average,0,75.2193,54.882,64.8,77.7,72.3,86.1,1,66.44,0.933,67.1096,0.911,71.8716,-6.6954,junior,low,medium,0,0,0,0,0,0,1,2
b0232d83a5a26715f5c7e9c033e9f69e,Zainal Tampubolon,99,7,M,single,t,86.87,Good,0,74.6284,90.383,70.9,69.6,82.1,75.9,1,84.2521,0.8776,83.0278,1.1641,80.75,12.2433,senior,high,low,1,1,1,1,2,2,0,1
0d78b60ab02e1567351a11717e194142,Deni Tampubolon,79,5,M,married,t,100.0,Excellent,1,95.5245,93.611,100.0,82.1,100.0,100.0,1,96.7407,0.9552,96.2931,1.0469,97.7622,4.4755,mid,high,high,1,1,0,1,1,1,0,0
bfdb2bc2aab6bd891c6669e64d24a2aa,Anita Sitompul,74,1,F,married,t,56.37,Below Average,0,65.6897,68.466,65.7,57.9,72.5,66.7,1,62.7936,0.9068,63.7258,0.8581,61.0287,-9.3221,junior,low,low,0,0,0,1,3,0,1,1
84de1d416b16cb641148dba7c98b375b,Sari Nugraha,67,6,M,married,t,42.37,Below Average,0,53.4283,58.522,56.1,61.6,49.9,46.0,1,50.5347,0.8895,51.6401,0.7931,47.9012,-11.0542,senior,low,low,0,1,0,1,3,2,1,1
89bfe3701bbfa9809afde68d72dc5902,Siti Wijaya,62,4,M,married,t,92.29,Excellent,0,81.2202,86.936,72.3,71.5,86.1,95.0,1,87.3633,0.8893,86.2562,1.1363,86.7557,11.0709,mid,high,medium,1,1,0,1,1,1,0,2
8f9c3bd60f59ecabe993eda1ead1bb5e,Kartini Wijaya,94,3,M,single,t,53.58,Below Average,0,45.5363,59.284,56.6,42.7,40.4,42.5,1,52.878,0.9196,52.0737,1.1766,49.5579,8.0432,mid,low,low,0,1,1,1,3,1,1,1
94b309bb27469baa0fc0cbd3a2224a09,Dewi Yuliana,88,2,F,married,f,59.96,Below Average,0,59.9039,51.769,52.1,61.9,66.0,59.6,0,57.4875,0.9994,57.4815,1.001,59.9341,0.0605,junior,low,low,0,0,0,0,3,0,1,1
6c8edf90784c4d6c953d787280d7d5e4,Rizki Situmorang,94,9,F,married,t,97.18,Excellent,1,75.6262,72.677,63.6,69.9,84.4,84.6,1,83.3613,0.7845,81.2063,1.285,86.4012,21.5498,senior,high,medium,1,0,0,1,1,2,0,2
af597226da30d24173736d6dbda239f8,Rini Putra,76,2,F,married,t,90.6,Excellent,1,74.109,85.542,67.0,81.4,70.5,77.5,1,84.1363,0.8351,82.487,1.2226,82.3556,16.4931,junior,high,low,1,0,0,1,1,0,0,1
d335940866c85c0baa0bb35dc67dc9bc,Maya Utama,86,6,M,married,t,89.36,Good,0,76.5407,65.201,68.5,76.9,85.5,75.2,1,78.2679,0.8718,76.9856,1.1675,82.952,12.8225,senior,high,medium,1,1,0,1,2,2,0,2
55d113a045110aebb75b22df2fd40f19,Hendra Rahayu,101,7,F,single,f,80.65,Good,0,69.704,83.751,53.8,71.6,73.9,79.4,1,78.2975,0.8905,77.2027,1.1571,75.1782,10.9485,senior,medium,low,0,0,1,0,2,2,2,1
2a7fbef20db6c08c3b40ae4c75e17520,Rini Sitompul,103,7,M,married,t,100.0,Excellent,1,96.7665,100.0,100.0,100.0,100.0,87.1,1,99.03,0.9677,98.7066,1.0334,98.3833,3.2335,senior,high,high,1,1,0,1,1,2,0,0
c5a5eee0c7dba8aeb8a6d18014fec649,Sari Wibowo,93,12,F,married,t,100.0,Excellent,0,86.8498,93.481,100.0,67.3,81.9,98.2,1,94.0992,0.8685,92.7842,1.1514,93.4249,13.1502,veteran,high,medium,1,0,0,1,1,3,0,2
1893d7c1fbd1c0f4923cc9d1da8ee0b7,Anita Nugraha,95,9,M,married,t,69.46,Average,0,74.0745,74.809,63.5,54.1,91.1,87.6,1,72.4488,0.9538,72.9103,0.9377,71.7669,-4.6151,senior,low,low,0,1,0,1,0,2,1,1
eb1f13708cefe2a5df3826f94f747e29,Adi Prasetyo,76,1,F,married,t,78.26,Good,0,66.072,57.927,55.8,55.7,70.9,81.9,1,68.5046,0.8781,67.2855,1.1845,72.1672,12.1903,junior,medium,low,0,0,0,1,2,0,2,1
c87bfc91be1058fc73c7f5a1118eaf8d,Mega Nasution,80,5,F,single,f,51.0,Below Average,0,60.9493,63.452,56.4,54.2,58.0,75.2,1,57.7203,0.9005,58.7152,0.8368,55.9747,-9.9492,mid,low,low,0,0,1,0,3,1,1,1
b536b65cbd71971e89aa0ea82937a828,Budi Sutanto,62,2,M,married,t,71.64,Average,0,62.8175,67.267,71.6,63.4,60.1,56.1,1,67.6804,0.9118,66.7984,1.1404,67.2275,8.8202,junior,medium,low,0,1,0,1,0,0,2,1
13afe132194a0f3fb982d7f6f9e7eb44,Tri Manurung,95,1,O,married,t,100.0,Excellent,0,81.3891,86.796,75.1,83.0,79.9,87.6,1,90.4555,0.8139,88.5944,1.2287,90.6946,18.6109,junior,high,medium,1,0,0,1,1,0,0,2
c618b6ed7269edc554ca3cb0cb63d789,Mega Saputra,104,0,F,married,t,74.83,Average,0,78.4267,82.287,79.5,86.9,60.8,86.5,1,78.1479,0.9641,78.5071,0.9542,76.6306,-3.5921,junior,medium,medium,0,0,0,1,0,0,2,2
6e45818938a16f813fd4b1066d786d84,Rizki Situmorang,71,4,M,married,f,78.33,Good,0,92.8126,100.0,96.0,99.2,84.9,91.1,1,89.177,0.8552,90.625,0.844,85.5729,-14.4796,mid,medium,high,0,1,0,0,2,1,2,0
b00a0719c42b478116ce012a39311f60,Putri Susanto,86,5,F,single,t,100.0,Excellent,0,97.0395,95.769,100.0,100.0,88.6,99.5,1,97.8427,0.9704,97.5466,1.0305,98.5198,2.9605,mid,high,high,1,0,1,1,1,1,0,0
6ba40bf69eb80a62a606c569ba3b3eae,Hadi Hutabarat,109,2,M,married,t,80.66,Good,0,78.7127,69.161,75.9,71.1,83.2,84.6,1,76.6257,0.9805,76.4311,1.0247,79.6857,1.9462,junior,medium,medium,0,1,0,1,2,0,2,2
193987f46dc6a1f362d00e9f9c133a14,Ratna Situmorang,109,9,M,single,t,81.95,Good,0,82.1474,63.404,82.1,72.0,80.2,94.2,1,76.4456,0.998,76.4653,0.9976,82.049,-0.1969,senior,medium,medium,0,1,1,1,2,2,2,2
84a8e18e01088e2bc77f532fa365f178,Dewi Purnama,85,4,M,married,t,100.0,Excellent,1,83.5144,94.495,88.0,83.4,70.9,91.7,1,93.4027,0.8351,91.7541,1.1974,91.7572,16.4856,mid,high,medium,1,1,0,1,1,1,0,2
ed508ac8e6ba7861591aed1d2d73ddaa,Kartini Simanjuntak,86,3,F,married,t,65.86,Average,0,51.3925,67.674,47.9,41.5,51.0,65.1,1,62.0638,0.8553,60.6171,1.2815,58.626,14.467,mid,low,low,0,0,0,1,0,1,1,1
1c80fa30f196867f65defe74ab9f896b,Novi Permana,103,2,M,married,t,88.66,Good,0,73.9595,64.585,68.8,53.0,81.1,92.9,1,77.0282,0.853,75.5579,1.1988,81.3109,14.7028,junior,high,low,1,1,0,1,2,0,0,1
69bb0da9dbd9110ca5cbc33eec51e21d,Umi Purnama,74,0,M,married,t,94.13,Excellent,0,94.432,88.747,78.3,100.0,100.0,99.4,1,92.6055,0.997,92.6358,0.9968,94.2809,-0.3023,junior,high,high,1,1,0,1,1,0,0,0
cc4df4e5e4b4e6b41d88d6b7585d26b3,Adi Tampubolon,63,1,F,single,t,97.27,Excellent,1,84.074,93.865,81.8,79.7,84.5,90.3,1,92.2915,0.868,90.9715,1.157,90.6743,13.2006,junior,high,medium,1,0,1,1,1,0,0,2
6958be4f10dc39633bd541f34ea99550,Adi Hutabarat,78,6,F,married,t,80.83,Good,0,75.01,60.171,63.4,63.1,91.4,82.2,1,72.8859,0.9418,72.304,1.0776,77.9196,5.8193,senior,medium,medium,0,0,0,1,2,2,2,2
9ed40cb7f0f8a0f92519057ac422eaa1,Joko Prasetyo,107,2,M,married,t,88.46,Good,0,78.7073,74.188,97.8,62.8,86.6,67.7,1,81.2513,0.9025,80.2764,1.1239,83.5822,9.7498,junior,high,medium,1,1,0,1,2,0,0,2
eb19ee225a2d0ee2c04f87af60bc8c7a,Dewi Tampubolon,60,4,M,single,t,79.68,Good,0,76.0096,58.902,55.5,80.2,82.7,85.6,1,72.3455,0.9633,71.9784,1.0483,77.845,3.6708,mid,medium,medium,0,1,1,1,2,1,2,2
b59b7c34e602da387b27522224c34dbe,Adi Simanjuntak,84,5,O,married,f,75.31,Good,0,73.9153,66.589,74.3,54.1,80.5,86.8,1,72.2754,0.9861,72.1359,1.0189,74.6127,1.3948,mid,medium,low,0,0,0,0,2,1,2,1
c4ddb0d872a27fd9dbb8fa58f920a598,Widya Tampubolon,77,8,M,married,t,65.0,Average,0,71.0829,62.085,69.9,67.3,60.4,86.8,1,65.9487,0.9391,66.5574,0.9144,68.0395,-6.0869,senior,low,low,0,1,0,1,0,2,1,1
0ab4c4e8d0074121e4e6f76324acb6a5,Fitri Sinaga,73,3,O,married,t,63.38,Average,0,51.0385,52.475,48.6,56.7,38.1,60.6,1,56.4055,0.8766,55.1715,1.2418,57.2087,12.3404,mid,low,low,0,0,0,1,0,1,1,1
4a8a3027bcf78bb8a0dcf39275c8636a,Sari Putra,60,3,F,widow,t,63.37,Average,0,78.1879,77.115,70.5,61.8,80.4,100.0,1,71.9376,0.8518,73.4197,0.8104,70.7774,-14.821,mid,low,medium,0,0,2,1,0,1,1,2
7a4639b071d5c3e415a6ac8eae9c4e54,Budi Putra,94,0,F,single,t,47.59,Below Average,0,34.2189,45.515,25.2,28.8,47.9,35.0,1,42.9545,0.8663,41.6178,1.3906,40.9024,13.3669,junior,low,low,0,0,1,1,3,0,1,1
d435c8034d0a088af2af275b4bb803a7,Rizki Harahap,63,11,M,married,t,66.65,Average,0,60.8004,67.992,62.4,51.6,60.1,69.1,0,65.2974,0.9415,64.7126,1.0962,63.7248,5.8489,veteran,low,low,0,1,0,1,0,3,1,1
c841e6a15b5e25a9be36e6fdc8d6974e,Tri Sitompul,90,1,M,married,t,95.36,Excellent,0,77.346,88.39,66.0,69.3,94.6,79.4,1,87.8642,0.8199,86.063,1.2329,86.3521,18.0123,junior,high,medium,1,1,0,1,1,0,0,2
93fbf48f48de9fdf72f8c4a340274c6b,Putri Hutabarat,87,5,F,married,t,97.43,Excellent,0,83.0212,92.361,73.4,64.9,93.7,100.0,1,91.5852,0.8559,90.1446,1.1735,90.2239,14.4054,mid,high,medium,1,0,0,1,1,1,0,2
dad713de02ba1c755c4ad9baa204d2f0,Anita Utama,81,4,M,widow,t,38.81,Below Average,0,40.4841,36.202,24.6,56.0,37.1,44.3,1,38.5296,0.9832,38.6971,0.9586,39.6466,-1.6751,mid,low,low,0,1,2,1,3,1,1,1
7112d97c5eaa6b63053a6b4a71c0bb07,Ahmad Nugraha,76,0,M,married,t,87.92,Good,1,88.4421,73.279,95.5,87.6,83.0,87.7,1,83.6834,0.9948,83.7358,0.9941,88.1798,-0.5245,junior,high,medium,1,1,0,1,2,0,0,2
e0e33d7b77e770b4fda6f184982b254b,Bambang Situmorang,93,2,M,married,t,73.17,Average,0,75.7263,66.684,87.0,83.9,57.6,74.3,1,71.9912,0.9744,72.2468,0.9662,74.4483,-2.5559,junior,medium,medium,0,1,0,1,0,0,2,2
5e68e08bd4e90de828eba6f3ea0abe11,Yanti Hutabarat,89,0,F,married,t,100.0,Excellent,0,84.9562,100.0,71.7,100.0,89.4,78.8,1,95.4869,0.8496,93.9825,1.1771,92.4781,15.0438,junior,high,medium,1,0,0,1,1,0,0,2
fd4a38baf8b4fc23bfbddb6937fad965,Irwan Permana,71,9,M,married,t,76.77,Good,0,62.4627,59.778,62.6,61.9,62.1,63.2,1,67.3806,0.8569,65.9498,1.2291,69.6167,14.3079,senior,medium,low,0,1,0,1,2,2,2,1
f12a05a7a69423095f3115fc097159b2,Dewi Saputra,105,9,M,single,t,100.0,Excellent,1,88.4287,97.623,98.5,70.3,84.9,100.0,1,95.8157,0.8843,94.6585,1.1309,94.2143,11.5713,senior,high,medium,1,1,1,1,1,2,0,2
8c09dac0a760b7b39c956b89731a699e,Anita Sutanto,73,8,F,single,t,83.44,Good,0,84.6542,80.541,97.3,71.3,80.2,89.8,1,82.933,0.9878,83.0548,0.9856,84.0451,-1.2181,senior,medium,medium,0,0,1,1,2,2,2,2
15f6311a940ebc56f8ccecde4d3fbe89,Yanti Tampubolon,69,4,M,married,t,100.0,Excellent,1,96.8515,89.203,100.0,94.0,93.4,100.0,1,95.8164,0.9685,95.5015,1.0325,98.4257,3.1485,mid,high,high,1,1,0,1,1,1,0,0
9ee133b58c71edfdfcddb50d5afa4422,Putri Wijaya,61,1,M,married,t,56.71,Below Average,0,42.4803,23.374,27.4,39.3,48.8,54.4,1,42.4418,0.8577,41.0184,1.3351,49.5972,14.2338,junior,low,low,0,1,0,1,3,0,1,1
31e5bed8cba4a703d59784485140fbf9,Wati Utama,67,2,M,married,f,93.85,Excellent,0,86.8765,100.0,87.9,100.0,73.6,86.0,1,93.6015,0.9303,92.9045,1.0802,90.3615,6.97,junior,high,medium,1,1,0,0,1,0,0,2
e97ae02fe0c6fbd404b35b55ab5d9540,Joko Hutabarat,91,2,M,married,t,47.31,Below Average,0,60.8324,36.818,61.1,57.5,68.5,56.2,1,48.2198,0.8648,49.5718,0.7777,54.0722,-13.5204,junior,low,low,0,1,0,1,3,0,1,1
efff25250ac223f2c66a32a2dff63d66,Kartini Nasution,72,6,F,single,t,100.0,Excellent,0,90.9368,79.915,88.3,100.0,80.1,95.3,1,91.2556,0.9094,90.3493,1.0997,95.4684,9.0632,senior,high,high,1,0,1,1,1,2,0,0
f53aeda5e3fec129603423a5d700983b,Sri Situmorang,101,0,M,married,f,85.93,Good,0,83.8052,60.017,85.6,92.4,87.3,70.0,1,77.5186,0.9788,77.3061,1.0254,84.8677,2.1249,junior,high,medium,1,1,0,0,2,0,0,2
e854140efadbf96b10f0b04b1dd741df,Endang Susanto,68,5,M,single,t,48.02,Below Average,0,60.8969,66.68,52.6,47.5,72.6,70.9,1,57.4795,0.8712,58.7676,0.7885,54.4567,-12.8805,mid,low,low,0,1,1,1,3,1,1,1
e0c69255d67b10185aeb7058740970ed,Anita Harahap,60,2,M,married,t,68.29,Average,0,62.6959,74.018,87.1,50.9,52.6,60.2,1,68.3312,0.944,67.7716,1.0893,65.4942,5.5965,junior,low,low,0,1,0,1,0,0,1,1
e044997505efd81e2c6588c4ed7c2d07,Dewi Sari,103,8,M,single,t,79.95,Good,0,63.351,72.585,38.6,73.1,66.3,75.4,1,72.7593,0.834,71.0998,1.262,71.6486,16.5952,senior,medium,low,0,1,1,1,2,2,2,1
188af4cb70fde05ba914a4286df3f662,Yanti Nugraha,86,3,M,married,t,80.56,Good,1,90.9882,74.675,91.7,82.6,89.6,100.0,1,81.9249,0.8958,82.9672,0.8854,85.7765,-10.4233,mid,medium,high,0,1,0,1,2,1,2,0
10c3c8845a5b3b6eb1c26a787f174e3d,Eko Pratama,79,2,F,single,t,74.35,Average,0,50.669,59.32,43.0,49.5,49.1,61.0,1,62.7365,0.7632,60.3685,1.4674,62.5091,23.6803,junior,medium,low,0,0,1,1,0,0,2,1
a80e23b38b0bd77787de33565b5cadf1,Novi Prasetyo,69,4,M,single,t,59.35,Below Average,0,45.5085,45.01,39.2,32.2,44.4,66.3,1,50.8961,0.8616,49.5119,1.3042,52.4299,13.8429,mid,low,low,0,1,1,1,3,1,1,1
c447ac8433c7941ad3e3a4636fbdb776,Budi Setiawan,96,6,F,married,t,93.75,Excellent,0,89.366,97.769,78.0,100.0,84.1,95.4,1,93.6415,0.9561,93.2028,1.0491,91.5594,4.3868,senior,high,medium,1,0,0,1,1,2,0,2
2611efb4a8a5f562a4ae5d7f7af9ba0e,Vina Saputra,97,4,F,married,t,100.0,Excellent,1,97.3224,91.115,93.1,100.0,99.6,96.6,1,96.5312,0.9732,96.2635,1.0275,98.6612,2.6776,mid,high,high,1,0,0,1,1,1,0,0
bd03269a7597b2d7541b0d8b8af7eeb5,Umi Sinaga,69,6,F,single,f,71.44,Average,1,70.7052,53.247,67.2,69.2,63.9,82.5,1,65.762,0.9926,65.6884,1.0104,71.0732,0.7359,senior,medium,low,0,0,1,0,0,2,2,1
3cda802005b1b6fa453afe71a3352e06,Hendra Hutabarat,60,6,F,married,t,59.39,Below Average,0,66.2916,48.809,55.6,71.8,70.5,67.2,0,58.2869,0.931,58.9769,0.8959,62.8415,-6.9003,senior,low,low,0,0,0,1,3,2,1,1
a65af1be3fefe509baa6be939a87675b,Dewi Sutanto,84,3,F,married,t,50.74,Below Average,0,50.9045,73.233,55.3,47.3,47.2,53.8,1,57.5391,0.9984,57.5551,0.9969,50.8247,-0.1596,mid,low,low,0,0,0,1,3,1,1,1
267ea34697716c30f81a70eceab00f2f,Ahmad Hutabarat,97,6,M,single,t,97.04,Excellent,0,93.7665,95.266,100.0,87.5,87.6,100.0,1,95.5252,0.9673,95.198,1.0349,95.4026,3.2721,senior,high,high,1,1,1,1,1,2,0,0
52b7685899788ec9eb542df9a17aad2c,Bambang Rahayu,94,2,M,married,t,59.97,Below Average,0,64.51,57.308,63.4,68.0,63.8,62.8,1,60.5318,0.9546,60.9862,0.9296,62.2379,-4.5443,junior,low,low,0,1,0,1,3,0,1,1
4e96b5ffb1682e74b5c23e1b428afd92,Zainal Susanto,109,1,M,married,t,83.35,Good,0,82.4363,76.144,80.3,80.7,74.6,94.1,1,80.913,0.9909,80.8219,1.0111,82.8917,0.9109,junior,medium,medium,0,1,0,1,2,0,2,2
c6298520403ff8070c8cba511f7f31c8,Citra Wijaya,83,0,F,married,t,85.6,Good,0,75.3481,64.481,91.9,79.2,61.2,69.2,1,76.187,0.8975,75.1622,1.136,80.4721,10.2479,junior,high,medium,1,0,0,1,2,0,0,2
3b89ee962fee9d60ac3c553005506c2d,Kartini Hutabarat,61,3,M,married,f,87.9,Good,0,80.7344,89.21,55.4,100.0,95.7,71.9,1,86.1434,0.9283,85.4269,1.0888,84.3173,7.1658,mid,high,medium,1,1,0,0,2,1,0,2
f87b2a3a7c2f60d8be8c6c8975863048,Budi Sitompul,104,0,M,married,t,70.79,Average,0,71.0349,61.433,77.1,76.6,55.5,74.9,1,68.058,0.9976,68.0821,0.9966,70.9145,-0.2407,junior,medium,low,0,1,0,1,0,0,2,1
1abd22309ec8a7e3ee11848136823ea8,Indra Hutabarat,78,5,M,single,t,91.07,Excellent,0,64.8378,72.63,71.8,47.4,62.9,77.3,1,77.6702,0.7376,75.0465,1.4046,77.956,26.2363,mid,high,low,1,1,1,1,1,1,0,1
50b9a84038d2f35c90bd9d1bba637c30,Anita Nugraha,74,7,M,married,t,100.0,Excellent,1,94.9602,89.289,98.8,88.7,92.4,100.0,1,95.2747,0.9496,94.7707,1.0531,97.4801,5.0398,senior,high,high,1,1,0,1,1,2,0,0
66909e6e5d2ad5ae982b35f411518d5b,Citra Sutanto,77,10,M,single,f,78.3,Good,0,74.9592,70.795,75.7,48.1,84.0,92.1,0,75.0458,0.9666,74.7118,1.0446,76.6292,3.3399,senior,medium,low,0,1,1,0,2,2,2,1
54965bbbe53d4dd6ce0cc54667b7be5b,Novi Setiawan,94,2,M,married,t,56.7,Below Average,0,67.0079,55.107,67.1,60.9,76.3,63.6,1,59.3161,0.897,60.3466,0.8462,61.8559,-10.3041,junior,low,low,0,1,0,1,3,0,1,1
becb8abdf34479e77297daa239fe152c,Fajar Wijaya,87,2,M,single,t,77.39,Good,0,73.5342,82.914,71.1,56.5,87.8,78.7,0,77.89,0.9615,77.5045,1.0524,75.4614,3.8545,junior,medium,low,0,1,1,1,2,0,2,1
0cba167322196253c26ba31148b88338,Mega Tampubolon,100,1,M,single,f,68.36,Average,0,69.45,54.461,53.2,81.3,74.6,68.7,1,64.5167,0.9891,64.6259,0.9843,68.9042,-1.0917,junior,low,low,0,1,1,0,0,0,1,1
92b67d309f42accf0aca99dfc12cdc49,Citra Sutanto,76,6,O,single,t,56.32,Below Average,0,56.3961,54.586,47.3,66.8,46.5,65.1,1,55.8241,0.9993,55.8313,0.9987,56.36,-0.0721,senior,low,low,0,0,1,1,3,2,1,1
60d2d9f292e2deb86937a0b97473e4b4,Yuni Yuliana,79,15,M,married,t,87.23,Good,0,84.8458,92.125,84.1,87.1,84.5,83.7,1,87.9829,0.9762,87.7446,1.0281,86.0373,2.383,veteran,high,medium,1,1,0,1,2,3,0,2
1091103473ec697e22559f479e147aa3,Umi Putra,67,10,M,married,t,85.72,Good,0,68.7602,53.448,59.5,64.4,64.1,87.0,1,70.9505,0.8304,69.2545,1.2466,77.24,16.9595,senior,high,low,1,1,0,1,2,2,0,1
db90d06549b602523de885381e934ac6,Agus Setiawan,94,0,M,married,t,85.76,Good,0,93.6451,86.667,100.0,91.3,94.8,88.5,1,88.399,0.9212,89.1872,0.9158,89.7042,-7.8819,junior,high,high,1,1,0,1,2,0,0,0
9259ff7bbc65556e0146222ff3f1b259,Wati Tampubolon,107,5,M,single,t,76.82,Good,0,54.2214,51.979,57.7,32.5,70.4,56.3,1,62.5899,0.774,60.3295,1.4169,65.523,22.6032,mid,medium,low,0,1,1,1,2,1,2,1
562a1236d775159f6e6b9809831b8dae,Wati Sari,88,8,M,married,t,78.87,Good,0,61.9452,38.07,69.7,63.4,51.6,63.1,1,61.5511,0.8308,59.8589,1.2732,70.4058,16.9214,senior,medium,low,0,1,0,1,2,2,2,1
6c10b47b4d44793aa94b8598dd519668,Yuni Permana,87,6,F,married,t,75.88,Good,0,75.4045,62.175,72.7,72.9,69.3,86.7,1,71.6276,0.9952,71.5796,1.0064,75.6446,0.4802,senior,medium,medium,0,0,0,1,2,2,2,2
a0c38aaf694cf30532c2f2f08882dcb6,Hendra Harahap,62,5,M,widow,t,82.91,Good,0,80.6729,77.227,94.4,85.9,53.2,89.3,1,80.5324,0.9777,80.3091,1.0277,81.7895,2.2333,mid,medium,medium,0,1,2,1,2,1,2,2
a87822de3bc1c1b19f356be5fd169a26,Suci Purnama,64,7,M,married,f,84.17,Good,0,77.1058,96.226,76.0,92.9,68.6,70.9,1,85.6678,0.9293,84.9613,1.0916,80.6384,7.0651,senior,medium,medium,0,1,0,0,2,2,2,2
bfa754deafe23b0064e90aef42e7a55b,Yuni Permana,73,3,F,single,f,63.16,Average,0,61.8988,47.661,65.7,61.4,65.3,55.2,1,58.1303,0.9874,58.0046,1.0203,62.5273,1.257,mid,low,low,0,0,1,0,0,1,1,1
2a5415ca800ec6bee831524bf673639a,Anita Situmorang,73,0,O,single,t,68.54,Average,0,62.4778,62.255,68.5,54.3,61.3,65.9,1,64.8357,0.9394,64.2296,1.097,65.5086,6.0616,junior,low,low,0,0,1,1,0,0,1,1
c499139ae85f523086de3b50e3082f21,Mega Rahayu,92,8,O,married,t,76.99,Good,0,89.5156,86.972,93.4,93.5,94.4,76.7,1,83.7436,0.8748,84.9959,0.8601,83.2543,-12.5225,senior,medium,medium,0,0,0,1,2,2,2,2
196372bb5b58abc8d96405980828d251,Yudi Setiawan,90,1,F,single,t,92.9,Excellent,0,88.0825,77.205,93.7,90.5,79.6,88.5,1,86.7448,0.9519,86.2634,1.0547,90.4896,4.8143,junior,high,medium,1,0,1,1,1,0,0,2
14817a8de30862233f51ae71bc4c6de6,Anita Situmorang,85,2,M,married,t,70.49,Average,0,90.8946,72.487,90.1,87.5,90.4,95.6,1,77.2119,0.796,79.252,0.7756,80.6943,-20.4006,junior,medium,high,0,1,0,1,0,0,2,0
2a925bd910c56633e8ad9ab9c5ed454e,Rizki Wijaya,85,1,F,single,t,75.19,Good,0,62.2833,56.688,48.9,81.2,50.3,68.7,1,65.7673,0.8709,64.4766,1.2072,68.7367,12.9068,junior,medium,low,0,0,1,1,2,0,2,1
527af50f20e8503d87f773bd04f78047,Adi Permana,68,2,M,married,t,68.12,Average,0,56.9617,69.06,53.5,47.5,46.0,80.8,1,65.0544,0.8884,63.9386,1.1959,62.5407,11.1581,junior,low,low,0,1,0,1,0,0,1,1
5d43877c5d6557d29d5be7a735aedfaa,Hadi Tampubolon,84,3,O,married,f,72.99,Average,0,99.9789,97.592,100.0,100.0,99.9,100.0,1,88.4668,0.7301,91.1658,0.73,86.4838,-26.9902,mid,medium,high,0,0,0,0,0,1,2,0
5852b56994d47b759e1fa539e5df7825,Wati Tampubolon,103,9,F,single,t,49.68,Below Average,0,57.2605,42.53,70.0,35.3,76.3,47.5,1,49.8078,0.9242,50.5661,0.8676,53.4686,-7.5838,senior,low,low,0,0,1,1,3,2,1,1
e8e996f021fe18d6b9150395e5626217,Zainal Sitompul,92,0,F,married,t,87.18,Good,0,85.5504,87.182,69.7,100.0,85.5,87.0,1,86.6927,0.9837,86.5295,1.0191,86.3664,1.6321,junior,high,medium,1,0,0,1,2,0,0,2
2fd684f7fab69add13ecfaa356da1306,Agus Nasution,71,3,F,single,t,81.63,Good,1,75.1761,69.536,66.1,85.7,59.6,89.3,1,76.0674,0.9354,75.4215,1.0859,78.4053,6.4584,mid,medium,medium,0,0,1,1,2,1,2,2
b69f8a1b8af2de7f92d96b3c6f4d5d6c,Agus Harahap,102,1,M,married,t,40.54,Below Average,0,50.6371,51.604,47.2,69.4,49.3,36.5,1,46.8903,0.8991,47.8995,0.8007,45.591,-10.0921,junior,low,low,0,1,0,1,3,0,1,1
e6aa9a0ec29b31a412518af52eaad392,Zainal Utama,75,1,M,single,f,98.62,Excellent,1,80.6549,84.4,77.2,58.0,100.0,87.4,1,88.9635,0.8204,87.1672,1.2227,89.6363,17.9627,junior,high,medium,1,1,1,0,1,0,0,2
5618313565e496a874b377297555856f,Deni Wibowo,63,3,F,married,t,88.0,Good,0,76.698,72.1,81.4,56.8,87.9,80.7,1,79.8408,0.8869,78.7103,1.1474,82.3507,11.3054,mid,high,medium,1,0,0,1,2,1,0,2
9cef2a66d6b006b2da54e5745e8b0e57,Dewi Nugraha,107,1,M,married,f,64.82,Average,0,69.3537,56.321,78.5,64.0,66.4,68.6,1,63.6288,0.9546,64.0826,0.9346,67.0847,-4.5381,junior,low,low,0,1,0,0,0,0,1,1
502bea48eb5929c96d0ef2a536cc85f4,Nina Prasetyo,95,2,F,married,t,57.45,Below Average,0,39.7067,54.57,37.2,43.2,30.7,47.7,1,51.2644,0.8225,49.4897,1.4469,48.58,17.7466,junior,low,low,0,0,0,1,3,0,1,1
edf443fd7770fa46e7f483a39e236255,Maya Wibowo,85,3,M,single,t,60.38,Average,0,66.6671,64.678,77.0,65.2,55.0,69.4,1,63.5562,0.9371,64.1847,0.9057,63.5245,-6.2852,mid,low,low,0,1,1,1,0,1,1,1
667af7c22fcbe5eb95484e228abac225,Vina Yuliana,78,4,M,single,t,75.46,Good,0,64.818,67.24,58.4,67.7,63.7,69.5,1,69.7994,0.8936,68.7357,1.1641,70.1365,10.637,mid,medium,low,0,1,1,1,2,1,2,1
04a3a1c9c8499906581d07a1c0629723,Budi Nasution,74,11,F,single,t,100.0,Excellent,0,95.357,100.0,98.9,82.5,100.0,100.0,1,98.6071,0.9536,98.1428,1.0487,97.6785,4.643,veteran,high,high,1,0,1,1,1,3,0,0
edc9725667ad0195af76c43fa2c18cad,Endang Sutanto,65,11,M,single,t,42.6,Below Average,0,42.1739,13.765,48.6,39.6,42.4,38.2,1,33.8222,0.9957,33.7795,1.0101,42.3874,0.4269,veteran,low,low,0,1,1,1,3,3,1,1
d2677fecfbfaf81fd70207067638e240,Budi Harahap,92,6,M,married,t,58.38,Below Average,0,61.5876,58.568,60.5,44.9,61.2,79.8,1,59.3974,0.9679,59.7185,0.9479,59.9824,-3.2105,senior,low,low,0,1,0,1,3,2,1,1
98290b7b3141cc6f920e681b667ed799,Mega Utama,106,2,M,married,t,94.61,Excellent,1,74.6755,66.35,69.9,74.8,58.0,96.1,1,80.1512,0.8007,78.1579,1.2669,84.6421,19.9331,junior,high,low,1,1,0,1,1,0,0,1
5984178cc81166aecb6d37b5d3f28fde,Dewi Wibowo,92,6,F,married,t,86.14,Good,1,80.4016,77.024,90.5,70.7,74.9,85.5,1,81.684,0.9426,81.1101,1.0714,83.2711,5.7389,senior,high,medium,1,0,0,1,2,2,0,2
cba8c39ec999b11fec6f918557a8adcd,Nina Utama,90,5,F,married,t,79.55,Good,0,76.394,65.435,72.6,68.4,88.6,75.9,1,74.3702,0.9684,74.0542,1.0414,77.974,3.1601,mid,medium,medium,0,0,0,1,2,1,2,2
9cf962e16e8d8b0e082edf8324082721,Joko Wijaya,92,6,F,married,t,93.45,Excellent,1,82.4752,62.726,85.5,84.9,69.5,90.1,0,80.9421,0.8902,79.8442,1.1331,87.9649,10.9795,senior,high,medium,1,0,0,1,1,2,0,2
1eaabf9989cecb29c2d36cb6c294a4a4,Deni Rahayu,108,6,F,single,t,100.0,Excellent,1,100.0,100.0,100.0,100.0,100.0,100.0,0,100.0,1.0,100.0,1.0,100.0,0.0,senior,high,high,1,0,1,1,1,2,0,0
78245fc24d5572addcb8f3b5b16ecfd5,Joko Wibowo,99,2,M,married,t,94.62,Excellent,0,70.5437,100.0,60.5,65.9,80.4,75.4,0,89.0104,0.7593,86.6029,1.3413,82.5809,24.0744,junior,high,low,1,1,0,1,1,0,0,1
6259a805381019d3c6173cca638d4707,Vina Nasution,71,3,F,married,t,79.65,Good,0,75.2061,80.965,58.4,67.3,98.0,77.2,1,78.7127,0.9555,78.268,1.0591,77.4296,4.4469,mid,medium,medium,0,0,0,1,2,1,2,2
20b8ef85e861f3e86ce21ce72316f9f2,Widya Sari,85,8,F,married,t,59.59,Below Average,0,64.1177,47.846,55.5,74.8,52.8,73.3,1,57.4248,0.9547,57.8777,0.9294,61.8534,-4.5288,senior,low,low,0,0,0,1,3,2,1,1
2070fbddf3f42084449682c6ed21af67,Fitri Purnama,109,1,M,married,t,76.02,Good,0,66.3647,65.296,70.4,76.5,62.5,56.1,1,69.9064,0.9034,68.9408,1.1455,71.1926,9.6559,junior,medium,low,0,1,0,1,2,0,2,1
47f0de9af88c3bdc4f8eabf53d278a8a,Vina Susanto,105,1,M,married,t,88.34,Good,0,72.4697,75.145,92.2,53.5,66.5,77.7,0,79.6196,0.8413,78.0328,1.219,80.4039,15.8683,junior,high,low,1,1,0,1,2,0,0,1
11e608d2a1f374323d09996cb95d4808,Fitri Yuliana,78,15,M,married,t,100.0,Excellent,1,84.0927,83.736,85.8,81.9,85.7,83.0,0,90.3488,0.8409,88.758,1.1892,92.0464,15.9073,veteran,high,medium,1,1,0,1,1,3,0,2
6a4aef99585dffab2cd8c75a951c500e,Siti Yuliana,105,2,M,married,t,71.65,Average,0,82.2945,87.709,93.3,65.3,81.3,89.3,0,79.6617,0.8936,80.726,0.8707,76.9729,-10.6432,junior,medium,medium,0,1,0,1,0,0,2,2
496289ab3ef5fb312121e2c757dc5684,Adi Manurung,90,0,M,married,t,89.22,Good,0,80.8479,78.673,89.7,79.6,78.3,75.8,1,83.5425,0.9163,82.7057,1.1035,85.0317,8.3677,junior,high,medium,1,1,0,1,2,0,0,2
105f168ef9bab518478607278bfc0dbe,Anita Sutanto,80,8,F,married,t,45.73,Below Average,0,32.5189,41.015,17.1,22.8,35.1,55.1,1,40.3542,0.8678,39.0326,1.4064,39.1269,13.2159,senior,low,low,0,0,0,1,3,2,1,1
abe6cf14fd7e63ed60af8f582d112ded,Siti Rahayu,72,5,M,married,t,80.08,Good,0,66.3117,79.572,77.8,67.7,48.9,70.9,1,75.7973,0.8623,74.4204,1.2076,73.1961,13.7687,mid,medium,low,0,1,0,1,2,1,2,1
fafdcc81b8c91bfabf48e870046d9cd0,Bambang Pratama,83,5,F,widow,t,81.13,Good,0,68.2398,82.461,92.6,46.3,67.8,66.3,1,77.6627,0.8711,76.3736,1.1889,74.6854,12.8913,mid,medium,low,0,0,2,1,2,1,2,1
2ec38eb3723328e18ac30f9b13f910c1,Rita Wijaya,93,3,F,single,t,88.02,Good,1,68.4664,48.847,60.9,72.1,76.0,64.9,1,70.4021,0.8045,68.4467,1.2856,78.2434,19.554,mid,high,low,1,0,1,1,2,1,0,1
5c5b0e42c58d0f367089122b73cc0c04,Siti Sari,86,2,M,single,t,93.1,Excellent,0,89.4882,83.444,95.4,76.4,94.0,92.1,1,89.1212,0.9638,88.7597,1.0404,91.2961,3.6159,junior,high,medium,1,1,1,1,1,0,0,2
2899e892d526d4eb51a49fd663464574,Lina Harahap,88,2,M,single,f,100.0,Excellent,0,94.9898,100.0,80.0,100.0,100.0,100.0,1,98.4969,0.9499,97.9959,1.0527,97.4949,5.0102,junior,high,high,1,1,1,0,1,0,0,0
cf92105d2193d44a850a17633900e0c7,Zainal Simanjuntak,86,13,M,married,t,100.0,Excellent,1,91.5899,82.651,93.7,82.5,90.9,99.2,1,92.2722,0.9159,91.4312,1.0918,95.795,8.4101,veteran,high,high,1,1,0,1,1,3,0,0
c6fb3e8addea3e80cff3fa9ec59d5a8e,Nina Sari,80,5,M,single,t,100.0,Excellent,0,96.5279,100.0,100.0,100.0,88.5,97.6,1,98.9584,0.9653,98.6111,1.036,98.2639,3.4721,mid,high,high,1,1,1,1,1,1,0,0
47186637b36d5f3cdab48b0ac193a26d,Tri Prasetyo,85,6,M,single,f,65.11,Average,0,67.9443,47.061,68.7,71.4,36.1,95.6,1,60.5452,0.9716,60.8287,0.9583,66.5267,-2.8351,senior,low,low,0,1,1,0,0,2,1,1
e86fd396a295acb466da7f5d6d583ff5,Bambang Putra,69,1,M,married,f,70.71,Average,0,60.7804,55.848,59.2,68.6,47.3,67.9,1,63.2719,0.9007,62.2791,1.1633,65.7444,9.928,junior,medium,low,0,1,0,0,0,0,2,1
19595a8e1eb65e87dde665091809cd10,Mega Rahayu,101,7,M,married,t,89.55,Good,1,90.3356,93.794,86.7,93.8,83.0,97.9,1,91.0577,0.9921,91.1365,0.9913,89.9412,-0.7887,senior,high,high,1,1,0,1,2,2,0,0
50c52388331088386cd9857ffb7fcdb3,Taufik Prasetyo,66,2,F,widow,t,100.0,Excellent,1,89.4846,100.0,100.0,86.4,96.7,74.9,0,96.8454,0.8948,95.7938,1.1175,94.7423,10.5154,junior,high,medium,1,0,2,1,1,0,0,2
638bdbea7f812596817ba2e7f209e3e9,Yudi Sari,70,5,F,widow,t,83.76,Good,1,63.9311,87.342,79.5,44.2,74.5,57.5,1,78.8861,0.8017,76.9032,1.3102,73.8455,19.829,mid,medium,low,0,0,2,1,2,1,2,1
52ffa4b219c03c7486fddd028bef71ca,Deni Hutabarat,98,3,F,married,t,97.66,Excellent,0,88.9374,94.574,81.8,100.0,77.3,96.7,1,94.1182,0.9128,93.2457,1.0981,93.2997,8.7246,mid,high,medium,1,0,0,1,1,1,0,2
2ec3427a94b384373e748af4ccf34dec,Joko Simanjuntak,99,5,M,married,f,59.97,Below Average,0,62.5393,66.612,60.1,54.4,57.2,78.5,1,62.7331,0.9743,62.9901,0.9589,61.2544,-2.5699,mid,low,low,0,1,0,0,3,1,1,1
172e4a7abc3ec1902838f5daf0af8b36,Maya Nugraha,78,3,M,widow,t,58.11,Below Average,1,58.6943,61.466,65.6,67.6,53.1,48.6,1,59.2909,0.9941,59.3496,0.99,58.4008,-0.5871,mid,low,low,0,1,2,1,3,1,1,1
5ef3c7bacc08b8da5b4eaf53b2c14370,Andi Sari,77,12,F,married,t,88.17,Good,0,78.2665,96.422,79.4,90.6,55.8,87.4,1,87.6728,0.901,86.6829,1.1265,83.2161,9.8991,veteran,high,medium,1,0,0,1,2,3,0,2
79f78392028ffbbacd22b7e6f9d59c66,Andi Tampubolon,102,13,M,married,t,80.35,Good,0,64.9826,67.43,50.0,68.5,81.7,59.7,1,71.8646,0.8463,70.3277,1.2365,72.6672,15.3692,veteran,medium,low,0,1,0,1,2,3,2,1
12abf86c2d0b3c6712e52d9a2c0cdf4b,Fitri Rahayu,78,0,O,married,f,81.93,Good,0,84.2711,90.578,85.1,66.9,90.4,94.7,1,85.225,0.9765,85.4595,0.9722,83.0983,-2.3456,junior,medium,medium,0,0,0,0,2,0,2,2
2ffed7d66a472e39063569c86b19807f,Putri Utama,68,8,M,married,t,100.0,Excellent,1,64.5609,82.717,69.9,53.9,58.7,75.7,1,84.1834,0.6456,80.6395,1.5489,82.2804,35.4391,senior,high,low,1,1,0,1,1,2,0,1
28a62ed3e8f47b955993c83c12203645,Indra Sinaga,66,5,F,married,t,79.22,Good,0,78.8965,68.93,84.1,66.3,81.4,83.8,1,76.0364,0.9967,76.0039,1.0041,79.059,0.325,mid,medium,medium,0,0,0,1,2,1,2,2
16c503deb80345b1312d1ea0f7eb2649,Fitri Prasetyo,100,9,M,married,t,53.88,Below Average,0,44.6545,50.811,39.8,38.8,62.6,37.6,1,50.1931,0.9077,49.2701,1.2067,49.2691,9.2292,senior,low,low,0,1,0,1,3,2,1,1
2a143dd49b006f684425d6a99922125e,Wati Susanto,88,0,F,married,t,72.82,Average,0,70.3224,54.769,50.1,91.8,73.7,65.6,1,66.6547,0.975,66.4051,1.0355,71.5702,2.4955,junior,medium,low,0,0,0,1,0,0,2,1
ab450b07996d9db252a2ae6039d4b339,Deni Setiawan,72,0,M,married,t,63.21,Average,0,65.7373,66.644,48.6,77.6,70.2,66.6,1,64.9976,0.9747,65.2506,0.9615,64.4726,-2.5296,junior,low,low,0,1,0,1,0,0,1,1
a53766ef8b0c93e0dfcb0bb2eb700f85,Wati Hutabarat,93,4,M,single,t,64.94,Average,0,78.6762,68.503,82.3,92.2,63.4,76.9,1,70.1301,0.8626,71.5037,0.8254,71.8084,-13.7357,mid,low,medium,0,1,1,1,0,1,1,2
0b9d6dbbdf9357c26667868f67b47c51,Nina Utama,106,5,M,single,t,88.54,Good,0,92.54,96.322,78.8,100.0,100.0,91.4,1,92.0747,0.96,92.4747,0.9568,90.5402,-3.9996,mid,high,high,1,1,1,1,2,1,0,0
2852b880909e4f952b96c2093d2b4ce0,Irwan Utama,95,9,M,married,t,72.24,Average,0,52.1428,71.505,54.5,60.7,44.5,49.0,1,65.9915,0.799,63.9815,1.3855,62.1927,20.0999,senior,medium,low,0,1,0,1,0,2,2,1
e272d2473da8b0b4c755f139f0d38158,Lina Permana,83,3,M,married,t,52.57,Below Average,0,38.9986,47.282,24.6,51.4,42.1,37.8,1,46.914,0.8642,45.5565,1.3481,45.7865,13.5759,mid,low,low,0,1,0,1,3,1,1,1
dca04663ccca4681e1708d914b35c140,Siti Rahayu,80,2,F,married,t,84.75,Good,0,83.3835,76.586,93.7,86.5,70.2,83.1,1,81.8917,0.9863,81.7548,1.0164,84.0678,1.3687,junior,medium,medium,0,0,0,1,2,0,2,2
f2f2b796d3c1d991d059d2987bc8c055,Andi Harahap,106,4,F,married,t,32.36,Below Average,0,42.7483,45.129,45.6,57.3,33.5,34.6,1,39.3089,0.8962,40.3473,0.7571,37.5561,-10.3845,mid,low,low,0,0,0,1,3,1,1,1
30d1434834aaf6e42aa4e03ab6ba0780,Nina Utama,104,2,F,married,t,54.5,Below Average,0,52.7885,53.655,48.7,46.6,51.7,64.1,1,53.7339,0.9829,53.5625,1.0325,53.6452,1.7134,junior,low,low,0,0,0,1,3,0,1,1
8e527cac6cb1eaf66ba5e232b08b967f,Rini Harahap,93,8,M,married,t,85.22,Good,0,85.551,85.323,100.0,95.0,62.3,84.9,1,85.3521,0.9967,85.3847,0.9962,85.3879,-0.3263,senior,high,medium,1,1,0,1,2,2,0,2
724a36b0c4dfe0f23fbb598a197f8f22,Nina Prasetyo,92,9,O,single,t,74.96,Average,1,72.8973,70.223,88.4,58.8,60.4,84.1,1,72.918,0.9794,72.7122,1.0282,73.9262,2.0579,senior,medium,low,0,0,1,1,0,2,2,1
3d6a9d96cef3de8d749e000b7b7687df,Citra Situmorang,63,1,F,single,t,100.0,Excellent,1,98.5824,99.404,99.1,100.0,95.3,100.0,1,99.396,0.9858,99.2543,1.0144,99.2912,1.4176,junior,high,high,1,0,1,1,1,0,0,0
cdbb37e4b00e7dbfa6e00d65e9b6b67a,Andi Wibowo,91,6,M,single,t,95.9,Excellent,0,86.5189,84.348,95.2,85.3,89.1,76.5,1,89.6202,0.9062,88.6821,1.1084,91.2097,9.3816,senior,high,medium,1,1,1,1,1,2,0,2
ef77e761c63016cd15d255304ec8e760,Mega Manurung,65,4,M,married,t,66.71,Average,0,48.512,41.132,32.6,46.0,53.6,61.8,1,53.5778,0.818,51.7578,1.3752,57.6119,18.1997,mid,low,low,0,1,0,1,0,1,1,1
cb25cc9967f263dbd6a1322275427529,Agus Wibowo,95,5,M,single,t,49.83,Below Average,0,43.444,35.296,42.8,53.7,33.1,44.2,1,43.5546,0.9361,42.9159,1.147,46.6376,6.3871,mid,low,low,0,1,1,1,3,1,1,1
1b185354e962d3cc4e2d4c781303763f,Rizki Sitompul,93,12,M,married,t,87.3,Good,0,71.942,79.022,66.7,65.6,70.6,84.9,1,80.209,0.8464,78.6732,1.2135,79.6207,15.3575,veteran,high,low,1,1,0,1,2,3,0,1
683fae513c897b3bf3d4986f0faf4752,Fitri Rahayu,61,7,O,married,t,100.0,Excellent,1,93.677,90.542,94.2,90.3,100.0,90.2,1,95.2656,0.9368,94.6333,1.0675,96.8385,6.323,senior,high,high,1,0,0,1,1,2,0,0
a5b3ccd46e5b8a62f8831338c94398c1,Rizki Pratama,89,4,M,single,t,69.09,Average,0,51.4192,48.612,53.0,38.2,61.0,53.4,1,57.6434,0.8233,55.8768,1.3436,60.2521,17.6658,mid,low,low,0,1,1,1,0,1,1,1
86e49b0b689b86aa8cb388c05b17ea59,Mega Nasution,91,1,M,married,t,54.2,Below Average,0,68.5354,69.142,78.9,58.4,64.2,72.7,1,62.9834,0.8566,64.4169,0.7908,61.3678,-14.3352,junior,low,low,0,1,0,1,3,0,1,1
7861f9b4d0a62d1924602f00b1c626f2,Taufik Wibowo,67,6,M,married,t,32.14,Below Average,0,54.0034,58.265,45.8,57.1,58.0,55.1,0,46.5359,0.7813,48.7224,0.5951,43.0708,-21.8652,senior,low,low,0,1,0,1,3,2,1,1
346fe5262037d4035cad3d276365b0f7,Fitri Sinaga,69,1,M,married,f,86.23,Good,0,86.4095,63.535,94.1,87.9,74.0,89.6,1,79.4734,0.9982,79.4918,0.9979,86.3173,-0.1842,junior,high,medium,1,1,0,0,2,0,0,2
c7ee84160f7c7f093f9a139f1ed2ab06,Anita Tampubolon,104,3,F,married,t,58.36,Below Average,0,57.63,41.182,57.4,46.8,54.1,72.2,1,52.9888,0.9927,52.9155,1.0127,57.9966,0.7333,mid,low,low,0,0,0,1,3,1,1,1
d64b51a4dc076a251fc60075e5bf8f85,Sri Hutabarat,86,3,F,married,t,100.0,Excellent,1,97.2482,98.512,92.0,97.0,100.0,100.0,1,98.728,0.9725,98.4528,1.0283,98.6241,2.7518,mid,high,high,1,0,0,1,1,1,0,0
df5b233597a697f32872f1b01b93acfb,Eko Utama,93,3,M,married,t,99.68,Excellent,0,94.265,92.426,88.7,88.7,99.6,100.0,1,95.8797,0.9458,95.3381,1.0575,96.9728,5.4156,mid,high,high,1,1,0,1,1,1,0,0
5cd60f49211fddfccb2cb326e7135416,Mega Yuliana,68,3,F,married,f,75.78,Good,0,64.1947,58.099,58.2,65.4,62.0,71.2,1,67.0006,0.8841,65.842,1.1805,69.9878,11.5861,mid,medium,low,0,0,0,0,2,1,2,1
6a85fbee757d8be4d52da43a662e6a6d,Anita Purnama,79,0,F,married,f,80.39,Good,0,89.3438,88.126,89.9,93.0,74.5,100.0,0,85.3977,0.9105,86.293,0.8998,84.8677,-8.9521,junior,medium,medium,0,0,0,0,2,0,2,2
f954f1b263189204219563f8840f778c,Rizki Susanto,77,14,M,married,t,55.95,Below Average,1,57.6441,67.582,42.7,62.5,55.5,70.0,1,59.9482,0.9831,60.1175,0.9706,56.7973,-1.6936,veteran,low,low,0,1,0,1,3,3,1,1
7137986a22b863784fcdba5afbb32c03,Rini Saputra,99,3,M,single,t,57.25,Below Average,0,66.4969,50.396,84.4,61.7,52.0,67.9,1,57.967,0.9075,58.8919,0.8609,61.8725,-9.2489,mid,low,low,0,1,1,1,3,1,1,1
e1e3c9636117ae31a8bd680664b46cd7,Yuni Wibowo,82,3,M,married,t,85.37,Good,0,71.5141,68.864,73.3,53.7,66.1,92.9,1,76.2633,0.8614,74.8773,1.1938,78.4444,13.8607,mid,high,low,1,1,0,1,2,1,0,1
4b5a2c66da2a46d3efc04bb037905e29,Ahmad Nasution,63,6,F,married,t,81.74,Good,0,70.7054,61.634,67.3,71.5,74.9,69.2,1,72.3981,0.8896,71.2945,1.1561,76.2229,11.0351,senior,medium,low,0,0,0,1,2,2,2,1
2a85c090e51fde283d8efede5dd06fa5,Rini Tampubolon,99,8,F,married,t,95.11,Excellent,1,80.9122,80.49,84.1,90.1,74.6,75.0,1,86.4664,0.858,85.0462,1.1755,88.0132,14.202,senior,high,medium,1,0,0,1,1,2,0,2
5fe9b2afe1daeb25f4722b44414c9536,Rahmat Utama,98,1,M,married,t,59.11,Below Average,0,52.7455,47.705,47.5,55.2,50.4,57.9,1,53.7805,0.9363,53.1438,1.1207,55.9294,6.3678,junior,low,low,0,1,0,1,3,0,1,1
ee8a014306eece6202863f93d7f328d7,Rita Sari,98,11,F,married,t,81.33,Good,0,72.2299,56.87,66.6,64.5,82.5,75.4,0,71.2601,0.909,70.3505,1.1259,76.7775,9.0952,veteran,medium,low,0,0,0,1,2,3,2,1
fc00219aef541821c9c07eb921a6843b,Hendra Yuliana,105,9,M,married,t,57.85,Below Average,0,56.5789,59.996,62.2,45.5,64.8,53.8,1,58.1137,0.9873,57.9863,1.0225,57.2159,1.2742,senior,low,low,0,1,0,1,3,2,1,1
c451435bd1575a2f8e8ea77d88c20957,Indra Utama,92,2,M,married,t,100.0,Excellent,0,72.3483,82.233,82.6,72.6,60.6,73.6,1,86.3745,0.7235,83.6093,1.3822,86.1742,27.6517,junior,high,low,1,1,0,1,1,0,0,1
bc6e20e744df3ede04099900f00d43ce,Indra Sinaga,96,0,F,married,t,82.61,Good,0,88.5931,90.912,86.3,90.1,100.0,78.0,1,86.8967,0.9402,87.4947,0.9325,85.6031,-5.9801,junior,medium,medium,0,0,0,1,2,0,2,2
9f74011ae5cdfe2faa0fa07a18428a3d,Agus Pratama,101,2,M,married,f,100.0,Excellent,0,94.3178,91.366,100.0,88.7,88.6,100.0,1,95.7052,0.9432,95.137,1.0602,97.1589,5.6822,junior,high,high,1,1,0,0,1,0,0,0
0c84934e848acae917c480d9de11a816,Rizki Sitompul,106,6,M,married,t,68.32,Average,0,49.0765,46.884,62.9,50.8,27.7,54.9,1,56.1174,0.8075,54.1927,1.3922,58.6998,19.2466,senior,low,low,0,1,0,1,0,2,1,1
1046bd6cb483f7ebe1f75e06640222af,Deni Saputra,70,6,M,single,t,95.5,Excellent,1,73.888,64.448,70.8,87.1,60.8,76.8,1,79.7024,0.7838,77.5409,1.2925,84.6959,21.6158,senior,high,low,1,1,1,1,1,2,0,1
32ff16ab033c91aac9f623b5807b8343,Anita Prasetyo,65,15,M,married,t,100.0,Excellent,1,71.3402,75.031,65.2,73.3,65.0,82.0,1,83.9114,0.7134,81.0454,1.4017,85.6701,28.6598,veteran,high,low,1,1,0,1,1,3,0,1
c4dc726602626e042d9b67a07decd999,Fajar Harahap,78,11,M,married,t,87.15,Good,1,81.7453,75.788,78.5,92.5,84.9,71.1,1,82.1219,0.9459,81.5809,1.0662,84.4501,5.4096,veteran,high,medium,1,1,0,1,2,3,0,2
91c406fc30d0d5ea05b7d1481075741b,Fitri Permana,91,0,F,married,t,72.08,Average,0,69.1595,81.429,73.2,53.4,73.5,76.6,1,74.0065,0.9708,73.7149,1.0422,70.6173,2.9156,junior,medium,low,0,0,0,1,0,0,2,1
13320cf1c6a24d1f2b3455f4ddb0653b,Mega Nasution,92,2,M,single,t,100.0,Excellent,1,91.7318,79.111,98.6,100.0,82.8,85.5,1,91.2527,0.9173,90.4259,1.0901,95.8659,8.2682,junior,high,high,1,1,1,1,1,0,0,0
ce46de287679705abed73622cbe1303a,Yanti Sinaga,72,0,M,married,t,80.98,Good,0,88.0364,98.615,100.0,89.8,100.0,62.4,1,88.386,0.9294,89.092,0.9198,84.5064,-7.0599,junior,medium,medium,0,1,0,1,2,0,2,2
ca29af28480a5ae39b2f72204462b9dd,Ratna Nasution,69,8,F,married,t,95.99,Excellent,0,73.3393,75.406,69.9,55.1,79.9,88.5,1,83.0197,0.7735,80.7547,1.3089,84.6647,22.6509,senior,high,low,1,0,0,1,1,2,0,1
59ff7623635928071005327b3224810a,Ratna Sinaga,63,10,M,single,f,87.04,Good,0,70.8579,79.828,77.8,67.5,68.2,69.9,1,80.0213,0.8382,78.4032,1.2284,78.9483,16.1807,senior,high,low,1,1,1,0,2,2,0,1
350bed72774317b9c3630e316e1e2ead,Anita Wibowo,63,8,M,married,t,100.0,Excellent,0,92.6455,86.699,100.0,91.8,79.6,99.1,1,93.8033,0.9265,93.0679,1.0794,96.3228,7.3545,senior,high,high,1,1,0,1,1,2,0,0
235d2314a556c6a396dd8aceddd12200,Deni Utama,76,5,M,widow,t,100.0,Excellent,0,97.0191,100.0,98.5,89.6,100.0,100.0,1,99.1057,0.9702,98.8076,1.0307,98.5095,2.9809,mid,high,high,1,1,2,1,1,1,0,0
8aa9fc32d3676136b2898a7bdc37ab5b,Widya Wijaya,94,5,F,single,t,71.29,Average,1,78.675,99.513,68.9,83.4,76.9,85.5,1,81.9732,0.9262,82.7115,0.9062,74.9837,-7.3827,mid,medium,medium,0,0,1,1,0,1,2,2
36d33f9b3a1710b185765a26978648d7,Irwan Manurung,83,3,M,married,t,90.03,Excellent,0,70.9971,68.523,60.9,61.8,68.3,93.0,1,77.8688,0.8097,75.9653,1.2681,80.5145,19.0349,mid,high,low,1,1,0,1,1,1,0,1
74d53776933319aa502cd2aecf381979,Putri Putra,93,3,M,married,t,69.49,Average,0,65.1428,72.045,49.4,56.2,84.2,70.8,1,68.9511,0.9566,68.5167,1.0667,67.3147,4.3439,mid,low,low,0,1,0,1,0,1,1,1
0e9b1c34775f3dabb46a9d5d6cab3359,Suci Simanjuntak,83,1,M,married,t,100.0,Excellent,0,93.3542,100.0,92.2,81.2,100.0,100.0,1,98.0063,0.9335,97.3417,1.0712,96.6771,6.6458,junior,high,high,1,1,0,1,1,0,0,0
a530531313f0198c4865232307a9d4ca,Fitri Rahayu,71,5,F,single,t,72.15,Average,0,70.5733,56.08,75.2,70.1,63.7,73.2,1,66.8554,0.9842,66.6979,1.0223,71.361,1.5755,mid,medium,low,0,0,1,1,0,1,2,1
6bb518e080e20f1f8ad5e689023b906b,Ratna Purnama,66,8,M,single,f,73.77,Average,0,88.0189,69.297,87.2,84.6,87.4,92.8,1,76.7039,0.8575,78.1285,0.8381,80.8959,-14.2459,senior,medium,medium,0,1,1,0,0,2,2,2
9fa817ed69363f5d56c56721ec33aeba,Tri Sutanto,88,5,F,single,t,71.62,Average,0,86.7161,90.794,71.2,96.6,89.9,89.3,1,81.8998,0.849,83.4097,0.8259,79.1667,-15.0989,mid,medium,medium,0,0,1,1,0,1,2,2
5c328dee6a912725e8d423e5304c1186,Yanti Susanto,107,0,F,married,t,87.99,Good,0,80.9066,83.856,80.3,91.6,63.9,87.8,1,84.6247,0.9292,83.9164,1.0876,84.4483,7.0834,junior,high,medium,1,0,0,1,2,0,0,2
6177ab171ca23e8d9f0ed5953e8374c1,Adi Tampubolon,99,6,F,married,t,100.0,Excellent,0,88.4471,97.17,100.0,84.8,79.5,89.6,1,95.6852,0.8845,94.5299,1.1306,94.2235,11.5529,senior,high,medium,1,0,0,1,1,2,0,2
2214027bd65b8e9b40779db1c5ee109b,Agus Prasetyo,100,10,M,single,f,49.08,Below Average,0,41.9524,45.614,42.9,33.0,43.2,48.7,1,45.902,0.9287,45.1892,1.1699,45.5162,7.1275,senior,low,low,0,1,1,0,3,2,1,1
b0f00bb3bc5bb8a76130ec4addea93fc,Umi Saputra,109,11,F,single,t,79.05,Good,0,65.7862,77.023,44.2,94.8,47.5,76.7,1,74.4609,0.8674,73.135,1.2015,72.4158,13.2591,veteran,medium,low,0,0,1,1,2,3,2,1
60e78cb8356bc952b7b9c2ea9e056012,Rahmat Setiawan,92,11,M,married,f,53.76,Below Average,0,63.9312,54.055,66.7,78.8,48.1,62.1,1,56.8983,0.8982,57.9158,0.8408,58.8436,-10.1751,veteran,low,low,0,1,0,0,3,3,1,1
68250bee4c41c1bc4ebd2df47c888522,Irwan Sutanto,91,0,F,single,t,80.13,Good,0,66.8219,68.751,68.7,67.5,48.2,82.9,1,72.7221,0.867,71.3917,1.1991,73.4739,13.304,junior,medium,low,0,0,1,1,2,0,2,1
3c1cac270781d806e7469255488b8d69,Bambang Wijaya,96,11,M,married,t,69.91,Average,1,67.583,60.173,73.7,58.7,62.1,75.8,1,66.2913,0.9767,66.0585,1.0345,68.7473,2.3287,veteran,low,low,0,1,0,1,0,3,1,1
ef6d4986957f5b588a4b40e5e5237298,Adi Situmorang,100,3,F,married,t,72.7,Average,0,49.9529,51.147,49.6,46.5,48.5,55.2,1,59.4116,0.7725,57.1366,1.4554,61.3284,22.7508,mid,medium,low,0,0,0,1,0,1,2,1
03bf5699c6178d46db1851cc71960cf6,Ahmad Situmorang,85,7,M,married,t,89.38,Good,0,62.5358,80.753,69.9,47.4,72.8,60.1,1,78.7403,0.7315,76.0555,1.4293,75.9598,26.8481,senior,high,low,1,1,0,1,2,2,0,1
7e6472a593b8d6ca0ecdfba1a2d062a8,Rahmat Sinaga,81,10,M,married,t,96.18,Excellent,0,84.4252,90.339,96.8,80.3,77.4,83.3,1,90.9004,0.8825,89.7251,1.1392,90.3017,11.7531,senior,high,medium,1,1,0,1,1,2,0,2
6b68666600c869c447fa4bf8360e2bb7,Fajar Utama,66,3,F,married,t,86.22,Good,0,78.8686,74.147,74.3,83.7,76.8,80.7,1,80.3927,0.9265,79.6575,1.0932,82.5444,7.3516,mid,high,medium,1,0,0,1,2,1,0,2
2d33f3f782cc0c0c6e8af31fdab7957e,Ahmad Nasution,108,12,M,married,t,65.92,Average,0,70.5865,57.001,71.0,55.7,80.0,75.7,1,64.6462,0.9534,65.1123,0.934,68.2556,-4.6618,veteran,low,low,0,1,0,1,0,3,1,1
75c8b02c25c649deae322090dadaac8c,Widya Sitompul,73,15,O,married,t,53.87,Below Average,0,48.0028,51.371,31.2,43.1,59.5,58.2,1,51.3593,0.9413,50.7728,1.1222,50.9354,5.8652,veteran,low,low,0,0,0,1,3,3,1,1
c61fa920189f59bf3ddb7208e113fe75,Sri Simanjuntak,107,9,M,married,t,92.9,Excellent,0,86.4302,100.0,66.4,100.0,100.0,79.3,1,93.088,0.9353,92.4413,1.0748,89.6638,6.4671,senior,high,medium,1,1,0,1,1,2,0,2
d6f255f52eb87adb336f13375bc032b6,Hendra Situmorang,60,0,F,single,t,76.31,Good,0,81.4455,77.505,89.4,97.2,52.4,86.7,1,78.2111,0.9487,78.7242,0.937,78.8801,-5.1308,junior,medium,medium,0,0,1,1,2,0,2,2
e137e0cc546f44112b935a239b1b0faa,Ratna Simanjuntak,78,1,F,married,t,100.0,Excellent,0,97.1487,100.0,100.0,98.5,90.0,100.0,1,99.1446,0.9715,98.8595,1.0293,98.5744,2.8513,junior,high,high,1,0,0,1,1,0,0,0
bc33b11051a590428f6ae18ed1851782,Yanti Simanjuntak,90,9,M,single,t,44.72,Below Average,0,52.6057,72.086,46.6,53.7,38.2,71.8,1,55.2954,0.9211,56.084,0.8501,48.6628,-7.8858,senior,low,low,0,1,1,1,3,2,1,1
1aaac456d6be9400fc72a43aca322d7b,Adi Tampubolon,89,4,F,single,t,50.96,Below Average,0,46.4704,54.309,47.0,55.3,37.1,46.5,1,50.6196,0.9551,50.1702,1.0967,48.7173,4.4939,mid,low,low,0,0,1,1,3,1,1,1
e4bc64990b17825b65461b3750fc1126,Andi Pratama,79,5,F,single,t,78.44,Good,0,90.2053,77.107,95.5,83.5,89.3,92.4,1,81.5709,0.8824,82.7472,0.8696,84.324,-11.7626,mid,medium,high,0,0,1,1,2,1,2,0
aae15c415bef6ac94423ba845b0b7f82,Siti Setiawan,94,4,M,married,f,62.06,Average,0,63.5572,56.074,63.8,67.5,65.4,57.5,1,60.7136,0.985,60.8633,0.9765,62.809,-1.4964,mid,low,low,0,1,0,0,0,1,1,1
4bec4c0c513417c97aef01d7a3f95419,Andi Simanjuntak,102,3,M,married,t,100.0,Excellent,1,72.2081,82.493,85.0,64.9,70.4,68.5,1,86.4103,0.7221,83.6311,1.3849,86.1041,27.7919,mid,high,low,1,1,0,1,1,1,0,1
5af82211bf1a05a08caa43c7f4c47e5c,Lina Tampubolon,67,9,F,widow,t,79.92,Good,0,40.6503,52.724,34.3,51.1,27.6,49.5,1,59.9806,0.6073,56.0536,1.9661,60.2855,39.2705,senior,medium,low,0,0,2,1,2,2,2,1
ea4d25b8c814f3b6bb339d8a1cea4c21,Widya Putra,102,0,M,widow,t,64.53,Average,0,59.0922,39.599,61.0,43.6,59.2,72.6,1,55.4203,0.9456,54.8763,1.0921,61.8122,5.44,junior,low,low,0,1,2,1,0,0,1,1
886720687fc6f98e8171bbb6df982359,Citra Utama,106,0,F,single,t,77.19,Good,0,63.8564,63.894,72.8,61.4,50.9,70.3,1,69.2017,0.8666,67.8682,1.2088,70.5239,13.335,junior,medium,low,0,0,1,1,2,0,2,1
be12a926acf6c08c0a5e24927ab32816,Mega Nugraha,80,5,F,single,t,86.65,Good,0,71.026,79.527,73.7,73.2,56.0,81.3,1,79.8251,0.8438,78.2629,1.2199,78.837,15.6221,mid,high,low,1,0,1,1,2,1,0,1
454e739d08726f6b4cf7d147e03fb9dd,Deni Sutanto,90,7,F,married,f,100.0,Excellent,1,88.5178,95.707,86.4,88.3,90.0,89.3,1,95.2674,0.8852,94.1191,1.1297,94.2589,11.4822,senior,high,medium,1,0,0,0,1,2,0,2
18cdafc3e4f4a75084af1e649b556df4,Indra Nugraha,77,0,O,married,t,64.5,Average,0,49.6265,39.064,41.6,47.3,53.9,55.7,1,52.4087,0.8512,50.921,1.2998,57.0651,14.8772,junior,low,low,0,0,0,1,0,0,1,1
445e3911b08528c8859322804b2198c7,Wati Nugraha,85,8,M,married,f,84.18,Good,0,85.6818,91.735,84.5,73.8,85.5,98.9,1,86.8967,0.985,87.047,0.9825,84.9305,-1.5026,senior,medium,medium,0,1,0,0,2,2,2,2
b5991662dd8260a2da0d277110ba407a,Umi Hutabarat,99,6,O,married,t,86.63,Good,0,70.8406,65.877,67.2,67.6,81.5,67.0,1,75.6666,0.8421,74.0878,1.2229,78.7346,15.7878,senior,high,low,1,0,0,1,2,2,0,1
fde6e38abdfb43774821620c073184a9,Sri Prasetyo,89,6,M,single,t,60.72,Average,0,45.0643,38.248,41.0,33.4,67.3,38.6,1,49.2798,0.8435,47.7146,1.3473,52.8899,15.6513,senior,low,low,0,1,1,1,0,2,1,1
daa6f5e80768e7ac8f7b7e7bd791633d,Taufik Harahap,95,2,O,married,t,77.83,Good,0,53.8114,69.075,59.0,66.9,39.6,49.8,1,67.999,0.7598,65.5968,1.4464,65.822,24.0212,junior,medium,low,0,0,0,1,2,0,2,1
22ee2170c8a5a3cdc1e40b2c6fd13df5,Maya Rahayu,60,6,M,single,f,100.0,Excellent,0,95.9265,76.535,100.0,83.9,100.0,99.8,1,91.7384,0.9593,91.3311,1.0425,97.9632,4.0735,senior,high,high,1,1,1,0,1,2,0,0
3b31943a2fbff14dad8485468a1aa191,Yanti Situmorang,97,3,M,married,t,66.61,Average,0,58.207,59.535,58.3,45.6,70.0,59.0,1,61.9673,0.9159,61.1268,1.1444,62.4096,8.4052,mid,low,low,0,1,0,1,0,1,1,1
76b6d4605f40c901834722b8dff0edb5,Putri Harahap,85,3,M,married,f,55.29,Below Average,0,59.0919,67.666,62.4,51.4,64.7,57.8,1,60.1452,0.962,60.5249,0.9357,57.1931,-3.7975,mid,low,low,0,1,0,0,3,1,1,1
cd0834615f78237ea01beab68abeb4a8,Dewi Permana,74,1,F,married,t,100.0,Excellent,0,82.9449,84.618,91.9,74.0,78.5,87.3,1,90.2687,0.8294,88.5632,1.2056,91.4724,17.0551,junior,high,medium,1,0,0,1,1,0,0,2
366ea15501c6dcf3eddc6de3d9310b1b,Fajar Situmorang,81,4,F,single,t,98.69,Excellent,0,84.815,75.83,60.3,100.0,85.6,93.4,1,87.669,0.8613,86.2817,1.1636,91.7519,13.8738,mid,high,medium,1,0,1,1,1,1,0,2
e5076c8cb5c6466f33f2a047122ef0bb,Irwan Utama,90,10,M,single,t,96.12,Excellent,0,97.5965,77.819,100.0,95.7,94.7,100.0,1,91.0726,0.9852,91.2203,0.9849,96.8581,-1.4767,senior,high,high,1,1,1,1,1,2,0,0
ce366ab00c9043bf16b7aa7d67cd6b26,Maya Prasetyo,81,2,M,single,t,78.44,Good,0,63.3457,79.15,49.7,62.2,77.1,64.4,1,74.1239,0.8491,72.6147,1.2382,70.8916,15.0918,junior,medium,low,0,1,1,1,2,0,2,1
75726f619bb50f1f65701ace5b3bca69,Yudi Putra,76,6,F,single,t,59.99,Below Average,0,39.0325,54.644,36.2,31.4,45.9,42.7,1,52.0974,0.7905,50.0021,1.5368,49.5093,20.9535,senior,low,low,0,0,1,1,3,2,1,1
798e233768679914d7a5e9b7f23b7eeb,Rita Situmorang,83,1,M,married,t,84.78,Good,0,71.6993,62.658,66.9,76.7,58.0,85.1,1,74.2183,0.8692,72.9104,1.1824,78.2387,13.0787,junior,medium,low,0,1,0,1,2,0,2,1
4a5bd55bf78922c0dfaaae27b1f3d449,Mega Tampubolon,67,1,M,single,t,63.49,Average,0,71.7404,83.577,67.5,72.4,68.6,78.5,1,71.9894,0.9175,72.8149,0.8849,67.6131,-8.2545,junior,low,low,0,1,1,1,0,0,1,1
35134d3c023c2fddea96aa5f72b310f6,Zainal Nasution,79,5,F,married,t,100.0,Excellent,1,95.9663,100.0,100.0,84.2,100.0,99.7,1,98.7899,0.9597,98.3865,1.042,97.9831,4.0337,mid,high,high,1,0,0,1,1,1,0,0
eae39e48f7dda3e1f9c614f012a76718,Fajar Wibowo,83,8,F,married,t,46.3,Below Average,0,49.163,56.985,70.8,38.2,50.5,37.1,1,50.3658,0.9714,50.6518,0.9418,47.7331,-2.8597,senior,low,low,0,0,0,1,3,2,1,1
6466cea8bc446699abbf54e88a834a8b,Yanti Saputra,66,4,M,married,t,53.99,Below Average,0,58.3323,48.348,72.8,59.6,34.4,66.6,1,53.6007,0.9566,54.0347,0.9256,56.162,-4.3406,mid,low,low,0,1,0,1,3,1,1,1
3e157d04e11c515dc29af8b31f887766,Budi Nugraha,74,3,F,married,t,85.25,Good,0,77.667,79.875,80.9,82.1,71.2,76.5,1,81.3624,0.9242,80.6042,1.0976,81.4581,7.5822,mid,high,medium,1,0,0,1,2,1,0,2
b69bd265868c8944cbe149f9a52aafb6,Agus Sinaga,97,12,M,single,t,87.66,Good,0,84.8452,77.886,87.2,71.0,95.3,85.8,1,83.885,0.9718,83.6031,1.0332,86.2546,2.8187,veteran,high,medium,1,1,1,1,2,3,0,2
6715b9b092f198e8d33f49e23f3e408e,Bambang Sitompul,102,12,O,married,t,68.49,Average,0,76.4806,58.731,90.6,70.0,71.7,73.6,1,67.9583,0.9201,68.7577,0.8955,72.4838,-7.9937,veteran,low,medium,0,0,0,1,0,3,1,2
1bf7f14120d02575c07b3f69526ac679,Vina Sari,87,2,M,single,t,56.41,Below Average,0,43.5037,50.947,35.7,30.4,57.5,50.5,1,50.8999,0.8709,49.6091,1.2967,49.9577,12.908,junior,low,low,0,1,1,1,3,0,1,1
b988a314da2199f61f3235fa43fb2d23,Novi Wijaya,76,9,M,married,t,75.72,Good,0,68.8746,71.16,67.1,66.3,74.2,68.0,1,72.2976,0.9316,71.6133,1.0994,72.2963,6.8433,senior,medium,low,0,1,0,1,2,2,2,1
76bde3313489da50aeb5910cb5089a06,Rahmat Yuliana,87,9,M,married,f,82.04,Good,0,66.6292,68.045,62.7,57.5,75.0,71.3,0,73.2167,0.8459,71.676,1.2312,74.3327,15.4069,senior,medium,low,0,1,0,0,2,2,2,1
3650b6439c7db88e1ea7a6fdb68a8606,Widya Nasution,94,0,F,married,t,92.86,Excellent,0,89.7484,100.0,100.0,69.2,100.0,89.8,1,94.0667,0.9689,93.756,1.0346,91.302,3.1071,junior,high,medium,1,0,0,1,1,0,0,2
d8b2a4cbdf74ab41a18ffe0f4f5364ba,Irwan Setiawan,76,7,F,married,t,75.82,Good,0,68.9901,64.436,75.9,65.8,59.2,75.0,1,70.3558,0.9317,69.6728,1.099,72.4051,6.8299,senior,medium,low,0,0,0,1,2,2,2,1
394544a005a1815a698f95723aeb17d6,Kartini Rahayu,74,3,F,married,t,77.8,Good,0,71.2548,68.21,64.2,73.5,74.1,73.3,1,72.9608,0.9345,72.3059,1.0919,74.5292,6.5488,mid,medium,low,0,0,0,1,2,1,2,1
98c4903ba7087286d0b09bd9015572f8,Ahmad Nugraha,60,7,M,married,f,96.43,Excellent,1,68.3253,54.866,53.5,77.7,73.8,68.4,1,75.5284,0.719,72.7182,1.4113,82.3764,28.1021,senior,high,low,1,1,0,0,1,2,0,1
15900b1f5fe6f9e55fea99cb444e1110,Maya Nasution,109,2,F,married,t,63.39,Average,0,72.0396,49.2,75.4,58.8,75.7,78.4,1,61.7278,0.9135,62.5927,0.8799,67.7148,-8.6496,junior,low,low,0,0,0,1,0,0,1,1
688681c79a5e68283963b825a80965d0,Indra Nugraha,104,8,M,married,t,87.78,Good,1,63.8763,65.883,69.2,69.8,58.4,58.1,1,74.0381,0.761,71.6481,1.3741,75.8259,23.8992,senior,high,low,1,1,0,1,2,2,0,1
a505c77ed236e739e9adcb19a8bca0c3,Sri Sinaga,104,7,M,married,t,84.0,Good,0,92.8077,100.0,85.4,85.8,100.0,100.0,1,91.442,0.9119,92.3229,0.9051,88.4035,-8.8083,senior,medium,high,0,1,0,1,2,2,2,0
45df0b0d7af4c5aececcdb94fecd1948,Andi Rahayu,62,1,O,widow,t,63.61,Average,0,71.2185,62.354,65.9,72.4,83.9,62.7,1,65.5158,0.9239,66.2767,0.8932,67.4144,-7.6082,junior,low,low,0,0,2,1,0,0,1,1
9a29e8c43d6c3a98ea81f56e8e0825ef,Rini Purnama,94,9,M,married,t,54.02,Below Average,0,50.7796,51.368,52.1,34.8,61.9,54.3,1,52.254,0.9676,51.9295,1.0639,52.402,3.2448,senior,low,low,0,1,0,1,3,2,1,1
a98c3a2f6784cfa0fd40fec09afb47a5,Indra Rahayu,60,8,F,married,f,87.36,Good,0,86.2636,76.785,75.3,81.2,93.1,95.5,0,83.8589,0.989,83.7492,1.0127,86.8121,1.0969,senior,high,medium,1,0,0,0,2,2,0,2
f50b66f3a675daa0d88cb4a2915ff166,Indra Utama,107,4,F,married,t,95.14,Excellent,0,86.7324,86.434,93.9,80.4,88.7,83.9,1,90.0071,0.9159,89.166,1.097,90.9377,8.4104,mid,high,medium,1,0,0,1,1,1,0,2
fd804b38a5584f7417f9422642d96984,Umi Nasution,100,1,F,married,t,82.99,Good,0,86.3353,61.777,83.1,90.5,86.5,85.3,1,77.6288,0.9665,77.9636,0.9612,84.6615,-3.3475,junior,medium,medium,0,0,0,1,2,0,2,2
b96d90eb82e8a68a5567c8a72856f02c,Nina Sinaga,108,9,M,married,t,87.73,Good,0,90.687,85.284,100.0,85.0,77.8,100.0,1,87.882,0.9704,88.178,0.9674,89.2069,-2.9601,senior,high,high,1,1,0,1,2,2,0,0
90adea25b4ef18ee0a0adc702755da5b,Vina Tampubolon,78,0,M,married,t,86.57,Good,0,83.8646,84.778,75.7,85.0,99.7,75.1,1,85.2201,0.973,84.9497,1.0322,85.2164,2.7036,junior,high,medium,1,1,0,1,2,0,0,2
9d3a3dceddb111f1ec2d16b757aa9468,Agus Wibowo,85,2,M,married,t,100.0,Excellent,1,91.2579,87.566,100.0,90.1,85.2,89.6,1,93.6472,0.9126,92.773,1.0958,95.629,8.7421,junior,high,high,1,1,0,1,1,0,0,0
2dd707e2f8d55b6a4cb94a28b00c20f8,Novi Sitompul,81,4,F,single,t,70.78,Average,0,61.9158,75.524,55.4,63.3,54.7,74.2,1,69.5458,0.9113,68.6589,1.1432,66.3502,8.8687,mid,medium,low,0,0,1,1,0,1,2,1
2777c6eefd02cb5db7656e9d35049298,Indra Putra,77,11,M,single,t,93.23,Excellent,1,74.3872,74.664,92.5,66.8,71.7,66.6,1,82.0059,0.8116,80.122,1.2533,83.8068,18.8391,veteran,high,low,1,1,1,1,1,3,0,1
c7a225b2b2682eb3c1fd91f97fc2fc7d,Rahmat Nugraha,66,13,M,married,t,100.0,Excellent,0,86.1652,82.641,83.4,93.3,80.2,87.8,1,90.6419,0.8617,89.2584,1.1606,93.0826,13.8348,veteran,high,medium,1,1,0,1,1,3,0,2
933f8c681c37dccd5d49d9060580755a,Hadi Sitompul,93,1,M,married,f,93.57,Excellent,0,84.6704,83.552,81.0,84.2,89.0,84.5,1,87.8947,0.911,87.0047,1.1051,89.12,8.8992,junior,high,medium,1,1,0,0,1,0,0,2
b51671cbba7d21514000a58d1621b663,Sari Susanto,80,0,M,married,t,41.67,Below Average,0,37.508,42.885,47.3,32.5,31.9,38.3,1,40.7844,0.9584,40.3686,1.1109,39.5871,4.1582,junior,low,low,0,1,0,1,3,0,1,1
79a80eaec9bd04d2ed92d3212e7e9a9d,Umi Prasetyo,104,10,O,single,t,52.32,Below Average,0,50.3323,55.766,52.4,33.1,39.1,76.7,1,52.7577,0.9801,52.5588,1.0395,51.3265,1.9883,senior,low,low,0,0,1,1,3,2,1,1
0b419a4a7969c548090d12830ee2b054,Yudi Situmorang,65,10,M,married,f,38.86,Below Average,0,40.067,33.185,41.4,43.4,28.5,47.0,1,37.5197,0.9879,37.6403,0.9699,39.4636,-1.2068,senior,low,low,0,1,0,0,3,2,1,1
10dc4eeecc312f547512b2fc1047d514,Maya Utama,76,7,M,single,t,87.09,Good,0,69.1798,67.561,71.0,51.7,70.7,83.2,1,75.8595,0.8209,74.0682,1.2589,78.1365,17.9135,senior,high,low,1,1,1,1,2,2,0,1
a29726a69009317d0ccead63f87cf2f9,Fajar Simanjuntak,108,9,M,single,f,100.0,Excellent,0,70.7598,91.887,56.5,75.8,69.0,81.7,1,88.794,0.7076,85.8699,1.4132,85.3799,29.2402,senior,high,low,1,1,1,0,1,2,0,1
c44ba943063152614316e48c16293e6e,Yuni Situmorang,100,1,F,married,t,100.0,Excellent,1,88.1682,100.0,75.5,91.1,98.0,88.1,1,96.4505,0.8817,95.2673,1.1342,94.0841,11.8318,junior,high,medium,1,0,0,1,1,0,0,2
2d34e8a4079bfb9c0ad9b3aed259e7ea,Rizki Saputra,70,12,M,single,t,90.37,Excellent,1,82.1067,69.96,65.5,91.5,77.7,93.8,1,81.7668,0.9174,80.9408,1.1006,86.237,8.2605,veteran,high,medium,1,1,1,1,1,3,0,2
f92afe52f79fe18aedbc2192d9b1a13e,Dewi Sari,107,5,F,married,t,56.22,Below Average,0,41.362,50.655,43.5,46.3,35.9,39.8,0,50.0926,0.8514,48.607,1.3592,48.7902,14.8564,mid,low,low,0,0,0,1,3,1,1,1
28ce59e17770a07e881af100987d63e9,Indra Yuliana,104,6,M,single,t,86.83,Good,0,87.1589,85.299,85.7,82.9,85.1,95.0,1,86.4686,0.9967,86.5017,0.9962,86.9935,-0.3307,senior,high,medium,1,1,1,1,2,2,0,2
003c81114234ce9f7ef2dce25e10957e,Yanti Manurung,62,2,M,single,t,100.0,Excellent,0,66.3994,63.865,60.8,62.4,57.1,85.4,1,79.0793,0.664,75.7192,1.506,83.1997,33.6006,junior,high,low,1,1,1,1,1,0,0,1
761c37b120f5909c3af6447f30c50fb8,Rita Prasetyo,107,14,O,married,t,100.0,Excellent,1,93.1348,70.709,100.0,94.1,84.8,93.6,1,89.1532,0.9313,88.4666,1.0737,96.5674,6.8652,veteran,high,high,1,0,0,1,1,3,0,0
9c753690fec0e5ed215047a782ddf4b1,Maya Susanto,90,3,M,married,t,85.01,Good,1,81.2658,74.378,79.1,72.1,88.5,85.4,1,80.6985,0.9625,80.3237,1.0461,83.1396,3.7475,mid,high,medium,1,1,0,1,2,1,0,2
a0228c4cf5ded171082d52b8a10ddec0,Rita Yuliana,83,13,F,widow,t,57.43,Below Average,0,68.0971,56.466,55.5,82.2,75.2,59.5,1,60.3419,0.8934,61.4084,0.8434,62.7648,-10.6646,veteran,low,low,0,0,2,1,3,3,1,1
df0816a8f41815875aa51b91c97fc074,Suci Rahayu,67,2,M,single,t,97.69,Excellent,0,94.8262,97.577,89.4,99.2,90.7,100.0,1,96.7966,0.9714,96.5103,1.0302,96.2578,2.8631,junior,high,high,1,1,1,1,1,0,0,0
d1c0bb48288d19da10cbe88785616123,Maya Prasetyo,60,4,M,married,t,72.17,Average,1,61.6706,45.188,52.4,63.3,49.8,81.1,1,60.9243,0.895,59.8747,1.1702,66.9188,10.4963,mid,medium,low,0,1,0,1,0,1,2,1
a73518d457ba3cb41e2c91a53a0576c3,Rita Hutabarat,67,13,M,married,t,91.08,Excellent,0,97.288,96.441,89.2,100.0,100.0,100.0,1,94.5496,0.9379,95.1707,0.9362,94.1826,-6.2107,veteran,high,high,1,1,0,1,1,3,0,0
b1bac8987ffed683b51ad5a03a3ac6a8,Maya Wibowo,95,8,O,single,t,55.97,Below Average,0,61.3188,35.737,84.0,55.8,58.5,47.0,1,51.5056,0.9465,52.0402,0.9128,58.6454,-5.3469,senior,low,low,0,0,1,1,3,2,1,1
16532d9d78e9a5253a9a7e8a44dd9253,Ahmad Purnama,67,6,M,married,t,87.51,Good,0,62.4764,59.538,57.6,70.9,64.5,57.0,1,71.6073,0.7497,69.1042,1.4007,74.9921,25.0312,senior,high,low,1,1,0,1,2,2,0,1
cb63f20029173b3a29aeb3b5cb7a7654,Hendra Sinaga,99,9,M,married,t,60.53,Average,0,72.3742,64.113,70.2,80.8,69.9,68.6,1,65.1562,0.8815,66.3411,0.8363,66.4496,-11.8492,senior,low,low,0,1,0,1,0,2,1,1
f852ad3ba97e9293539410e18ba11960,Rahmat Sutanto,66,7,M,married,t,59.05,Below Average,0,56.1542,47.822,42.0,70.5,59.6,52.5,1,54.8121,0.9711,54.5227,1.0515,57.601,2.8937,senior,low,low,0,1,0,1,3,2,1,1
bd4fa31c1e4eea4e3d7bab79508c51bb,Fajar Sitompul,74,7,F,single,t,80.63,Good,0,64.0991,49.635,57.0,70.6,62.8,66.1,1,66.3727,0.8347,64.7196,1.2579,72.365,16.5317,senior,medium,low,0,0,1,1,2,2,2,1
a1ae547a770f8b832542577e5f3f4bf5,Irwan Saputra,66,10,M,married,t,100.0,Excellent,0,94.8803,100.0,97.8,100.0,97.0,84.8,1,98.4641,0.9488,97.9521,1.054,97.4402,5.1197,senior,high,high,1,1,0,1,1,2,0,0
8cb30c1c5bd7fbd1bafd387ce2638e86,Dewi Saputra,82,1,F,single,f,100.0,Excellent,0,87.6428,100.0,75.6,93.3,100.0,81.7,1,96.2928,0.8764,95.0571,1.141,93.8214,12.3572,junior,high,medium,1,0,1,0,1,0,0,2
f6dcf5e0f2880b3fec15862b8fcbb1fe,Vina Nasution,96,4,M,married,f,73.37,Average,0,69.1266,57.584,75.4,60.6,82.0,58.5,0,67.3601,0.9576,66.936,1.0614,71.2471,4.241,mid,medium,low,0,1,0,0,0,1,2,1
7d39fe9bf69b65d6f272ddd37d82ae3e,Rini Sitompul,95,6,M,single,t,84.13,Good,0,80.529,82.05,78.2,55.4,93.4,95.2,1,82.4239,0.964,82.0642,1.0447,82.3274,3.5967,senior,medium,medium,0,1,1,1,2,2,2,2
f79eb2440cf6d1d0d6b85589ec905825,Kartini Saputra,61,2,F,single,t,53.03,Below Average,0,42.4518,35.993,40.3,46.5,32.9,50.1,1,44.7445,0.8942,43.6869,1.2491,47.7398,10.576,junior,low,low,0,0,1,1,3,0,1,1
36ce2d67560e9d526d17a0c642441059,Endang Yuliana,82,4,F,married,t,83.18,Good,0,68.4773,55.468,73.6,94.7,49.5,56.2,1,70.4551,0.853,68.985,1.2147,75.8281,14.7016,mid,medium,low,0,0,0,1,2,1,2,1
24f645a4eb2f22f7a4d5b0476061b37d,Sari Setiawan,87,11,M,single,f,81.06,Good,0,72.5921,64.181,71.9,67.5,73.7,77.2,1,73.457,0.9153,72.6099,1.1167,76.8273,8.4704,veteran,medium,low,0,1,1,0,2,3,2,1
6cb1d702092e491ee2d802cf2329dab7,Joko Wijaya,83,5,F,married,t,69.62,Average,0,55.7798,55.372,65.1,50.9,55.4,51.8,1,61.1952,0.8616,59.8107,1.2482,62.7021,13.8445,mid,low,low,0,0,0,1,0,1,1,1
d70e13095aa3b55d3a42edc4fa773b5a,Lina Yuliana,91,15,M,married,t,74.48,Average,0,71.7003,70.302,67.0,76.4,62.9,80.6,1,72.392,0.9722,72.1142,1.0387,73.0893,2.778,veteran,medium,low,0,1,0,1,0,3,2,1
b65ed22384666e0439504f6fab35fffd,Bambang Wijaya,69,3,F,married,t,57.0,Below Average,0,64.8477,60.519,39.7,71.7,68.4,79.6,1,60.4097,0.9215,61.1945,0.879,60.9234,-7.8486,mid,low,low,0,0,0,1,3,1,1,1
52754299cf45706f06ccee8edb50f1e5,Agus Nasution,75,5,F,married,f,65.95,Average,1,93.8463,84.151,100.0,80.4,100.0,95.0,1,79.7793,0.721,82.5689,0.7027,79.8981,-27.8964,mid,low,high,0,0,0,0,0,1,1,0
1c0d1fbd7a480effe313f277a8437af4,Fitri Wijaya,74,6,M,married,t,65.52,Average,0,70.377,86.159,82.9,65.5,68.2,64.9,1,73.1698,0.9515,73.6552,0.931,67.9499,-4.8542,senior,low,low,0,1,0,1,0,2,1,1
a11b60d1753f6553da76abbc1945cacf,Sri Prasetyo,106,8,M,married,f,65.21,Average,0,60.1531,68.967,56.5,44.1,65.1,74.9,1,64.8198,0.9494,64.3142,1.0841,62.6812,5.0562,senior,low,low,0,1,0,0,0,2,1,1
e9c131aef77e417af22654adc15e8553,Hadi Harahap,78,11,M,married,t,82.84,Good,0,81.22,73.631,93.5,67.7,71.8,91.8,1,79.5918,0.9838,79.4296,1.02,82.0308,1.6217,veteran,medium,medium,0,1,0,1,2,3,2,2
94ff67ca8a9f8d2c365edc28a711fff7,Bambang Hutabarat,72,11,M,married,t,98.68,Excellent,0,92.7778,88.169,87.6,100.0,100.0,83.5,1,93.7568,0.941,93.1664,1.0636,95.73,5.9045,veteran,high,high,1,1,0,1,1,3,0,0
3daed5f425397b48d178bbf98e2982c5,Deni Manurung,68,8,F,widow,t,67.72,Average,0,71.8942,59.553,68.6,89.6,58.7,70.8,1,66.5236,0.9583,66.9406,0.942,69.8089,-4.1704,senior,low,low,0,0,2,1,0,2,1,1
209ed330c2e287f0635f7be3c88f057e,Budi Yuliana,81,9,M,married,t,100.0,Excellent,0,89.7005,92.19,91.2,86.4,84.1,97.2,1,94.5672,0.897,93.5373,1.1148,94.8503,10.2995,senior,high,medium,1,1,0,1,1,2,0,2
5d265058070df348cbe517556d806dc0,Citra Sitompul,77,8,M,married,t,81.97,Good,0,76.0951,71.069,53.8,87.5,70.1,93.0,1,76.9356,0.9413,76.3485,1.0772,79.0306,5.871,senior,medium,medium,0,1,0,1,2,2,2,2
e9b52835e6c7e3ab0b97a417d5c1e741,Rahmat Putra,79,1,M,married,f,72.2,Average,0,79.0628,75.312,70.2,92.6,61.1,92.3,1,75.1908,0.9313,75.8775,0.9131,75.6295,-6.8667,junior,medium,medium,0,1,0,0,0,0,2,2
2bea57b9bc97aabf0713b646c48e70cb,Bambang Purnama,96,4,M,married,t,68.56,Average,0,69.2467,68.982,69.8,67.1,63.6,76.5,1,68.8943,0.9932,68.9625,0.9901,68.9055,-0.6823,mid,low,low,0,1,0,1,0,1,1,1
c713ee227800ec64b9d5e16379f5b104,Siti Harahap,91,7,M,married,t,91.4,Excellent,0,88.1641,72.266,93.5,88.4,82.5,88.3,1,84.6902,0.9676,84.3663,1.0367,89.7833,3.2383,senior,high,medium,1,1,0,1,1,2,0,2
916365666dd587f24e618209749f5f98,Kartini Yuliana,101,7,F,single,t,100.0,Excellent,1,92.6533,100.0,99.9,88.6,98.0,84.1,1,97.796,0.9265,97.0613,1.0793,96.3266,7.3467,senior,high,high,1,0,1,1,1,2,0,0
f8723c034b627765c1372098c2c175ff,Kartini Sutanto,98,4,M,single,t,94.67,Excellent,1,92.3407,72.752,100.0,79.1,100.0,90.3,1,87.3958,0.9767,87.1628,1.0252,93.5055,2.3296,mid,high,high,1,1,1,1,1,1,0,0
e33c1512ec6349c2166b554f00cce939,Rizki Pratama,62,7,M,married,t,78.36,Good,0,75.1747,63.49,77.7,89.7,65.2,68.1,1,72.9431,0.9682,72.6247,1.0424,76.7669,3.1844,senior,medium,medium,0,1,0,1,2,2,2,2
320909d4673ce7f40d647e53412c3a04,Ratna Sinaga,69,4,M,single,t,63.36,Average,0,52.6774,50.916,64.1,48.2,48.4,50.1,1,56.423,0.8932,55.3545,1.2028,58.0199,10.6849,mid,low,low,0,1,1,1,0,1,1,1
67b007e083676c007957b4d0bd72fe69,Mega Utama,67,5,F,married,t,69.37,Average,0,57.6849,51.42,44.4,67.0,58.4,61.0,1,60.4807,0.8831,59.3119,1.2026,63.5291,11.6884,mid,low,low,0,0,0,1,0,1,1,1
90ded99e58d5c45e54c746171f74de7d,Deni Utama,104,1,M,married,t,98.35,Excellent,0,76.8398,78.142,61.4,75.7,71.0,99.2,1,85.8326,0.7849,83.682,1.2799,87.5925,21.5055,junior,high,medium,1,1,0,1,1,0,0,2
077feb105ee06ff65418ba199730cb7a,Suci Putra,106,2,F,married,t,57.9,Below Average,0,55.7445,49.961,67.4,47.2,58.0,50.3,1,54.871,0.9785,54.6556,1.0386,56.8212,2.1534,junior,low,low,0,0,0,1,3,0,1,1
8024445b2697805ce44bb08f81cd8e8e,Hendra Setiawan,66,2,O,single,t,85.87,Good,0,71.6875,78.899,62.6,74.6,80.5,69.0,1,79.5241,0.8582,78.1058,1.1978,78.779,14.1831,junior,high,low,1,0,1,1,2,0,0,1
63f88b77067bb36e36d0668cd512a213,Agus Putra,76,4,M,married,t,82.16,Good,0,74.7031,88.981,87.0,60.8,77.8,73.2,1,81.9686,0.9254,81.2231,1.0998,78.4307,7.4553,mid,medium,low,0,1,0,1,2,1,2,1
fb9a15f49972d87f3a336c1c81306054,Fajar Saputra,107,5,M,married,t,69.52,Average,0,73.0741,72.411,57.9,72.1,95.4,66.9,1,71.4539,0.9645,71.8092,0.9514,71.2976,-3.553,mid,low,low,0,1,0,1,0,1,1,1
1ba94d2d9c354651ea65f1825e5437c4,Hendra Sari,71,9,M,widow,t,42.87,Below Average,0,44.0608,55.775,49.6,32.5,28.7,65.4,1,47.1,0.9881,47.2187,0.973,43.4669,-1.1876,senior,low,low,0,1,2,1,3,2,1,1
cef8de3098fa6b25d7cb5e4481364110,Mega Susanto,86,1,F,single,t,83.85,Good,0,73.0686,67.79,54.2,70.7,75.7,91.7,1,75.7981,0.8922,74.7198,1.1476,78.4598,10.7824,junior,medium,low,0,0,1,1,2,0,2,1
e8975bc319101cf921dfe4070f2920ae,Deni Sutanto,96,1,F,married,t,58.81,Below Average,0,62.1709,48.718,63.7,64.1,55.6,65.3,1,56.7914,0.9664,57.1273,0.946,60.4915,-3.3588,junior,low,low,0,0,0,1,3,0,1,1
eb84729378904f1080cc270510fa2d9d,Sri Utama,88,9,M,married,t,97.66,Excellent,0,79.0263,86.888,77.3,79.9,75.3,83.5,1,88.8388,0.8136,86.9753,1.2358,88.3438,18.6351,senior,high,medium,1,1,0,1,1,2,0,2
41c5da3fbee2647ee7a34feb79bf8c46,Anita Tampubolon,81,0,F,married,t,54.38,Below Average,0,65.5383,49.667,54.4,71.5,62.8,73.5,1,56.3124,0.8884,57.4285,0.8297,59.9578,-11.1611,junior,low,low,0,0,0,1,3,0,1,1
03c1ac83c53ca663873a75d0dd50a68e,Mega Simanjuntak,60,9,F,married,t,100.0,Excellent,1,97.2903,100.0,100.0,98.0,91.2,99.9,1,99.1871,0.9729,98.9161,1.0279,98.6452,2.7097,senior,high,high,1,0,0,1,1,2,0,0
3f924fc41b96053066314f6a1c6caca2,Umi Nasution,98,10,F,married,f,100.0,Excellent,1,93.7912,79.664,99.1,100.0,76.0,100.0,1,92.0367,0.9379,91.4158,1.0662,96.8956,6.2088,senior,high,high,1,0,0,0,1,2,0,0
ea05cace5b125c078776cbc09d7d4398,Andi Utama,82,9,M,married,t,70.18,Average,0,55.465,61.113,54.0,60.5,57.0,50.3,1,63.0437,0.8529,61.5726,1.2652,62.8204,14.7109,senior,medium,low,0,1,0,1,0,2,2,1
303db134a454a3e08ede4a0544704bde,Wati Situmorang,83,4,M,married,t,91.88,Excellent,0,73.2236,68.12,81.7,65.9,76.4,68.8,1,79.1541,0.8135,77.2887,1.2548,82.5507,18.6542,mid,high,low,1,1,0,1,1,1,0,1
55714d7ddf3ecfb85cdd27b30acba4f0,Novi Pratama,72,6,F,married,t,90.62,Excellent,0,67.229,62.559,61.8,60.1,71.9,75.1,1,75.1855,0.7661,72.8461,1.348,78.9258,23.3936,senior,high,low,1,0,0,1,1,2,0,1
55ce23f2ad4a322715c9098d0c103d85,Eko Setiawan,62,5,M,single,t,79.15,Good,0,66.7622,68.141,62.5,60.9,71.3,72.3,1,72.1297,0.8762,70.8912,1.1855,72.9544,12.3844,mid,medium,low,0,1,1,1,2,1,2,1
bc792401f19170f7d9d3dae90f5c1e22,Taufik Pratama,100,3,F,single,t,94.11,Excellent,0,87.277,99.631,100.0,71.1,90.8,87.2,1,93.7168,0.9317,93.0334,1.0783,90.694,6.834,mid,high,medium,1,0,1,1,1,1,0,2
98da5594773bd08218ce6308143fcfd1,Wati Rahayu,63,1,M,married,t,87.31,Good,0,80.5851,58.787,68.7,82.0,86.2,85.4,0,76.7359,0.9327,76.0633,1.0835,83.948,6.7259,junior,high,medium,1,1,0,1,2,0,0,2
823e8e44764018475d35cda249f93f02,Suci Situmorang,99,11,F,married,t,69.17,Average,0,49.341,44.26,38.2,65.8,38.7,54.7,1,55.7477,0.8017,53.7649,1.4018,59.2548,19.8275,veteran,low,low,0,0,0,1,0,3,1,1
2e65edadf33aa7d71ec2c89e95221ef4,Rizki Purnama,65,1,M,married,t,80.69,Good,0,56.2842,50.779,74.5,57.3,54.4,38.9,1,64.3944,0.756,61.954,1.4336,68.4863,24.4044,junior,medium,low,0,1,0,1,2,0,2,1
5b87d5d0928551d39383b17f920563ed,Taufik Simanjuntak,104,3,F,single,t,47.83,Below Average,0,50.8483,46.712,49.6,42.6,53.1,58.2,0,48.3998,0.9698,48.7017,0.9406,49.3389,-3.0187,mid,low,low,0,0,1,1,3,1,1,1
697c9c9290c2250b0108be672aecee86,Bambang Prasetyo,65,9,F,single,t,81.58,Good,0,71.1581,82.815,52.3,70.1,83.7,78.5,1,78.8239,0.8958,77.7817,1.1465,76.3689,10.4216,senior,medium,low,0,0,1,1,2,2,2,1
4b5d01224da692434419af44f0ac75c9,Lina Pratama,66,0,M,married,f,78.36,Good,0,85.6093,79.552,68.0,100.0,75.2,99.2,1,80.8907,0.9275,81.6161,0.9153,81.9826,-7.2534,junior,medium,medium,0,1,0,0,2,0,2,2
61a875a912535704952d47cc99d96c18,Rita Sinaga,83,10,M,single,t,100.0,Excellent,1,100.0,100.0,100.0,100.0,100.0,100.0,1,100.0,1.0,100.0,1.0,100.0,0.0,senior,high,high,1,1,1,1,1,2,0,0
a2f65ee915864d214a0890a46c8ad4f8,Taufik Sari,63,5,M,single,t,99.77,Excellent,1,94.994,94.296,100.0,100.0,82.5,97.5,1,96.6941,0.9523,96.2167,1.0503,97.3811,4.774,mid,high,high,1,1,1,1,1,1,0,0
f98c4396f3bb6f1a43c351d16ecedc6f,Endang Utama,86,0,M,single,t,85.53,Good,0,91.3903,99.271,83.0,82.5,100.0,100.0,1,91.4117,0.9414,91.9974,0.9359,88.4619,-5.8567,junior,high,high,1,1,1,1,2,0,0,0
19cd49bcb01470d5b72f2e743ede4626,Taufik Nasution,62,15,F,single,t,100.0,Excellent,1,87.6191,75.917,88.2,99.2,84.8,78.3,1,89.0609,0.8762,87.8229,1.1413,93.8096,12.3809,veteran,high,medium,1,0,1,1,1,3,0,2
39c2dfc2dbc862d0ecd8c3ffb8cb7543,Widya Susanto,72,0,M,single,t,67.7,Average,0,66.8489,63.0,64.3,71.0,57.9,74.2,1,66.035,0.9915,65.9499,1.0127,67.2747,0.8517,junior,low,low,0,1,1,1,0,0,1,1
7f4e98ec7cf3cb1deb54a5f2898bba0c,Rini Sinaga,81,14,M,married,t,100.0,Excellent,0,96.0389,85.045,100.0,91.2,92.9,100.0,1,94.3251,0.9604,93.929,1.0412,98.0195,3.9611,veteran,high,high,1,1,0,1,1,3,0,0
da6c29c511a846283ac0546735ede87e,Irwan Susanto,67,5,M,single,t,75.48,Good,0,78.8209,65.114,88.2,71.3,85.5,70.3,0,73.372,0.9666,73.7062,0.9576,77.1499,-3.342,mid,medium,medium,0,1,1,1,2,1,2,2
c5ae683161aa49713ed71321f6663622,Rini Nugraha,97,2,F,single,f,50.2,Below Average,0,41.0514,51.942,46.1,45.6,29.5,43.0,1,47.9786,0.9085,47.0636,1.2229,45.6266,9.1503,junior,low,low,0,0,1,0,3,0,1,1
1163d3d86a5d984881f43e3b39c7af2c,Suci Susanto,102,0,F,widow,t,65.5,Average,0,74.236,68.286,71.2,82.8,67.2,75.7,1,68.9552,0.9126,69.8292,0.8823,69.8664,-8.7393,junior,low,low,0,0,2,1,0,0,1,1
b95a12e2c7211e61c5f640a959716d2d,Rita Putra,66,6,M,married,t,91.42,Excellent,0,81.6279,73.504,98.4,67.0,73.4,87.8,1,83.1081,0.9021,82.1288,1.12,86.5246,9.7934,senior,high,medium,1,1,0,1,1,2,0,2
194ec9bd466cd7b03b2981c7a8f3856c,Andi Wibowo,93,3,F,married,t,68.56,Average,0,57.318,48.554,66.4,44.5,48.7,69.7,1,59.1858,0.8876,58.0616,1.1961,62.9393,11.2426,mid,low,low,0,0,0,1,0,1,1,1
77795be5023f105ba0b90523f811c951,Taufik Sutanto,71,5,F,married,f,58.95,Below Average,0,58.7277,64.514,51.6,63.8,66.1,53.4,1,60.551,0.9978,60.5291,1.0037,58.8371,0.2188,mid,low,low,0,0,0,0,3,1,1,1
5d6690ba481d82f8be27859abba49bc0,Fitri Sari,84,8,F,married,t,71.72,Average,0,74.9661,64.504,90.4,62.5,73.0,73.9,1,70.5279,0.9675,70.8528,0.9567,73.3415,-3.2492,senior,medium,low,0,0,0,1,0,2,2,1
ea49d8c7302c208fc9aee30ef9c520eb,Rizki Sutanto,76,1,M,single,f,53.41,Below Average,0,63.4744,73.336,44.5,64.6,71.4,73.4,1,62.4084,0.8994,63.4146,0.8415,58.4437,-10.0614,junior,low,low,0,1,1,0,3,0,1,1
7fefbb84e13a55e5fe60ce06a03fb80e,Yuni Simanjuntak,85,7,M,single,t,75.6,Good,0,75.1555,74.211,71.6,74.6,81.8,72.5,1,75.0512,0.9955,75.0065,1.006,75.3793,0.4475,senior,medium,medium,0,1,1,1,2,2,2,2
3334e6520cd1d0e922b5cb79b1d8f190,Lina Sinaga,75,1,M,single,t,55.25,Below Average,0,51.1147,54.405,64.7,61.0,28.6,50.2,1,53.7566,0.9586,53.3429,1.0809,53.1832,4.1371,junior,low,low,0,1,1,1,3,0,1,1
b3ca894ecdb8e46ebf328548256b6632,Yudi Sutanto,107,9,F,single,t,99.25,Excellent,1,93.4117,100.0,87.2,86.4,100.0,100.0,1,97.7232,0.9416,97.1395,1.0625,96.3305,5.8376,senior,high,high,1,0,1,1,1,2,0,0
c123570671b884db6a00311062c3f0f5,Joko Tampubolon,85,1,F,single,t,81.0,Good,0,67.0561,71.755,59.2,62.7,74.3,72.1,1,74.045,0.8605,72.6502,1.208,74.0299,13.9477,junior,medium,low,0,0,1,1,2,0,2,1
73f0f82db43f35514002512d821c473d,Maya Pratama,66,2,F,married,t,85.61,Good,0,77.5003,67.754,78.2,66.5,85.8,79.6,1,77.8222,0.9189,77.0108,1.1047,81.5573,8.1141,junior,high,medium,1,0,0,1,2,0,0,2
77c867a63807875029bd010b47ca0a85,Eko Situmorang,69,6,F,married,f,71.33,Average,0,70.8512,84.703,58.6,63.7,67.2,93.9,1,75.1966,0.9953,75.1491,1.0067,71.0884,0.4745,senior,medium,low,0,0,0,0,0,2,2,1
5a59f2dccca192912610d3aa732fe4bc,Umi Rahayu,91,6,M,married,t,78.31,Good,0,58.0051,59.537,46.5,71.2,62.6,51.7,1,66.5866,0.797,64.5562,1.3501,68.1574,20.3047,senior,medium,low,0,1,0,1,2,2,2,1
0561a8f6cde21dc3101473405640257e,Hendra Prasetyo,62,8,F,married,t,71.83,Average,0,59.8742,44.124,59.5,65.7,49.1,65.2,1,59.9305,0.8805,58.7352,1.1996,65.8509,11.9533,senior,medium,low,0,0,0,1,0,2,2,1
e123e66103f1e93118b119c1641f8045,Andi Sutanto,70,15,M,single,t,97.12,Excellent,0,85.3472,90.563,100.0,68.2,84.3,88.9,0,91.6211,0.8823,90.4438,1.1379,91.2337,11.7731,veteran,high,medium,1,1,1,1,1,3,0,2
e7460e540ae36c9c5583a752e69daabc,Hadi Harahap,101,2,M,single,t,71.53,Average,0,82.3581,85.153,78.4,74.2,85.2,91.7,1,78.8632,0.8917,79.9465,0.8685,76.9416,-10.8331,junior,medium,medium,0,1,1,1,0,0,2,2
8da76332abc5e15918541a9e3a467298,Yuni Sitompul,93,2,F,married,t,68.62,Average,0,64.3847,67.04,75.7,55.0,62.9,64.0,1,66.8733,0.9577,66.4503,1.0657,66.4999,4.2304,junior,low,low,0,0,0,1,0,0,1,1
04b9d9722f9de922e9b76811e38319ed,Yudi Wijaya,71,8,F,single,t,100.0,Excellent,1,89.9694,73.808,92.4,84.0,100.0,83.4,1,89.1332,0.8997,88.1301,1.1115,94.9847,10.0306,senior,high,medium,1,0,1,1,1,2,0,2
6e264c91c5391245a915ef731d8cef1d,Maya Tampubolon,84,6,M,single,t,85.05,Good,1,93.1362,80.088,79.2,94.5,98.8,100.0,1,85.9872,0.9191,86.7958,0.9132,89.093,-8.0865,senior,high,high,1,1,1,1,2,2,0,0
ca9976cecb5ae735674ce6b4882489e8,Hendra Sari,66,5,M,single,t,79.31,Good,0,83.0246,85.856,89.8,73.9,68.3,100.0,1,82.3891,0.9629,82.7603,0.9553,81.1684,-3.7123,mid,medium,medium,0,1,1,1,2,1,2,2
b1cfad51442d7cc1a3ed51c8181c4b14,Nina Sitompul,66,3,F,married,t,67.6,Average,0,46.723,52.506,49.0,31.9,46.6,59.4,1,56.8104,0.7912,54.7222,1.4469,57.1637,20.8814,mid,low,low,0,0,0,1,0,1,1,1
ab88fe0f27bf4078b27642f5907750d1,Rita Prasetyo,71,7,M,single,f,92.3,Excellent,0,79.6863,90.083,82.4,92.5,69.2,74.6,1,87.8522,0.8738,86.5905,1.1583,85.995,12.6174,senior,high,medium,1,1,1,0,1,2,0,2
2cf7e782bba92717021af469ac232079,Putri Setiawan,90,9,F,married,t,92.25,Excellent,1,79.4555,75.979,67.0,86.0,72.9,92.0,1,83.5285,0.8721,82.2495,1.161,85.8504,12.7899,senior,high,medium,1,0,0,1,1,2,0,2
100d8b2b8a7cd017979ab19a405ce37c,Rini Manurung,74,4,F,single,t,97.3,Excellent,0,85.4985,98.808,74.5,89.9,100.0,77.6,1,94.2126,0.882,93.0323,1.138,91.4,11.803,mid,high,medium,1,0,1,1,1,1,0,2
1395dac1a5831a8a746deec5514441f4,Joko Setiawan,93,3,F,single,t,76.68,Good,0,80.2167,72.028,88.4,72.5,66.2,93.8,1,76.3454,0.9646,76.6991,0.9559,78.4483,-3.537,mid,medium,medium,0,0,1,1,2,1,2,2
03934cda87d7fa69b53ee080e545ad2e,Kartini Nasution,98,4,M,married,t,86.49,Good,1,74.1633,86.41,100.0,49.8,68.0,78.8,1,82.7699,0.8767,81.5368,1.1663,80.329,12.3313,mid,high,low,1,1,0,1,2,1,0,1
3d7e7b87f7313f1f560a504968e2dc37,Adi Setiawan,89,3,F,single,t,87.11,Good,0,92.3367,87.952,85.3,91.9,92.4,99.7,0,88.9316,0.9478,89.454,0.9434,89.7247,-5.2241,mid,high,high,1,0,1,1,2,1,0,0
f1095d993e32b7c5a21be8ebb6112a50,Dewi Tampubolon,66,7,M,married,t,84.2,Good,1,61.1523,71.836,67.1,58.2,58.8,60.5,1,73.576,0.7695,71.2714,1.3769,72.6754,23.0463,senior,medium,low,0,1,0,1,2,2,2,1
ba291a1e69595aaf4e63fed47b9273ca,Rahmat Situmorang,77,11,M,married,t,84.57,Good,0,70.9044,65.629,77.2,47.0,90.6,68.8,0,74.7863,0.8634,73.4201,1.1927,77.7351,13.6615,veteran,medium,low,0,1,0,1,2,3,2,1
5e40118e6c7ae11c0a4ca353968b2a3d,Adi Situmorang,95,8,M,single,t,90.11,Excellent,0,60.2893,66.667,75.0,41.1,54.3,70.9,1,74.1306,0.7018,71.1486,1.4946,75.1991,29.8198,senior,high,low,1,1,1,1,1,2,0,1
61acca07bcc5f1eb256936fc98fbd2ca,Rizki Sitompul,92,5,F,married,t,85.6,Good,1,90.3791,72.684,94.1,78.5,92.6,96.3,1,83.1601,0.9522,83.6377,0.9472,87.9911,-4.7759,mid,high,high,1,0,0,1,2,1,0,0
a6827c70acc5148afe00a5e4e4270ada,Yanti Setiawan,107,8,F,single,t,86.3,Good,1,66.1053,59.411,65.0,69.3,57.6,72.5,0,72.1756,0.798,70.1559,1.3055,76.2037,20.197,senior,high,low,1,0,1,1,2,2,0,1
c8b1bea3a6dd14920d6010a769eeff16,Agus Saputra,91,2,F,single,t,77.77,Good,0,76.6562,73.861,90.8,83.4,59.1,73.4,1,76.2628,0.9889,76.1515,1.0145,77.2126,1.1128,junior,medium,medium,0,0,1,1,2,0,2,2
beadc62f7c4d3e25f400e0b988070292,Yudi Utama,100,4,M,single,f,37.54,Below Average,0,56.8693,54.812,65.7,67.6,49.4,44.8,0,48.5215,0.8067,50.4542,0.6602,47.2062,-19.3262,mid,low,low,0,1,1,0,3,1,1,1
6e42a078809bda22ee7d915987bed969,Widya Nasution,105,2,F,married,f,69.65,Average,0,76.6958,74.404,70.4,80.4,79.1,76.9,1,73.1885,0.9295,73.8935,0.9081,73.1709,-7.0497,junior,low,medium,0,0,0,0,0,0,1,2
a48ec49e7edaa772024f3cfe7e7a77fd,Citra Wijaya,70,6,M,married,t,91.96,Excellent,0,89.1765,99.713,89.6,94.3,88.0,84.9,1,93.4523,0.9721,93.1736,1.0313,90.5701,2.7872,senior,high,medium,1,1,0,1,1,2,0,2
086d71469d541e90d1b225aad0011662,Yudi Sitompul,99,4,M,single,t,90.92,Excellent,1,93.971,97.08,100.0,90.6,85.3,100.0,1,93.6851,0.9695,93.9898,0.9676,92.4477,-3.0466,mid,high,high,1,1,1,1,1,1,0,0
c97c50ed8ddfe938006a61a4b3affd1f,Hadi Permana,100,4,F,married,t,92.84,Excellent,0,79.0563,70.189,65.9,77.0,82.6,90.8,1,81.9092,0.8622,80.5309,1.1743,85.9479,13.7831,mid,high,medium,1,0,0,1,1,1,0,2
214baf394fe919ff5e4dc55f6036ac5a,Putri Manurung,74,2,F,single,t,65.77,Average,0,73.0769,53.807,65.9,68.5,82.6,75.2,1,64.3735,0.9269,65.1041,0.9,69.4237,-7.3064,junior,low,low,0,0,1,1,0,0,1,1
996e9d1a2ecb2f79e9ca700bfb366149,Putri Saputra,86,7,F,single,t,58.76,Below Average,0,63.0509,54.201,60.8,58.7,71.7,61.0,1,58.6815,0.9571,59.1101,0.932,60.9079,-4.286,senior,low,low,0,0,1,1,3,2,1,1
e4b34371e52590a5746dceadab514c8e,Budi Simanjuntak,97,7,F,married,f,66.78,Average,0,76.8544,63.512,68.3,67.8,84.8,86.6,1,68.8228,0.8993,69.83,0.8689,71.8184,-10.0719,senior,low,medium,0,0,0,0,0,2,1,2
c8d7ad11f132596794cf515442d8dab4,Rini Utama,93,10,M,married,t,74.53,Average,0,62.3659,47.867,72.6,65.3,49.6,62.0,0,62.8836,0.8783,61.6668,1.1951,68.4501,12.1684,senior,medium,low,0,1,0,1,0,2,2,1
b9be88e4a3bc133a21424bec4756ba50,Yudi Sutanto,80,3,O,married,t,66.49,Average,0,49.6517,39.096,41.5,41.0,51.3,64.8,1,53.2201,0.8316,51.5363,1.3391,58.0708,16.8382,mid,low,low,0,0,0,1,0,1,1,1
652e4a5b590a9fccb807529d6e63496a,Agus Nugraha,63,6,F,single,t,89.87,Good,0,85.0478,69.733,74.3,98.4,85.2,82.3,1,82.3808,0.9518,81.899,1.0567,87.457,4.8185,senior,high,medium,1,0,1,1,2,2,0,2
81cc67b300d5895c45d8e5a3586a20d7,Yanti Hutabarat,94,1,F,single,f,46.86,Below Average,0,50.841,48.818,58.7,40.1,37.3,67.2,1,48.6401,0.9602,49.0386,0.9216,48.8486,-3.9848,junior,low,low,0,0,1,0,3,0,1,1
db1d9e07e6aba181e2c97518abef4af3,Andi Harahap,73,11,M,married,t,100.0,Excellent,1,99.7341,94.37,100.0,100.0,100.0,98.9,1,98.2313,0.9973,98.2047,1.0027,99.8671,0.2659,veteran,high,high,1,1,0,1,1,3,0,0
66f1602ad8714832e4348bec3f729457,Yanti Nugraha,103,2,F,married,f,81.41,Good,0,82.2436,81.252,83.2,81.1,69.9,94.8,1,81.6123,0.9917,81.6958,0.9899,81.8263,-0.8346,junior,medium,medium,0,0,0,0,2,0,2,2
9130e6b9655e7e033d077c93bcec8810,Budi Saputra,90,6,M,single,f,72.18,Average,0,72.1058,52.619,87.8,72.6,46.9,81.1,0,66.2912,0.9992,66.2833,1.0011,72.1453,0.0789,senior,medium,low,0,1,1,0,0,2,2,1
1796c44040ad496c3c2dc9a8ab223aa2,Hendra Harahap,69,3,O,married,t,66.13,Average,0,58.683,73.586,54.8,57.9,63.9,58.1,1,66.1337,0.9255,65.3887,1.1269,62.4078,7.4497,mid,low,low,0,0,0,1,0,1,1,1
2c83e2e9c1dce573e9dda7b389caf176,Adi Sari,102,8,M,single,t,91.46,Excellent,1,71.1057,76.175,59.1,63.4,76.9,85.0,1,80.7681,0.7965,78.7327,1.2863,81.2827,20.3541,senior,high,low,1,1,1,1,1,2,0,1
3460b08b9b519ee91c4a85244a89668d,Eko Utama,105,3,M,widow,t,40.42,Below Average,0,23.4695,25.628,7.0,42.6,27.1,17.2,1,30.8955,0.8305,29.2009,1.7221,31.9428,16.9466,mid,low,low,0,1,2,1,3,1,1,1
9e152289c1c9e4f32322e63dd2da3330,Joko Setiawan,73,2,O,married,t,66.49,Average,0,66.8361,47.246,70.5,69.7,46.0,81.2,1,60.8195,0.9965,60.8544,0.9948,66.6617,-0.3486,junior,low,low,0,0,0,1,0,0,1,1
a56facc0ef111d82c0568acd0c4a671b,Rahmat Nugraha,107,2,M,married,f,67.11,Average,0,61.8216,39.409,58.0,49.2,75.6,64.5,1,57.2118,0.9472,56.6833,1.0855,64.464,5.2847,junior,low,low,0,1,0,0,0,0,1,1
ffbf04a50b4ea8dd615db6365d337981,Mega Rahayu,109,2,M,single,t,100.0,Excellent,0,83.3809,84.739,72.6,100.0,66.1,94.9,0,90.4359,0.8338,88.774,1.1993,91.6905,16.6191,junior,high,medium,1,1,1,1,1,0,0,2
20417aa368a620bfd47e2f9bf5765c42,Joko Wijaya,100,11,M,married,t,84.56,Good,0,89.0251,79.15,79.3,100.0,76.8,100.0,1,84.2749,0.9553,84.7219,0.9498,86.7904,-4.4696,veteran,medium,medium,0,1,0,1,2,3,2,2
cdc2661be8ade2e9f5ba9f6f9126173d,Sri Sutanto,67,8,F,married,t,60.11,Average,0,46.8225,27.898,51.1,39.6,43.1,53.4,1,46.4598,0.8671,45.1312,1.2838,53.4658,13.2866,senior,low,low,0,0,0,1,0,2,1,1
e9bf55d40f930c916d90793e9030b3cf,Suci Sari,89,4,F,married,t,86.61,Good,0,80.9496,79.029,67.3,75.8,96.3,84.4,1,82.6366,0.9434,82.0708,1.0699,83.7784,5.6575,mid,high,medium,1,0,0,1,2,1,0,2
c9ee275eeff471a0142710d6edf277e5,Suci Nugraha,100,3,F,married,t,64.63,Average,0,61.371,45.292,54.6,64.6,66.4,59.9,1,57.8511,0.9674,57.5252,1.0531,63.0008,3.2596,mid,low,low,0,0,0,1,0,1,1,1
107c5e659bb07d652f407875ded63dcb,Endang Sinaga,61,7,F,married,t,91.15,Excellent,0,91.1215,87.853,96.4,94.5,94.1,79.5,1,90.1523,0.9997,90.1494,1.0003,91.1359,0.0289,senior,high,high,1,0,0,1,1,2,0,0
626d30666583084f338a205f459c0615,Rini Wibowo,72,8,M,single,t,80.89,Good,0,75.5283,82.759,64.2,72.4,72.7,92.8,1,79.8432,0.9464,79.3068,1.071,78.2106,5.3644,senior,medium,medium,0,1,1,1,2,2,2,2
0cfeecabc62309f2448723e6786afd68,Joko Tampubolon,105,3,M,married,t,48.76,Below Average,0,42.9553,45.397,55.4,36.7,41.0,38.7,1,46.01,0.9419,45.4294,1.1352,45.858,5.8055,mid,low,low,0,1,0,1,3,1,1,1
8583873e6e0be1e5af5e29b5746a7330,Hadi Simanjuntak,86,12,M,married,t,100.0,Excellent,1,86.7963,97.551,75.2,90.3,92.1,89.5,1,95.3041,0.868,93.9838,1.1521,93.3982,13.2037,veteran,high,medium,1,1,0,1,1,3,0,2
41e1563af1d68701c4acb9aac488f985,Yudi Purnama,73,0,M,married,f,94.95,Excellent,0,78.006,78.286,78.6,89.7,72.4,71.4,1,84.8693,0.8305,83.1745,1.2173,86.4801,16.9482,junior,high,medium,1,1,0,0,1,0,0,2
580fc53a09ccef6c9f33fb848e524b88,Deni Sari,106,2,M,married,t,68.46,Average,0,66.7397,78.331,67.0,59.7,65.4,74.9,1,70.9064,0.9828,70.7341,1.0258,67.6011,1.7229,junior,low,low,0,1,0,1,0,0,1,1
8f8a512a9f6558f514257917a6d9e677,Zainal Pratama,107,5,O,married,t,53.31,Below Average,0,41.3891,35.375,48.1,26.5,49.6,41.3,1,44.3546,0.8808,43.1621,1.2881,47.3514,11.9246,mid,low,low,0,0,0,1,3,1,1,1
d3e137c3714395d50130054eb96caa1a,Rini Wibowo,93,0,F,married,t,48.9,Below Average,0,56.0192,46.123,37.0,46.6,67.9,72.5,1,50.2033,0.9288,50.915,0.873,52.4606,-7.1172,junior,low,low,0,0,0,1,3,0,1,1
d14cd0dabd5c0769f084afe992b3a487,Widya Nugraha,108,1,F,married,t,71.63,Average,0,59.6004,50.164,64.3,49.5,60.4,64.2,1,61.5815,0.8797,60.3785,1.2018,65.6153,12.0297,junior,medium,low,0,0,0,1,0,0,2,1
6ef1fc56b2380358244ec1cd566d56bf,Endang Setiawan,66,2,F,single,t,63.79,Average,0,74.3734,77.149,69.9,71.9,83.7,72.0,0,70.9744,0.8942,72.0323,0.8578,69.0839,-10.5789,junior,low,low,0,0,1,1,0,0,1,1
c00e55c5b00b99c70fc33ab8cc9e3667,Fajar Nasution,61,10,F,married,f,100.0,Excellent,0,100.0,100.0,100.0,100.0,100.0,100.0,1,100.0,1.0,100.0,1.0,100.0,0.0,senior,high,high,1,0,0,0,1,2,0,0
ae17870604692e1bd348cb0e795bdcae,Siti Simanjuntak,74,1,M,married,f,44.13,Below Average,0,49.765,44.144,36.6,50.7,41.1,70.7,1,45.8254,0.9437,46.3887,0.8868,46.9485,-5.6329,junior,low,low,0,1,0,0,3,0,1,1
bad739fdd5833b92f392a429ed19d99f,Budi Sutanto,99,10,M,married,t,77.12,Good,0,69.343,57.177,82.3,53.0,70.5,71.7,1,68.8025,0.9223,68.0252,1.1121,73.2295,7.7729,senior,medium,low,0,1,0,1,2,2,2,1
b33b82f675c116e3336e7b12f0bc7b5d,Sari Nasution,101,2,F,married,t,86.04,Good,1,81.0233,97.201,86.2,73.2,75.0,89.8,1,87.8846,0.9498,87.3826,1.062,83.5332,5.0198,junior,high,medium,1,0,0,1,2,0,0,2
e76a0757b6e07c87591057ac9d54b195,Sari Sutanto,94,2,M,married,t,98.12,Excellent,0,87.7874,80.389,100.0,63.2,88.2,99.8,1,89.7011,0.8967,88.6678,1.1177,92.9538,10.3328,junior,high,medium,1,1,0,1,1,0,0,2
e53de9bbaf28b09c205418cd29fc55f8,Rita Manurung,66,1,M,married,t,60.24,Average,0,53.5591,64.522,54.6,32.7,57.3,69.6,0,59.5194,0.9332,58.8515,1.1247,56.8983,6.6785,junior,low,low,0,1,0,1,0,0,1,1
997d979ddb33c6ed55cb2a7679283487,Andi Manurung,100,6,M,married,t,100.0,Excellent,0,86.5447,73.448,84.8,77.3,96.9,87.3,0,87.9979,0.8654,86.6524,1.1555,93.2724,13.4553,senior,high,medium,1,1,0,1,1,2,0,2
1a441685f0517625f1d2cbd2c8df424c,Suci Purnama,98,2,M,married,t,45.39,Below Average,0,61.6229,52.94,74.9,56.5,58.3,56.8,1,52.5246,0.8377,54.1479,0.7366,53.506,-16.2337,junior,low,low,0,1,0,1,3,0,1,1
879e0938dace8164697db11fcf86b970,Citra Permana,72,4,F,widow,f,86.64,Good,0,86.8165,90.783,73.6,92.3,93.6,87.8,1,87.9339,0.9982,87.952,0.9979,86.7259,-0.1813,mid,high,medium,1,0,2,0,2,1,0,2
840544bb562cefe7eb56dd1572be1f11,Bambang Sutanto,79,2,F,single,t,89.47,Good,0,77.1017,76.361,64.9,95.9,75.3,72.3,1,81.8261,0.8763,80.5894,1.1604,83.285,12.3664,junior,high,medium,1,0,1,1,2,0,0,2
969d269108dec6178e44b125a22a6c83,Kartini Permana,106,3,F,single,f,100.0,Excellent,0,90.7624,90.332,100.0,85.7,78.0,99.3,1,94.3284,0.9076,93.4046,1.1018,95.3812,9.2376,mid,high,high,1,0,1,0,1,1,0,0
3ba90fec60475ee020b86d7f1dd74e20,Citra Wijaya,91,15,M,married,t,69.36,Average,0,52.1087,53.738,68.0,47.8,46.4,46.2,1,59.4986,0.8275,57.7734,1.3311,60.7352,17.2528,veteran,low,low,0,1,0,1,0,3,1,1
fc9392c195fe794185e532bf8d7b0e73,Yanti Purnama,79,8,M,single,t,61.37,Average,0,67.6234,52.372,67.8,49.2,74.2,79.4,1,60.5449,0.9374,61.1707,0.9075,64.4945,-6.2578,senior,low,low,0,1,1,1,0,2,1,1
6446656934b7bf02f877aec2c3892226,Novi Rahayu,88,2,M,married,t,77.49,Good,0,71.8581,68.334,63.9,48.7,100.0,74.9,1,73.0553,0.9436,72.4917,1.0784,74.6763,5.6363,junior,medium,low,0,1,0,1,2,0,2,1
051f44c7f2b66123a56df51ec80f8ebb,Wati Hutabarat,108,7,M,married,f,68.26,Average,0,50.73,59.209,35.7,63.8,40.9,62.5,1,60.2858,0.8247,58.5328,1.3456,59.4952,17.5305,senior,low,low,0,1,0,0,0,2,1,1
bd02915643e3d0778d7be00504ef4bf4,Bambang Pratama,76,1,M,married,f,78.62,Good,0,68.0954,54.9,76.3,45.7,66.5,83.9,0,68.3475,0.8947,67.2948,1.1546,73.3588,10.5268,junior,medium,low,0,1,0,0,2,0,2,1
a8867170216d78fa29b8470660b22a86,Adi Sinaga,92,9,F,married,f,76.75,Good,0,75.9112,56.687,74.4,82.5,67.3,79.4,1,70.4813,0.9916,70.397,1.0111,76.3328,0.8432,senior,medium,medium,0,0,0,0,2,2,2,2
7441cbb4e5038c53db02b97730675b57,Maya Prasetyo,87,5,M,single,t,93.84,Excellent,0,90.5082,60.434,96.8,85.9,100.0,79.3,1,82.82,0.9666,82.4864,1.0369,92.1759,3.3354,mid,high,high,1,1,1,1,1,1,0,0
77edf21546b7afb9bcfdedf3dc9c3c73,Taufik Wibowo,66,10,M,married,t,34.26,Below Average,0,33.024,0.0,38.2,14.4,35.8,43.7,1,23.6116,0.9876,23.4879,1.0375,33.6425,1.2369,senior,low,low,0,1,0,1,3,2,1,1
f14106d426531d3b8bd620a1ccf72990,Zainal Sinaga,94,4,M,married,t,71.31,Average,0,61.6075,65.034,54.1,68.4,57.6,66.3,1,66.5167,0.903,65.5464,1.1575,66.459,9.7029,mid,medium,low,0,1,0,1,0,1,2,1
d2aabd57d40f42f5b5c83a440ebd59c0,Indra Saputra,71,3,M,married,t,68.86,Average,0,44.5378,49.466,42.0,28.8,52.1,55.3,1,55.7441,0.7568,53.3122,1.546,56.6975,24.3195,mid,low,low,0,1,0,1,0,1,1,1
5bcb3bce1fb33a2f241f4b5445809d52,Novi Wijaya,90,5,M,married,t,78.94,Good,0,79.1957,75.708,81.9,61.8,88.5,84.5,1,78.0456,0.9974,78.0716,0.9967,79.066,-0.2592,mid,medium,medium,0,1,0,1,2,1,2,2
779ca9b64d3a95942e2c69bd05e8c3a0,Citra Prasetyo,90,1,M,married,t,98.3,Excellent,1,89.8516,100.0,79.2,96.3,83.9,100.0,1,96.2736,0.9156,95.4292,1.094,94.0734,8.4437,junior,high,medium,1,1,0,1,1,0,0,2
c1e196b34a5a5bf6b90821837a23d1c5,Deni Utama,90,5,M,single,f,69.05,Average,0,65.989,59.342,71.7,41.5,69.8,81.0,1,65.2199,0.9694,64.9136,1.0464,67.5203,3.0626,mid,low,low,0,1,1,0,0,1,1,1
e802a594fd4f68c2e59e19f78b03d492,Ratna Yuliana,92,6,M,married,f,66.5,Average,0,77.9569,71.465,78.8,67.0,82.5,83.5,1,71.4246,0.8854,72.5708,0.853,72.2262,-11.4613,senior,low,medium,0,1,0,0,0,2,1,2
feb7d92f549d2e59fbdf62618c613111,Ahmad Manurung,77,4,F,single,t,60.68,Average,1,77.416,82.861,92.0,66.2,73.6,77.8,0,72.3545,0.8326,74.0283,0.7838,69.0472,-16.7375,mid,low,medium,0,0,1,1,0,1,1,2
6a6863d246b9baa087ecfbdc911cf0bb,Rahmat Susanto,76,3,F,married,t,70.81,Average,1,77.8959,67.103,83.9,71.4,75.4,80.9,1,71.8235,0.9291,72.5322,0.909,74.3526,-7.0865,mid,medium,medium,0,0,0,1,0,1,2,2
e41f0230c83141e09cbff2f9fd78b9ce,Dewi Simanjuntak,98,1,M,married,t,78.34,Good,0,70.5435,84.16,72.6,73.9,47.7,88.0,1,77.7472,0.922,76.9675,1.1105,74.4421,7.7971,junior,medium,low,0,1,0,1,2,0,2,1
e1afe8baa9f12d6f8067785beeaad525,Hadi Sitompul,77,7,F,married,t,74.75,Average,0,56.1748,38.722,65.5,59.6,44.4,55.2,1,58.3696,0.8142,56.5119,1.3307,65.4631,18.5765,senior,medium,low,0,0,0,1,0,2,2,1
603527b002b2ff1dbb161279e20ee0f2,Nina Utama,62,14,M,single,t,66.95,Average,0,51.6118,55.508,56.5,25.2,64.2,60.5,1,58.9161,0.8466,57.3822,1.2972,59.2812,15.3387,veteran,low,low,0,1,1,1,0,3,1,1
9d15554fa0bca0eb584b07eb69b1738d,Eko Wibowo,61,0,F,widow,t,80.37,Good,0,84.5897,92.252,93.1,73.1,75.9,96.2,1,85.2014,0.9578,85.6232,0.9501,82.4808,-4.2178,junior,medium,medium,0,0,2,1,2,0,2,2
32a1ace7e3c7c41ad3bfd480cf75eb45,Rahmat Sutanto,65,13,F,married,t,82.67,Good,0,67.5261,79.265,72.8,44.8,62.2,90.2,1,77.1072,0.8485,75.5923,1.2243,75.1004,15.1486,veteran,medium,low,0,0,0,1,2,3,2,1
0f1d0449674f7c96fc7b84f84b65dbbf,Indra Harahap,108,8,F,married,t,59.09,Below Average,0,52.7148,63.906,56.5,52.6,38.4,63.5,1,58.6216,0.9363,57.9842,1.1209,55.9016,6.3735,senior,low,low,0,0,0,1,3,2,1,1
84510cd57021a05829392799a50fff33,Vina Pratama,74,1,M,married,f,88.11,Good,0,79.1563,94.305,80.8,85.5,69.6,80.7,1,87.2807,0.9105,86.3857,1.1131,83.6308,8.949,junior,high,medium,1,1,0,0,2,0,0,2
d407abae134bcc901dee3d361fdc45f6,Fitri Nasution,63,8,M,married,t,76.48,Good,0,63.5505,71.07,76.9,65.4,59.4,52.5,1,70.9801,0.8707,69.6866,1.2035,70.0176,12.9343,senior,medium,low,0,1,0,1,2,2,2,1
9c3551a229ea3cc50d868b441a0eebb5,Sari Utama,84,7,O,single,t,62.36,Average,0,48.7744,62.892,41.2,44.9,43.0,66.1,1,58.4449,0.8641,57.0861,1.2786,55.5683,13.5877,senior,low,low,0,0,1,1,0,2,1,1
b242c7debb43f656c798a8a8579a46e4,Suci Yuliana,88,3,M,married,t,57.37,Below Average,0,54.8729,47.488,56.7,50.9,58.3,53.5,1,53.6567,0.975,53.4069,1.0455,56.1222,2.4985,mid,low,low,0,1,0,1,3,1,1,1
bb9646280f580ca305538767fc389596,Joko Sinaga,89,4,M,single,f,74.42,Average,0,67.9923,64.18,56.0,61.7,77.0,77.3,1,69.4181,0.9358,68.7757,1.0945,71.204,6.4234,mid,medium,low,0,1,1,0,0,1,2,1
9eb5feed37aa70ca7ecfd700b6e1ff2f,Budi Nasution,71,5,M,married,f,65.52,Average,0,67.6756,70.309,65.1,69.6,85.6,50.4,1,67.6044,0.9785,67.8197,0.9682,66.5989,-2.1533,mid,low,low,0,1,0,0,0,1,1,1
5e0d51802986fff078fe35233c313551,Tri Pratama,75,5,M,married,t,99.06,Excellent,0,79.5749,65.437,67.9,89.2,67.8,93.5,1,83.1283,0.8051,81.1796,1.2449,89.3184,19.487,mid,high,medium,1,1,0,1,1,1,0,2
7d4b7d34fb7d54a950c915c5c88e8ef0,Bambang Simanjuntak,74,5,M,single,t,100.0,Excellent,0,97.7715,80.606,100.0,100.0,100.0,91.1,1,93.5131,0.9777,93.2903,1.0228,98.8858,2.2285,mid,high,high,1,1,1,1,1,1,0,0
b5e84d2db1027bb22a09b69283b2cd03,Fajar Pratama,77,8,F,married,t,100.0,Excellent,0,98.4961,92.277,100.0,100.0,100.0,94.0,1,97.2321,0.985,97.0817,1.0153,99.2481,1.5039,senior,high,high,1,0,0,1,1,2,0,0
7560d4af1689a5a02c67a0609f8dccef,Hadi Wijaya,94,8,F,married,t,84.16,Good,0,81.1245,60.706,81.1,97.2,73.3,72.9,1,76.2124,0.9697,75.9091,1.0374,82.6413,3.0334,senior,medium,medium,0,0,0,1,2,2,2,2
b263e5bb8712a0b56c76f216601f270d,Andi Tampubolon,64,8,M,married,t,83.02,Good,1,66.2097,54.098,53.4,67.6,74.3,69.5,0,69.3014,0.8319,67.6201,1.2539,74.6163,16.8133,senior,medium,low,0,1,0,1,2,2,2,1
58aa3c51f32c32c7e4051c531743be4d,Lina Susanto,105,9,M,widow,t,100.0,Excellent,0,81.966,65.058,97.0,70.2,93.3,67.4,1,84.1071,0.8197,82.3037,1.22,90.983,18.034,senior,high,medium,1,1,2,1,1,2,0,2
bd447dcc7f291b5907fef9c18dee3385,Dewi Wibowo,81,0,M,single,t,98.14,Excellent,1,88.5776,80.859,90.0,86.8,92.6,84.9,1,90.0874,0.9044,89.131,1.108,93.3594,9.5635,junior,high,medium,1,1,1,1,1,0,0,2
a126f795e864f6cc463db668d7beac70,Zainal Nugraha,82,5,M,married,t,91.1,Excellent,0,93.2131,88.839,77.2,95.6,100.0,100.0,1,91.0543,0.9788,91.2659,0.9773,92.1547,-2.1168,mid,high,high,1,1,0,1,1,1,0,0
7ea747d242037f1202cd4dfd3616f658,Hadi Susanto,78,2,M,single,t,97.64,Excellent,0,86.6437,78.5,75.9,97.4,73.3,100.0,1,88.5973,0.8901,87.4982,1.1269,92.1396,10.9918,junior,high,medium,1,1,1,1,1,0,0,2
c470f98ccff2a571608b2b1ec0ac2bbe,Tri Manurung,61,0,F,married,t,77.43,Good,0,74.0283,73.369,71.9,62.8,84.4,77.0,1,75.191,0.966,74.8509,1.0459,75.729,3.4015,junior,medium,low,0,0,0,1,2,0,2,1
13439d9ebe07e9a05a2e2b25ed012948,Kartini Utama,104,11,M,single,t,85.94,Good,1,83.3536,85.61,100.0,79.0,75.2,79.3,1,85.0663,0.9741,84.8074,1.0311,84.6483,2.5895,veteran,high,medium,1,1,1,1,2,3,0,2
024eb3af058027ed0e8e28f2b5598475,Ratna Utama,90,6,F,married,t,89.86,Good,0,77.5507,72.588,87.5,51.2,79.7,91.8,1,80.9871,0.8769,79.7558,1.1588,83.7071,12.3127,senior,high,medium,1,0,0,1,2,2,0,2
0da783b254d7f2370993588ff659d541,Yanti Nugraha,82,3,F,married,f,79.89,Good,0,78.6773,78.494,90.9,70.1,65.7,88.1,1,79.1059,0.9879,78.985,1.0154,79.2818,1.209,mid,medium,medium,0,0,0,0,2,1,2,2
b0b09c015b2e9e4af669724bc603f408,Rahmat Yuliana,100,1,F,married,t,64.05,Average,1,47.2534,34.852,53.9,32.1,44.1,59.0,1,50.2519,0.832,48.5722,1.3555,55.6522,16.7977,junior,low,low,0,0,0,1,0,0,1,1
f1532db60ec36c4c12b9731bf010caf7,Rita Purnama,79,0,F,married,t,63.08,Average,0,52.1438,46.582,38.4,50.2,67.4,52.6,1,54.8516,0.8906,53.7575,1.2098,57.6143,10.9408,junior,low,low,0,0,0,1,0,0,1,1
d4e358b4d679ba67d3ef0b7dc2123bbd,Hendra Utama,108,6,M,widow,t,42.09,Below Average,0,32.709,39.26,30.9,38.6,26.1,35.2,1,38.4259,0.9062,37.488,1.2867,37.3985,9.3789,senior,low,low,0,1,2,1,3,2,1,1
c80aee4517c3d1f7156e293a33ecb126,Joko Hutabarat,104,4,M,single,t,100.0,Excellent,1,83.3508,95.381,67.4,87.4,93.9,84.6,0,93.6196,0.8335,91.9547,1.1997,91.6754,16.6492,mid,high,medium,1,1,1,1,1,1,0,2
9abb8077cc3a3e449702c2f77c96587d,Yanti Sutanto,65,5,M,single,f,71.93,Average,0,71.8083,69.246,58.6,68.8,81.9,77.9,1,71.0893,0.9988,71.0769,1.0017,71.8706,0.1246,mid,medium,low,0,1,1,0,0,1,2,1
9fc60bc49eceedc90870007614703278,Putri Permana,89,0,M,single,t,77.04,Good,0,82.2523,77.536,92.0,95.3,50.8,90.9,1,78.7546,0.9479,79.2753,0.9367,79.6487,-5.2073,junior,medium,medium,0,1,1,1,2,0,2,2
27d44ace6167cdab4815ab17fdfc6870,Sri Saputra,103,3,M,single,t,73.31,Average,0,86.0609,70.82,71.9,87.7,96.8,87.9,1,76.3868,0.8725,77.6623,0.8518,79.6837,-12.7545,mid,medium,medium,0,1,1,1,0,1,2,2
2b166e108a5c407ef9c835e624f5740a,Sari Simanjuntak,71,2,F,married,t,67.36,Average,0,71.7095,55.509,74.8,55.9,69.4,86.7,1,65.1112,0.9565,65.5457,0.9394,69.5366,-4.3458,junior,low,low,0,0,0,1,0,0,1,1
c4cddb87f09b56d95f276cfbe3f1000d,Zainal Nasution,63,3,F,single,t,28.9,Below Average,0,28.5849,51.794,13.6,9.3,37.3,54.1,1,35.6723,0.9969,35.6411,1.0109,28.7408,0.3119,mid,low,low,0,0,1,1,3,1,1,1
5d602fe5fe907bc1eccb1e7e606dddae,Rizki Yuliana,96,3,M,married,t,43.59,Below Average,0,54.0109,42.756,62.6,48.5,56.6,48.4,1,46.465,0.8958,47.5074,0.807,48.7993,-10.4233,mid,low,low,0,1,0,1,3,1,1,1
6da7d434eaa4616e1968f9c1274aa5e8,Adi Harahap,105,10,F,single,t,91.49,Excellent,0,67.694,76.906,75.6,62.4,51.2,81.6,1,79.9744,0.7621,77.5952,1.3515,79.59,23.7919,senior,high,low,1,0,1,1,1,2,0,1
6b2e8152b083b9e533fb03f840592d1e,Tri Sitompul,107,5,F,single,t,80.46,Good,0,79.1132,61.752,79.7,82.3,71.8,82.7,1,74.4453,0.9865,74.3102,1.0171,79.789,1.3516,mid,medium,medium,0,0,1,1,2,1,2,2
540cf91ea09f3652411b62aab49c582a,Sari Sinaga,63,2,M,single,t,82.31,Good,0,77.876,76.674,68.6,77.6,66.6,98.7,1,79.2903,0.9556,78.8465,1.057,80.0948,4.4375,junior,medium,medium,0,1,1,1,2,0,2,2
6e82348fa9afad4833df73d93692340e,Sri Susanto,92,4,F,married,t,79.58,Good,0,72.8604,96.445,69.8,85.3,66.7,69.6,1,82.6237,0.9328,81.9517,1.0922,76.2204,6.72,mid,medium,low,0,0,0,1,2,1,2,1
ebb2254acebf24d779e8a1d5121e1106,Yudi Susanto,70,15,M,married,t,94.57,Excellent,1,73.1949,93.011,57.6,82.8,74.9,77.4,1,87.6913,0.7862,85.5534,1.2921,83.8843,21.3788,veteran,high,low,1,1,0,1,1,3,0,1
a07551ae35ee890becfdf16b71d80ec5,Eko Harahap,74,3,M,married,t,63.14,Average,0,60.5858,64.108,52.0,64.2,63.9,62.2,0,62.6648,0.9744,62.4093,1.0422,61.8636,2.5555,mid,low,low,0,1,0,1,0,1,1,1
04f77d02e5e03244c684796ff169dbfd,Agus Situmorang,88,2,M,married,t,57.16,Below Average,0,55.329,61.962,35.4,63.7,53.4,68.8,1,58.0511,0.9817,57.8681,1.0331,56.2442,1.8305,junior,low,low,0,1,0,1,3,0,1,1
ed28587afd20a41c868b174600e8dc18,Adi Sari,62,5,F,married,t,52.57,Below Average,0,55.2395,33.912,70.1,55.3,52.0,43.6,1,47.7745,0.9733,48.0412,0.9517,53.9061,-2.6669,mid,low,low,0,0,0,1,3,1,1,1
9eb99be1cf8050f7156fee199711ec27,Rahmat Putra,84,3,F,married,t,87.46,Good,0,65.7126,74.877,62.6,72.6,65.2,62.4,1,77.1627,0.7825,74.9875,1.331,76.5886,21.7521,mid,high,low,1,0,0,1,2,1,0,1
63a9538d46b094e2eb5e1d167e32550a,Indra Tampubolon,75,11,F,single,t,74.12,Average,0,68.065,68.087,52.7,74.9,64.2,80.5,1,70.4922,0.9395,69.8871,1.0889,71.0907,6.0514,veteran,medium,low,0,0,1,1,0,3,2,1
150fd443ff76d9507213e157aed9bae3,Adi Purnama,72,3,M,married,t,67.77,Average,0,68.9891,78.978,73.2,59.0,74.9,68.9,1,71.4986,0.9878,71.6203,0.9823,68.3803,-1.2178,mid,low,low,0,1,0,1,0,1,1,1
e3016eacaeb09883f8635a097788cc32,Deni Manurung,109,1,M,widow,t,49.32,Below Average,1,52.7789,52.234,39.8,61.2,51.0,59.2,1,51.2298,0.9654,51.5762,0.9344,51.047,-3.4637,junior,low,low,0,1,2,1,3,0,1,1
2960d515d3366813dd6b9cf3d5d1e510,Rini Yuliana,93,7,F,single,t,63.09,Average,0,62.3283,58.676,63.1,80.2,51.5,54.5,1,61.539,0.9923,61.4624,1.0123,62.7113,0.7659,senior,low,low,0,0,1,1,0,2,1,1
6fdf996df751e6ed8f063d631cd2f9c6,Ratna Sinaga,73,5,M,married,t,83.97,Good,0,82.3334,70.134,81.6,79.6,84.3,83.8,1,79.3275,0.9837,79.164,1.0199,83.1507,1.6346,mid,medium,medium,0,1,0,1,2,1,2,2
450faf4e1433c1c3fc7d70fe8ff76146,Eko Nugraha,103,5,F,married,t,85.46,Good,1,90.004,84.683,96.5,90.0,88.0,85.5,1,86.5896,0.9545,87.0442,0.9495,87.7314,-4.5453,mid,high,high,1,0,0,1,2,1,0,0
ee242a0b67904e983c263346404fe4d8,Eko Hutabarat,64,10,F,widow,t,100.0,Excellent,0,72.4066,60.612,46.7,78.0,87.6,77.4,0,79.9056,0.7241,77.1462,1.3811,86.2033,27.5934,senior,high,low,1,0,2,1,1,2,0,1
ba7982b924a8f2510c060cf42c581812,Citra Utama,66,4,M,single,t,82.14,Good,0,67.3804,36.814,83.2,74.0,60.0,52.3,0,64.113,0.8524,62.6374,1.219,74.7584,14.7561,mid,medium,low,0,1,1,1,2,1,2,1
d25d19387ad32cc4366ff5193a0fe467,Kartini Permana,68,5,M,single,t,92.88,Excellent,0,84.2218,85.172,88.2,86.1,80.2,82.4,0,87.97,0.9134,87.1042,1.1028,88.5508,8.6579,mid,high,medium,1,1,1,1,1,1,0,2
1f1886346d063ee0861fbfcde5292d68,Deni Sitompul,72,10,F,single,t,61.44,Average,0,59.1494,43.833,61.2,53.1,54.7,67.6,1,55.471,0.9771,55.2419,1.0387,60.295,2.2912,senior,low,low,0,0,1,1,0,2,1,1
933677908878fde8ccbd5c8038f29c81,Ahmad Hutabarat,96,11,F,married,t,68.24,Average,0,60.9518,68.185,70.0,57.9,41.2,74.8,0,66.0374,0.9271,65.3085,1.1196,64.5964,7.2892,veteran,low,low,0,0,0,1,0,3,1,1
ea1130d80c01ca58aec168683f5ef2d7,Irwan Setiawan,96,6,M,married,t,81.15,Good,0,80.3924,74.549,57.8,88.0,87.3,88.5,1,78.9437,0.9924,78.8676,1.0095,80.7726,0.7605,senior,medium,medium,0,1,0,1,2,2,2,2
fd1bc38a0b37b2c297e213c6c80f8702,Sri Wibowo,75,1,F,married,t,49.56,Below Average,1,77.9146,77.789,63.9,92.9,71.7,83.1,1,66.5344,0.7164,69.3701,0.6361,63.7363,-28.3566,junior,low,medium,0,0,0,1,3,0,1,2
a5bc7a437551fd3766d6e790e3cfe651,Citra Utama,61,6,M,single,t,100.0,Excellent,1,96.6119,96.067,100.0,86.4,100.0,100.0,1,97.8037,0.9661,97.4649,1.0351,98.3059,3.3881,senior,high,high,1,1,1,1,1,2,0,0
e336ed3f00edd3402064edab0b7dd1d7,Lina Tampubolon,93,5,M,married,t,89.28,Good,0,70.8571,81.139,61.9,71.2,69.9,80.4,1,81.3105,0.8158,79.4683,1.26,80.0681,18.422,mid,high,low,1,1,0,1,2,1,0,1
36bd95df1a7e1c7c985cd60a30eb5eb5,Rizki Sutanto,66,4,F,married,t,29.66,Below Average,0,44.5522,36.601,64.0,40.2,29.6,44.5,1,36.2094,0.8511,37.6988,0.6657,37.1056,-14.8931,mid,low,low,0,0,0,1,3,1,1,1
06e05ba1c439cddc455160f52167e33d,Tri Susanto,91,6,M,single,t,82.35,Good,0,65.6616,69.305,69.2,56.4,64.9,72.1,1,73.4307,0.8331,71.7617,1.2542,74.0066,16.6899,senior,medium,low,0,1,1,1,2,2,2,1
3d71bcf0a68b7ea277121a3eeb9c7f7c,Zainal Sinaga,105,11,M,single,t,87.45,Good,1,74.2005,80.159,56.9,92.5,62.4,84.9,0,81.2864,0.8675,79.9618,1.1785,80.8235,13.246,veteran,high,low,1,1,1,1,2,3,0,1
78b26c85293259f308516ae9f02d7a2e,Hendra Pratama,108,7,F,single,f,21.82,Below Average,0,27.6641,32.933,33.0,30.3,20.9,26.4,0,26.9066,0.9415,27.4911,0.7887,24.7414,-5.8454,senior,low,low,0,0,1,0,3,2,1,1
8a27ae75e88f7629d7dfa4f784e00dc9,Wati Yuliana,64,6,M,married,t,76.25,Good,0,61.9104,69.448,66.0,71.6,36.1,73.9,1,69.908,0.8566,68.4739,1.2316,69.0808,14.3409,senior,medium,low,0,1,0,1,2,2,2,1
21916873380e5f70091822d22db192f7,Eko Harahap,69,14,F,married,t,100.0,Excellent,1,100.0,100.0,100.0,100.0,100.0,100.0,1,100.0,1.0,100.0,1.0,100.0,0.0,veteran,high,high,1,0,0,1,1,3,0,0
06433192648cb36a10fd469537ccb03e,Endang Wijaya,78,6,M,married,t,63.32,Average,0,60.4236,54.224,54.4,64.5,61.6,61.2,1,59.7241,0.971,59.434,1.048,61.8742,2.9013,senior,low,low,0,1,0,1,0,2,1,1
9c99efb534c050466ea7bf4293e9ef47,Umi Utama,99,6,M,married,t,100.0,Excellent,0,74.7308,63.095,100.0,63.9,71.0,64.0,1,81.3476,0.7473,78.8207,1.3381,87.3654,25.2692,senior,high,low,1,1,0,1,1,2,0,1
ada28294af068ea901aafc3e4be91153,Vina Putra,82,8,M,married,t,78.5,Good,0,92.2128,85.104,83.0,90.6,95.2,100.0,1,84.5951,0.8629,85.9664,0.8513,85.3565,-13.7126,senior,medium,high,0,1,0,1,2,2,2,0
21cc579e0882fe0aeb0dc6199d280e2a,Wati Yuliana,65,13,M,single,f,73.32,Average,0,49.9486,58.123,46.2,46.8,44.1,62.7,1,61.7491,0.7663,59.4121,1.4679,61.6339,23.3706,veteran,medium,low,0,1,1,0,0,3,2,1
b29458d09c5462741f5eed2a111a2aa2,Anita Prasetyo,81,4,F,married,t,77.91,Good,0,74.6297,71.326,58.3,64.3,86.8,89.0,1,74.9502,0.9672,74.6223,1.0439,76.2693,3.2792,mid,medium,low,0,0,0,1,2,1,2,1
7beba676f0b07f6747977bc0c08da618,Zainal Wibowo,107,4,M,single,t,100.0,Excellent,1,92.2054,69.959,100.0,68.8,100.0,100.0,1,88.6493,0.9221,87.8699,1.0845,96.1027,7.7946,mid,high,high,1,1,1,1,1,1,0,0
bdf81131caac57afab8646ebba80bc49,Wati Tampubolon,107,6,F,married,t,100.0,Excellent,1,92.5978,89.75,90.0,95.7,96.7,88.1,1,94.7044,0.926,93.9642,1.0799,96.2989,7.4022,senior,high,high,1,0,0,1,1,2,0,0
6d0acc1ba2b13653a2108b5067257455,Nina Nugraha,73,4,F,single,t,89.39,Good,0,88.9476,76.276,74.4,99.6,95.2,86.5,0,85.3223,0.9956,85.2782,1.005,89.1678,0.4404,mid,high,medium,1,0,1,1,2,1,0,2
086199155cbd21cfcdaff2a479f86142,Rini Nugraha,102,5,F,single,t,71.27,Average,0,53.9888,63.295,41.8,60.7,66.5,47.0,0,63.6934,0.8272,61.9652,1.3201,62.6296,17.2818,mid,medium,low,0,0,1,1,0,1,2,1
2c570d8ae0b4281b9c28457e37f50ff6,Ratna Putra,86,3,F,single,t,100.0,Excellent,1,81.4884,86.707,73.8,72.8,90.0,89.2,0,90.4585,0.8149,88.6074,1.2272,90.7442,18.5116,mid,high,medium,1,0,1,1,1,1,0,2
4030a693391f099d7000e2a6d0080ee1,Irwan Simanjuntak,62,5,F,married,t,80.96,Good,0,85.791,100.0,86.4,89.7,71.0,96.0,1,88.1232,0.9517,88.6059,0.9437,83.3779,-4.8262,mid,medium,medium,0,0,0,1,2,1,2,2
bf9dc519661070237a4d57fd41fe2a3d,Adi Putra,87,0,F,single,t,90.7,Excellent,0,87.2647,91.676,66.9,95.7,86.4,100.0,1,89.9634,0.9656,89.6196,1.0394,88.9838,3.4383,junior,high,medium,1,0,1,1,1,0,0,2
059dc56628e324f945f1e3a4509d28c0,Yuni Sinaga,73,0,F,married,t,76.18,Good,0,69.6606,70.603,71.8,69.8,63.3,73.7,1,72.5513,0.9348,71.8994,1.0936,72.9205,6.5198,junior,medium,low,0,0,0,1,2,0,2,1
d0e5046e18c3820dbeece1b6fee22dbd,Lina Purnama,70,5,F,single,f,85.69,Good,1,74.6213,74.129,81.3,82.5,73.3,61.3,1,78.8995,0.8894,77.793,1.1483,80.1537,11.0648,mid,high,low,1,0,1,0,2,1,0,1
df77fc3c3673aa392cf34d9a8abcbe84,Mega Yuliana,87,9,M,married,t,86.95,Good,0,74.0374,62.945,63.8,62.2,100.0,70.1,0,75.8762,0.8708,74.5845,1.1745,80.4957,12.9166,senior,high,low,1,1,0,1,2,2,0,1
0da8e1f79df8e184f17450675e81f085,Citra Sitompul,100,1,M,married,t,70.17,Average,0,68.3625,78.578,64.9,70.6,69.0,69.0,1,72.1508,0.9819,71.9699,1.0265,69.2669,1.8088,junior,medium,low,0,1,0,1,0,0,2,1
3f75dc6168a9fc6dc29533353b05867a,Andi Prasetyo,93,9,M,single,t,89.32,Good,0,76.3253,76.358,74.8,75.2,81.1,74.2,1,81.5346,0.87,80.2347,1.1703,82.8245,12.9984,senior,high,medium,1,1,1,1,2,2,0,2
a8e0bcbc707a2545087739d355610ba7,Fajar Permana,63,1,F,married,t,73.05,Average,0,71.7705,68.857,93.7,71.8,59.6,62.0,1,71.4073,0.9872,71.2796,1.0178,72.4089,1.2769,junior,medium,low,0,0,0,1,0,0,2,1
d87289fd7a0fcb9c3d034e98119cf648,Citra Utama,72,3,M,married,f,93.11,Excellent,0,76.4468,75.012,72.5,94.5,66.6,72.2,1,82.6822,0.8334,81.0157,1.218,84.7791,16.6646,mid,high,medium,1,1,0,0,1,1,0,2
1f755172f6485387da58da0bfaa4290e,Citra Utama,78,3,M,married,t,66.59,Average,0,57.2282,57.626,60.9,54.2,56.3,57.5,1,61.0909,0.9064,60.1551,1.1635,61.9076,9.3587,mid,low,low,0,1,0,1,0,1,1,1
7367cc5a18c433d0f0dddcc61e8c6f97,Taufik Harahap,73,9,O,married,t,75.11,Good,0,55.2545,47.425,64.1,50.2,47.4,59.3,1,60.8484,0.8014,58.8627,1.3594,65.1829,19.8567,senior,medium,low,0,0,0,1,2,2,2,1
3b03fb0ffc89b2fadafa75ef223a6877,Mega Wijaya,106,3,M,married,f,43.95,Below Average,0,52.2843,46.176,54.8,53.2,46.7,54.5,1,47.1161,0.9166,47.95,0.8405,48.1149,-8.3388,mid,low,low,0,1,0,0,3,1,1,1
36b47493c7584a87ec73892fb56c06de,Rizki Sinaga,99,8,M,single,t,89.61,Good,0,73.6125,80.377,86.0,76.4,60.7,71.4,1,82.0414,0.84,80.4416,1.2173,81.612,15.9989,senior,high,low,1,1,1,1,2,2,0,1
26c23b04c4e14d8ce634a984db7c444f,Anita Prasetyo,85,5,M,single,t,79.29,Good,0,91.3156,100.0,85.3,100.0,95.1,84.9,1,89.11,0.8797,90.3127,0.8683,85.3019,-12.0273,mid,medium,high,0,1,1,1,2,1,2,0
5618e6a7af0ed6b53b861f388cbfbd2b,Yudi Setiawan,78,5,F,single,t,89.08,Good,0,78.5089,57.94,85.6,71.2,80.9,76.2,0,76.5661,0.8943,75.5091,1.1346,83.7939,10.57,mid,high,medium,1,0,1,1,2,1,0,2
22ade6d19a8cca0aabe89ea0da0a55f8,Zainal Purnama,81,1,M,single,f,99.16,Excellent,0,84.4823,67.154,85.6,85.5,83.2,83.7,1,85.154,0.8532,83.6865,1.1737,91.82,14.6753,junior,high,medium,1,1,1,0,1,0,0,2
ef528cb5236c6079f5f23bfac34a4ee9,Dewi Harahap,79,6,O,married,f,53.86,Below Average,0,64.7428,43.973,69.9,57.6,63.4,68.0,1,54.1599,0.8912,55.2479,0.8319,59.3027,-10.8801,senior,low,low,0,0,0,0,3,2,1,1
d6c98c965d0a434c46f552b239403156,Zainal Wibowo,90,2,M,married,t,63.72,Average,0,67.6176,63.268,76.8,68.3,47.8,77.5,1,64.7555,0.9611,65.1448,0.9424,65.671,-3.8932,junior,low,low,0,1,0,1,0,0,1,1
3521a5fb783430f378ee6badd10991be,Hendra Susanto,90,2,M,married,t,60.62,Average,0,73.5226,74.117,70.6,63.5,59.9,100.0,1,68.5419,0.871,69.8317,0.8246,67.0737,-12.8978,junior,low,low,0,1,0,1,0,0,1,1
ace98d21e4ab86b2b7449b20dd17d54f,Novi Sari,61,7,M,married,t,88.48,Good,0,78.9698,72.846,80.0,76.0,77.3,82.6,1,80.9387,0.9049,79.9873,1.1205,83.7273,9.5149,senior,high,medium,1,1,0,1,2,2,0,2
36961dcc118a30737329c46ca5100dd4,Andi Purnama,80,3,F,married,t,73.8,Average,0,69.9692,69.026,73.5,79.0,48.7,78.6,0,71.2187,0.9617,70.8356,1.0548,71.8849,3.8313,mid,medium,low,0,0,0,1,0,1,2,1
799a19b295e007603880d765ef114564,Yudi Utama,64,9,M,married,f,62.77,Average,0,47.7623,52.112,57.7,34.9,58.0,40.4,1,55.0702,0.8499,53.5695,1.3142,55.266,15.0073,senior,low,low,0,1,0,0,0,2,1,1
f9ab2205e6dcb6a06b01ab25b666d743,Putri Tampubolon,96,10,M,single,t,84.76,Good,0,84.2539,74.347,91.1,93.0,71.5,81.4,1,81.4829,0.995,81.4326,1.006,84.5054,0.5029,senior,medium,medium,0,1,1,1,2,2,2,2
e3a832c5f17f1a88fc53891430d6dd9a,Mega Saputra,67,9,M,widow,t,86.99,Good,1,71.2574,88.325,64.3,77.8,66.7,76.2,1,82.67,0.8427,81.0969,1.2208,79.1227,15.7308,senior,high,low,1,1,2,1,2,2,0,1
57cf7902ce8c4e8182b9e55cc8c089df,Nina Nugraha,80,3,M,married,f,59.84,Below Average,0,56.8583,45.633,63.7,52.9,52.9,57.9,1,54.6846,0.9702,54.3862,1.0525,58.3505,2.9845,mid,low,low,0,1,0,0,3,1,1,1
791464ad90d92758f57c927e76a3561a,Novi Sinaga,81,2,M,single,t,96.06,Excellent,1,82.7619,68.978,76.1,98.1,73.4,83.5,1,83.9469,0.867,82.6169,1.1607,89.4121,13.3004,junior,high,medium,1,1,1,1,1,0,0,2
b9388027e14bb59b0f2b7a266ff2b70c,Rahmat Purnama,99,3,F,single,t,70.82,Average,0,55.4697,69.727,69.4,60.3,45.9,46.3,1,65.8886,0.8465,64.3531,1.2768,63.1468,15.3542,mid,medium,low,0,0,1,1,0,1,2,1
927caeb64cf223b52fdc51e88be5c985,Novi Sinaga,89,2,F,single,t,100.0,Excellent,0,81.6395,82.227,96.1,65.7,84.8,79.9,1,89.1601,0.8164,87.324,1.2249,90.8197,18.3605,junior,high,medium,1,0,1,1,1,0,0,2
e822df479fb47d4078e46d2cae1405b5,Hendra Nasution,109,2,F,married,t,100.0,Excellent,1,92.0598,99.247,85.8,100.0,100.0,82.5,1,97.392,0.9206,96.598,1.0863,96.0299,7.9402,junior,high,high,1,0,0,1,1,0,0,0
3010b0ef989e8037a8ccc5b76414f6b5,Mega Sari,80,10,M,married,t,72.9,Average,0,68.928,69.946,57.2,62.7,73.0,82.8,1,70.8209,0.9603,70.424,1.0576,70.9125,3.9688,senior,medium,low,0,1,0,1,0,2,2,1
d1f2040d68b1d0cdc40dfd3c0cb9d873,Novi Yuliana,94,0,F,married,t,85.95,Good,0,95.7867,100.0,100.0,100.0,83.1,100.0,1,93.1174,0.9017,94.1007,0.8973,90.8701,-9.8333,junior,high,high,1,0,0,1,2,0,0,0
f7b3b5399d3cddefa74029e73aca756c,Tri Permana,96,0,F,married,t,70.31,Average,1,58.7223,44.915,69.9,62.1,44.5,58.4,1,59.2145,0.8841,58.0559,1.1973,64.5153,11.586,junior,medium,low,0,0,0,1,0,0,2,1
7758848acbaba8f98b4ca64fa86fb9c3,Andi Wijaya,84,7,M,married,f,69.04,Average,0,54.9069,33.8,49.6,27.4,73.6,69.1,0,54.2266,0.8587,52.8137,1.2573,61.9715,14.1293,senior,low,low,0,1,0,0,0,2,1,1
16336b966159497ce3192fe60b1a9020,Fajar Nasution,82,0,F,married,t,74.11,Average,0,82.4082,79.097,72.5,82.2,84.7,90.1,1,78.0963,0.917,78.9259,0.8993,78.2599,-8.2967,junior,medium,medium,0,0,0,1,0,0,2,2
9dccbf1693dbb9cba3ede74bb936baef,Lina Simanjuntak,98,13,M,married,t,94.03,Excellent,0,86.1365,92.304,93.5,91.7,84.7,74.7,1,91.1455,0.921,90.3558,1.0917,90.085,7.8971,veteran,high,medium,1,1,0,1,1,3,0,2
fa571cee3d706583f2853058f4446dee,Anita Simanjuntak,67,2,M,married,t,63.12,Average,0,79.831,51.647,83.3,83.3,69.3,83.4,1,64.6912,0.8329,66.3623,0.7907,71.4753,-16.7113,junior,low,medium,0,1,0,1,0,0,1,2
04615eda50d04d2b62c67edf83402fb8,Widya Utama,81,9,O,married,f,73.35,Average,0,41.2612,52.678,56.3,26.5,37.7,44.5,1,57.5227,0.6791,54.3135,1.7778,57.3069,32.0913,senior,medium,low,0,0,0,0,0,2,2,1
92c2ac58e3dbd1459c8aeb97bda6f7d2,Taufik Hutabarat,65,7,M,married,f,27.49,Below Average,0,37.7311,26.88,49.1,24.0,43.0,34.8,1,30.3798,0.8976,31.4038,0.7286,32.6112,-10.2399,senior,low,low,0,1,0,0,3,2,1,1
a5be11f4d3a7bda9c0f8fe7dcc44b4d2,Indra Yuliana,60,3,F,widow,f,83.14,Good,0,56.1302,66.3,35.9,61.7,59.4,67.4,1,69.9839,0.7299,67.2832,1.4812,69.6338,27.0073,mid,medium,low,0,0,2,0,2,1,2,1
d0585c7e65e396e2a3ece5c7bbdac73b,Bambang Yuliana,82,5,M,single,t,81.2,Good,1,76.6095,64.09,67.7,83.3,71.2,84.2,1,74.6899,0.9541,74.2309,1.0599,78.9046,4.5901,mid,medium,medium,0,1,1,1,2,1,2,2
9d42d10ab493c7bfc9147c78fdff5e6e,Rita Harahap,107,10,M,single,f,86.04,Good,1,65.0409,55.319,42.7,82.6,71.4,63.4,1,70.524,0.79,68.4241,1.3229,75.5403,20.9989,senior,high,low,1,1,1,0,2,2,0,1
ee2792293404a870172c85242941ff46,Rahmat Putra,96,5,F,single,t,64.44,Average,0,61.7109,65.421,60.2,50.0,48.2,88.4,1,63.9144,0.9727,63.6418,1.0442,63.0741,2.7264,mid,low,low,0,0,1,1,0,1,1,1
a76dba54612c4681addf15b18f863234,Deni Permana,62,0,M,married,t,72.7,Average,0,75.1099,79.698,88.6,74.4,65.3,72.2,1,75.5222,0.9759,75.7633,0.9679,73.9046,-2.4105,junior,medium,medium,0,1,0,1,0,0,2,2
a6d07dc1e6846df4ea7cedcd380d4d36,Rizki Sari,98,2,F,married,t,97.18,Excellent,1,82.4766,78.557,79.6,100.0,69.3,81.0,1,87.1839,0.8529,85.7131,1.1783,89.8305,14.7079,junior,high,medium,1,0,0,1,1,0,0,2
9b4109b759f73c3af7e600b8fedee369,Widya Prasetyo,65,10,M,married,t,51.38,Below Average,0,54.9704,53.79,59.6,56.7,41.1,62.4,1,53.1788,0.9641,53.5382,0.9346,53.1735,-3.5939,senior,low,low,0,1,0,1,3,2,1,1
df4778c2b19457a81d9fdf7517921e68,Vina Nasution,76,5,F,married,t,94.6,Excellent,0,91.8283,91.866,75.6,100.0,100.0,91.7,0,92.9494,0.9723,92.672,1.0302,93.2154,2.7742,mid,high,high,1,0,0,1,1,1,0,0
6a3a327f9999e434a92308a03b31734d,Mega Prasetyo,84,3,F,single,f,89.12,Good,0,67.8172,64.649,51.4,67.5,77.8,74.6,1,75.386,0.787,73.2562,1.314,78.4662,21.2978,mid,high,low,1,0,1,0,2,1,0,1
26940bbc0cb1545184b0e7bbee992977,Lina Wibowo,96,2,M,married,t,57.56,Below Average,0,67.3777,63.441,62.7,64.4,76.8,65.7,1,62.2693,0.9018,63.2511,0.8543,62.4683,-9.8188,junior,low,low,0,1,0,1,3,0,1,1
c0bfa041a1e39bc98db30caf6b206ffd,Eko Sitompul,74,3,F,married,f,52.41,Below Average,0,53.3545,45.714,81.9,51.6,33.5,46.5,1,50.6859,0.9906,50.78,0.9824,52.884,-0.941,mid,low,low,0,0,0,0,3,1,1,1
d157d83db91b2e53b16a183389acd309,Indra Sutanto,73,5,F,married,t,67.28,Average,0,66.8874,67.19,69.0,58.6,66.7,73.2,0,67.1349,0.9961,67.0957,1.0059,67.0833,0.3916,mid,low,low,0,0,0,1,0,1,1,1
7f82fe1747c03f794a465ad7ed5dcca0,Taufik Sutanto,82,4,F,single,f,100.0,Excellent,1,89.8267,93.261,82.7,95.0,88.3,93.3,1,94.9265,0.8983,93.9091,1.1133,94.9134,10.1733,mid,high,medium,1,0,1,0,1,1,0,2
398551765b64272f4272b81371050ad1,Wati Saputra,94,2,M,married,t,68.67,Average,0,64.8082,52.447,55.5,55.8,67.2,80.7,1,62.6438,0.9614,62.2578,1.0596,66.7381,3.8598,junior,low,low,0,1,0,1,0,0,1,1
18c3f295a7bedb335bfb571f0466d318,Rizki Prasetyo,79,2,F,single,t,31.46,Below Average,0,46.4436,49.899,61.5,49.1,50.4,24.7,1,41.4874,0.8502,42.9856,0.6774,38.9528,-14.9816,junior,low,low,0,0,1,1,3,0,1,1
6419d146e4253c5b9c168c42d929fbf0,Ahmad Nugraha,79,0,M,married,t,88.67,Good,0,78.3382,51.783,77.4,89.4,67.9,78.7,1,74.5038,0.8967,73.4708,1.1319,83.5032,10.3301,junior,high,medium,1,1,0,1,2,0,0,2
e1d36a7eca80364fd3f2f2b8f609e016,Fitri Purnama,62,5,F,widow,t,100.0,Excellent,0,94.5081,100.0,97.7,100.0,90.9,89.5,1,98.3524,0.9451,97.8032,1.0581,97.254,5.4919,mid,high,high,1,0,2,1,1,1,0,0
3c0dd3a924b74a3bb0fa8d8b2e06c280,Agus Tampubolon,103,1,M,single,f,82.71,Good,0,76.7791,69.931,60.3,81.0,88.6,77.3,1,77.0975,0.9407,76.5043,1.0773,79.7451,5.9321,junior,medium,medium,0,1,1,0,2,0,2,2
8e1dc4a617a8f7192b514b520435698f,Zainal Permana,81,4,M,single,t,83.9,Good,0,71.9011,75.494,63.9,71.3,76.5,75.9,1,77.7769,0.8801,76.5775,1.1668,77.8986,11.9948,mid,medium,low,0,1,1,1,2,1,2,1
a2671e1acc001d185fd53a4f4f5c3185,Endang Manurung,80,4,F,single,f,56.81,Below Average,0,44.5942,65.423,72.3,30.7,35.0,40.4,1,55.7287,0.8779,54.5073,1.2739,50.7016,12.2149,mid,low,low,0,0,1,0,3,1,1,1
c2549fa5926e5b15a8c20452cc6b93fe,Lina Sinaga,98,15,M,married,t,95.0,Excellent,0,88.3968,64.029,90.3,89.2,77.3,96.8,1,83.7277,0.934,83.0674,1.0747,91.6986,6.6035,veteran,high,medium,1,1,0,1,1,3,0,2
6eb0cfc87fc0bc800b10c3a763b7f5b9,Rita Yuliana,89,0,M,married,t,97.21,Excellent,0,88.5935,92.531,83.7,100.0,82.8,87.9,1,93.2227,0.9138,92.3607,1.0973,92.9035,8.6198,junior,high,medium,1,1,0,1,1,0,0,2
99f339a851cf51ad3f9ad0bc47b206c5,Agus Pratama,105,4,M,single,t,67.05,Average,0,51.2695,50.83,42.8,40.7,56.4,65.2,1,57.4496,0.8422,55.8716,1.3078,59.1596,15.7803,mid,low,low,0,1,1,1,0,1,1,1
338ccd86a233882cf9da74fd87d005bd,Rahmat Wibowo,101,10,M,single,t,51.44,Below Average,0,64.0277,47.267,43.2,71.1,60.7,81.1,1,53.9627,0.8741,55.2219,0.8033,57.7318,-12.5917,senior,low,low,0,1,1,1,3,2,1,1
c61f58d5274be04936da0340c4ef9a57,Siti Sutanto,64,2,M,single,t,63.48,Average,0,45.2691,61.889,49.7,42.8,40.0,48.6,1,57.5399,0.8179,55.7187,1.4023,54.3752,18.2121,junior,low,low,0,1,1,1,0,0,1,1
86ff0a3c0278a6eb00a7d8561245cd05,Bambang Susanto,76,2,M,married,t,85.87,Good,0,70.9234,76.856,61.2,65.4,78.3,78.8,1,78.6807,0.8506,77.1864,1.2107,78.3952,14.9437,junior,high,low,1,1,0,1,2,0,0,1
d220a39bc47e32759215d677ba8ee62e,Sari Sinaga,72,11,F,single,t,60.43,Average,0,55.3262,44.044,66.9,44.4,55.4,54.5,0,53.9823,0.949,53.4721,1.0922,57.877,5.1017,veteran,low,low,0,0,1,1,0,3,1,1
6e139201c1bf93cf9c65be011395e941,Fajar Wijaya,97,7,M,married,t,91.22,Excellent,1,85.0965,93.903,90.4,73.1,95.7,81.2,1,90.1889,0.9387,89.5763,1.072,88.1597,6.1265,senior,high,medium,1,1,0,1,1,2,0,2
b47dd610add6708e64c72ff36c7f1423,Siti Sitompul,100,7,F,married,t,69.56,Average,0,47.9662,46.264,54.5,52.9,53.4,31.0,1,56.0914,0.7841,53.9325,1.4501,58.7611,21.5898,senior,low,low,0,0,0,1,0,2,1,1
8fb5b2ebfde00e1ce91964732d431311,Fitri Nugraha,106,1,M,single,t,69.56,Average,0,55.2345,61.906,47.6,74.1,58.3,40.9,1,62.9641,0.8568,61.532,1.2593,62.3948,14.3205,junior,low,low,0,1,1,1,0,0,1,1
03041894c733babcc9c4dce9069be4c5,Rizki Setiawan,102,5,M,married,t,69.14,Average,0,69.8358,71.505,69.9,69.0,89.1,51.4,1,70.0598,0.9931,70.129,0.9901,69.4899,-0.6919,mid,low,low,0,1,0,1,0,1,1,1
3f3465eb2f1649aa563ce42424a6fe6d,Hendra Sitompul,77,11,M,married,f,67.89,Average,0,56.9931,70.743,64.8,45.9,76.5,40.7,1,65.4778,0.891,64.3879,1.1912,62.4428,10.8993,veteran,low,low,0,1,0,0,0,3,1,1
442db7f45c11c64a1fcd86060dea9627,Suci Setiawan,79,7,F,married,t,90.7,Excellent,0,69.5093,65.153,75.7,62.0,58.9,81.4,1,76.6806,0.788,74.5611,1.3049,80.1071,21.1956,senior,high,low,1,0,0,1,1,2,0,1
818626d4bcad7537c86178f0000a752f,Bambang Saputra,70,2,F,married,t,99.77,Excellent,1,72.6684,90.771,89.7,63.3,57.3,80.3,0,88.9412,0.729,86.2307,1.373,86.2209,27.105,junior,high,low,1,0,0,1,1,0,0,1
7bc7ef8d3ced9bfb8a87dbf9d10d8ff2,Siti Saputra,62,6,F,married,t,72.45,Average,0,62.4602,55.763,60.6,49.9,60.9,78.5,1,64.447,0.9001,63.448,1.1599,67.4551,9.9899,senior,medium,low,0,0,0,1,0,2,2,1
4e71ab64270b36d253e5103ca98dc00e,Maya Yuliana,102,4,M,married,t,45.13,Below Average,0,37.2097,18.148,40.6,34.0,24.5,49.8,1,34.6598,0.9208,33.8677,1.2129,41.1705,7.9215,mid,low,low,0,1,0,1,3,1,1,1
57730efd046db86b82f9aae07229a017,Mega Yuliana,75,0,M,married,t,75.82,Good,0,59.8535,78.796,55.8,58.1,62.9,62.6,1,71.9237,0.8403,70.3268,1.2668,67.8377,15.9685,junior,medium,low,0,1,0,1,2,0,2,1
40c1c8b0bfeee03eb7e394b06ea26c50,Joko Simanjuntak,91,0,O,married,f,75.35,Good,0,89.5789,79.151,77.2,100.0,90.5,90.6,1,80.7607,0.8578,82.1832,0.8412,82.4664,-14.2249,junior,medium,medium,0,0,0,0,2,0,2,2
9546b80f6e9a5df33c456465de541f82,Joko Setiawan,62,3,F,single,f,64.68,Average,0,49.1687,61.833,55.1,47.1,45.2,49.2,0,59.1706,0.8449,57.62,1.3154,56.9219,15.5064,mid,low,low,0,0,1,0,0,1,1,1
02be3922985752f1ac3d9c0413d827c6,Budi Harahap,109,10,F,widow,t,67.48,Average,0,63.237,66.136,84.2,42.7,54.3,71.8,1,65.8058,0.9575,65.381,1.0672,65.3608,4.2477,senior,low,low,0,0,2,1,0,2,1,1
cb44a725a31ab306de4234b7f352531e,Yanti Putra,68,3,M,married,t,83.5,Good,1,98.6287,97.533,100.0,100.0,100.0,94.5,1,92.2495,0.8487,93.7621,0.8466,91.0657,-15.1261,mid,medium,high,0,1,0,1,2,1,2,0
1ef7bca7262060de50eb3a65a09d3a9d,Sri Manurung,94,2,M,married,f,66.39,Average,0,62.0496,56.359,72.8,58.4,54.4,62.7,1,62.0788,0.9566,61.6448,1.07,64.22,4.3409,junior,low,low,0,1,0,0,0,0,1,1
3751ce2d0a255f502226b51b59883f75,Hadi Susanto,87,0,M,married,t,71.28,Average,0,66.0028,87.754,50.2,72.4,67.8,73.6,1,74.6397,0.9472,74.1118,1.08,68.6424,5.2792,junior,medium,low,0,1,0,1,0,0,2,1
04e074243fefe67a802db402b57aa1bf,Rini Nugraha,105,3,F,single,t,78.45,Good,0,74.0649,73.414,69.0,77.8,74.8,74.7,1,75.6231,0.9562,75.1847,1.0592,76.2568,4.3838,mid,medium,low,0,0,1,1,2,1,2,1
a1d92ed9bfee140c14b92f49ba18a7bb,Irwan Saputra,90,10,M,married,t,80.17,Good,0,76.4976,68.063,68.5,66.4,83.2,87.9,1,75.4346,0.9633,75.0678,1.048,78.3318,3.6685,senior,medium,medium,0,1,0,1,2,2,2,2
fc065c4253b4982ee88e8b7659e507d7,Indra Susanto,91,4,F,single,t,100.0,Excellent,0,86.256,76.611,83.4,80.5,90.8,90.4,0,88.86,0.8626,87.4856,1.1593,93.128,13.744,mid,high,medium,1,0,1,1,1,1,0,2
d4a58aa2c73ee5186b6d697e183721b4,Maya Sutanto,92,6,F,single,t,86.22,Good,0,81.0704,68.984,89.7,80.5,87.1,66.9,1,79.5027,0.9485,78.9881,1.0635,83.6432,5.1456,senior,high,medium,1,0,1,1,2,2,0,2
8c69786a4ce174b9e7d521bdc3f61d03,Fajar Purnama,100,2,F,married,t,82.31,Good,0,87.2514,90.898,77.5,92.8,78.7,100.0,1,86.3674,0.9505,86.8619,0.9433,84.7787,-4.9453,junior,medium,medium,0,0,0,1,2,0,2,2
37e0782045158edf0a096d79d686daf3,Umi Nasution,105,0,M,married,t,100.0,Excellent,1,99.4537,94.95,100.0,97.8,100.0,100.0,1,98.3211,0.9945,98.2665,1.0055,99.7268,0.5463,junior,high,high,1,1,0,1,1,0,0,0
faa1eca216a1d2215c7573e99d7332d3,Rini Manurung,74,4,M,married,t,48.86,Below Average,0,46.9356,23.488,38.6,63.4,49.2,36.6,1,40.672,0.9807,40.4793,1.0411,47.8991,1.927,mid,low,low,0,1,0,1,3,1,1,1
09e0a13535154def15b45b488492eb48,Ratna Simanjuntak,97,4,M,married,t,100.0,Excellent,0,83.9657,67.568,91.8,72.2,85.3,86.5,1,85.46,0.8397,83.8566,1.191,91.9829,16.0343,mid,high,medium,1,1,0,1,1,1,0,2
8f2570dbd1b146ec38965642ddb3364b,Yanti Nugraha,102,4,M,married,t,70.84,Average,1,80.0483,73.851,86.3,82.3,73.9,77.7,1,74.5044,0.9079,75.4256,0.8849,75.4423,-9.2119,mid,medium,medium,0,1,0,1,0,1,2,2
88d39c73e62827e3cd65263dfbae09ed,Anita Nugraha,71,6,M,married,t,43.63,Below Average,0,49.9926,73.666,45.3,57.1,43.7,53.8,0,54.5512,0.9364,55.1871,0.8728,46.8135,-6.3583,senior,low,low,0,1,0,1,3,2,1,1
b62a7f078baf81bf666c1c249becc696,Siti Nugraha,91,5,M,widow,f,42.04,Below Average,0,34.0257,35.707,27.1,37.6,30.1,41.2,1,37.7346,0.9199,36.9334,1.2354,38.0314,8.0113,mid,low,low,0,1,2,0,3,1,1,1
d1a5f172318b879cb70010803a5e8e7c,Suci Hutabarat,80,9,M,married,f,62.03,Average,0,53.2559,49.444,68.8,42.3,59.6,42.3,1,55.621,0.9123,54.7438,1.1647,57.6417,8.7715,senior,low,low,0,1,0,0,0,2,1,1
7b3c9838c9441141e20aeb84a6323555,Taufik Yuliana,99,3,F,married,t,81.34,Good,0,62.4393,57.386,49.5,63.8,68.6,67.9,1,68.4828,0.811,66.5929,1.3027,71.8886,18.8985,mid,medium,low,0,0,0,1,2,1,2,1
4ccbcfa666d91627ed7beb6c5b25e037,Hendra Nugraha,75,8,M,married,t,63.95,Average,0,76.2942,73.295,51.4,81.9,86.5,85.4,1,70.4582,0.8766,71.6923,0.8382,70.1238,-12.3408,senior,low,medium,0,1,0,1,0,2,1,2
32988a5a1455b96ade85889e0e8ae15d,Hendra Wibowo,70,10,F,single,t,100.0,Excellent,0,98.5243,100.0,96.8,100.0,97.3,100.0,1,99.5573,0.9852,99.4097,1.015,99.2622,1.4757,senior,high,high,1,0,1,1,1,2,0,0
abf1dfca929cd4cc6f5a701d5d67dbee,Yanti Setiawan,77,3,M,single,t,57.2,Below Average,0,44.763,45.056,33.8,49.4,36.9,58.9,1,49.8269,0.8756,48.5829,1.2779,50.9828,12.4396,mid,low,low,0,1,1,1,3,1,1,1
31c5bbd2324e1962eb032ecad54bfb83,Umi Nugraha,64,1,M,married,f,100.0,Excellent,1,78.5238,53.805,75.8,81.8,73.7,82.7,1,79.6986,0.7852,77.551,1.2735,89.2619,21.4762,junior,high,medium,1,1,0,0,1,0,0,2
3dcfafce24a33cfde7289fb7062b601e,Deni Putra,64,5,M,single,t,31.6,Below Average,0,50.5667,45.64,54.8,43.5,57.2,46.9,1,41.5028,0.8103,43.3993,0.6249,41.0842,-18.9651,mid,low,low,0,1,1,1,3,1,1,1
1004b21393dcdc50ba64488718d3c8d9,Deni Tampubolon,69,4,M,married,t,83.85,Good,0,88.7037,78.08,100.0,97.8,73.9,83.1,1,83.5747,0.9515,84.0602,0.9453,86.2762,-4.855,mid,medium,medium,0,1,0,1,2,1,2,2
afbe51d7d2bbcda67536535183faad6d,Bambang Prasetyo,67,6,F,married,t,78.04,Good,0,84.837,65.062,85.5,70.1,94.8,88.9,1,76.1843,0.932,76.8644,0.9198,81.4365,-6.8009,senior,medium,medium,0,0,0,1,2,2,2,2
7a57627deb7e577a49ef23633b008b89,Rahmat Prasetyo,102,4,M,married,t,78.26,Good,0,74.6204,75.547,57.1,80.9,90.9,69.6,1,76.3529,0.9636,75.9892,1.0487,76.4387,3.6365,mid,medium,low,0,1,0,1,2,1,2,1
53a90634896b9e23dd86def34941dc13,Siti Wibowo,68,7,F,married,t,70.84,Average,0,62.7639,66.342,66.4,47.0,63.6,74.1,1,67.0662,0.9193,66.2589,1.1286,66.8001,8.0725,senior,medium,low,0,0,0,1,0,2,2,1
5eb055bf7304f1d69ba7b9d538cfa7d3,Tri Sutanto,93,2,M,married,t,69.51,Average,0,56.695,54.135,51.2,52.8,64.6,58.2,1,61.052,0.8719,59.7707,1.226,63.1014,12.8129,junior,low,low,0,1,0,1,0,0,1,1
ea8d2a4f20a308a9db80669b025c42a5,Endang Nasution,87,7,F,married,t,96.9,Excellent,0,100.0,100.0,100.0,100.0,100.0,100.0,1,98.7582,0.969,99.0686,0.969,98.4477,-3.1046,senior,high,high,1,0,0,1,1,2,0,0
1c727d7295bcabb813affbaa33dd7d67,Novi Situmorang,93,2,M,married,f,57.03,Below Average,0,60.2056,67.756,60.9,49.4,60.8,69.8,1,61.2025,0.9683,61.5196,0.9473,58.6203,-3.1708,junior,low,low,0,1,0,0,3,0,1,1
97327cd2b319de4488401fa84ab53839,Fajar Wijaya,91,0,M,married,f,76.17,Good,0,74.4085,53.44,65.8,66.0,76.2,89.6,1,68.8207,0.9824,68.645,1.0236,75.287,1.7571,junior,medium,low,0,1,0,0,2,0,2,1
28b40dbc3a361c51efb8784e5b74d1a4,Irwan Nasution,101,3,F,married,f,100.0,Excellent,1,100.0,94.099,100.0,100.0,100.0,100.0,1,98.2298,1.0,98.2298,1.0,100.0,0.0,mid,high,high,1,0,0,0,1,1,0,0
defcae63a645fc9422584a91e465c32b,Putri Putra,71,5,F,married,t,58.77,Below Average,0,44.6958,41.069,31.6,53.6,36.9,56.6,1,49.2365,0.8593,47.8293,1.3148,51.7316,14.0716,mid,low,low,0,0,0,1,3,1,1,1
76e13fcb3fc148daeb17c924591fc6c5,Putri Harahap,89,3,F,married,t,77.54,Good,1,81.37,75.014,99.8,81.6,61.9,82.3,1,77.9317,0.9617,78.3146,0.953,79.4558,-3.8284,mid,medium,medium,0,0,0,1,2,1,2,2
3950c7f8dbc04ae63ae4724e0ab0e3e0,Rini Susanto,77,2,M,single,t,74.19,Average,0,58.7795,59.78,54.9,64.8,42.8,72.6,1,65.2446,0.8459,63.7033,1.2622,66.4858,15.4127,junior,medium,low,0,1,1,1,0,0,2,1
d80d709fe3bcd341281f5bc93a3f1e61,Dewi Simanjuntak,67,7,F,married,f,78.09,Good,0,76.9338,77.785,85.5,74.4,68.7,79.1,0,77.6503,0.9885,77.535,1.015,77.5103,1.153,senior,medium,medium,0,0,0,0,2,2,2,2
1bfe26bee8dccbcd6773c5148cebfe2d,Dewi Saputra,72,2,F,married,t,71.35,Average,0,72.7137,81.364,79.7,45.6,76.8,88.8,1,74.7652,0.9864,74.9011,0.9813,72.034,-1.3593,junior,medium,low,0,0,0,1,0,0,2,1
847b7b66417c39721214cdfd9dfd8a19,Suci Sari,93,2,F,married,f,84.35,Good,0,79.5466,86.047,87.3,78.7,77.9,74.3,1,83.4195,0.9519,82.9388,1.0604,81.9499,4.8066,junior,medium,medium,0,0,0,0,2,0,2,2
e607cfd246524258ab752cd428a6a5ac,Deni Purnama,108,6,M,single,t,63.02,Average,0,62.1723,51.139,50.7,57.7,69.0,71.4,1,59.2023,0.9915,59.1173,1.0137,62.5973,0.8499,senior,low,low,0,1,1,1,0,2,1,1
6516806f632913985193cb8633a64f68,Adi Purnama,84,1,M,married,t,80.44,Good,0,69.8253,61.02,75.8,65.2,61.4,76.8,1,71.4289,0.8939,70.3676,1.152,75.1316,10.6127,junior,medium,low,0,1,0,1,2,0,2,1
861a77ba46b1e8f3398fb8dda470dcf4,Yuni Sinaga,75,1,M,married,t,68.11,Average,0,58.1002,45.784,62.5,47.0,65.8,57.1,1,58.4075,0.9,57.407,1.1722,63.1027,10.005,junior,low,low,0,1,0,1,0,0,1,1
9a69037424685fcd8e5a882d74e01684,Siti Tampubolon,105,5,F,married,t,64.93,Average,0,41.3813,42.575,23.0,42.8,37.3,62.4,1,51.1609,0.7645,48.8056,1.5692,53.1581,23.5534,mid,low,low,0,0,0,1,0,1,1,1
bd425a00adf150c4e1efc030c0ae164f,Hendra Yuliana,106,2,M,single,t,43.09,Below Average,0,41.5729,33.763,41.4,33.4,38.7,52.8,0,39.8361,0.9848,39.6846,1.0365,42.3307,1.5155,junior,low,low,0,1,1,1,3,0,1,1
3db2adc7b69b3e3ed75ba871f5822387,Fajar Sinaga,82,3,M,single,f,73.79,Average,0,75.3489,73.192,57.0,82.6,77.9,84.0,1,74.0801,0.9845,74.2355,0.9794,74.5718,-1.5541,mid,medium,medium,0,1,1,0,0,1,2,2
dcffd3d78b4e913fdf0086490b46168c,Sri Simanjuntak,67,3,M,single,t,63.8,Average,0,60.9212,58.494,45.5,63.7,57.1,77.4,1,61.3448,0.9712,61.0569,1.0473,62.3609,2.8793,mid,low,low,0,1,1,1,0,1,1,1
78cb6655e0268e00c62db919f826dc9a,Kartini Sutanto,70,6,F,single,t,70.52,Average,0,74.1914,88.755,69.7,76.1,74.8,76.2,1,77.0918,0.9633,77.4589,0.9505,72.3555,-3.6717,senior,medium,low,0,0,1,1,0,2,2,1
de81d44b416104e1ded92c86527b4ea4,Rahmat Saputra,88,3,M,married,t,95.02,Excellent,0,82.5686,72.081,89.4,82.6,84.6,73.7,1,84.4029,0.8755,83.1578,1.1508,88.7942,12.4512,mid,high,medium,1,1,0,1,1,1,0,2
3c4c87df060edf677f18c5e704fe4980,Anita Simanjuntak,106,6,M,married,t,76.22,Good,0,87.0882,76.461,100.0,79.1,78.9,90.4,0,79.5518,0.8913,80.6389,0.8752,81.6528,-10.8707,senior,medium,medium,0,1,0,1,2,2,2,2
e9aacaef0bf769a52da9423a87cbaa81,Yudi Situmorang,69,7,M,single,t,52.87,Below Average,0,50.345,45.7,65.1,39.3,40.6,56.3,1,49.9611,0.9748,49.7087,1.0501,51.6069,2.5238,senior,low,low,0,1,1,1,3,2,1,1
c5bf641735ef82f4bffc597626ea45e0,Novi Situmorang,76,10,M,married,t,100.0,Excellent,0,91.0512,90.246,85.0,100.0,79.2,100.0,0,94.3893,0.9105,93.4944,1.0983,95.5256,8.9488,senior,high,high,1,1,0,1,1,2,0,0
7901b7fd7afd5c9928d33ca23b75f188,Zainal Nugraha,62,3,F,single,t,68.18,Average,0,64.0209,72.223,57.5,77.2,50.1,71.2,1,68.1463,0.9584,67.7301,1.065,66.1019,4.1619,mid,low,low,0,0,1,1,0,1,1,1
311e1d25a3b6c1037d5fe5ff0d741c21,Yuni Sari,93,9,F,married,t,100.0,Excellent,0,96.7469,92.441,90.5,96.4,100.0,100.0,1,96.7563,0.9675,96.431,1.0336,98.3735,3.2531,senior,high,high,1,0,0,1,1,2,0,0
d5a34a3e0ace4ae1ac5233648c41f0c0,Rahmat Sutanto,93,13,M,married,t,77.0,Good,0,62.9157,55.109,53.5,54.8,74.8,68.6,1,66.2074,0.8592,64.799,1.2239,69.9577,14.0841,veteran,medium,low,0,1,0,1,2,3,2,1
06f91c4bba2ed1645de9b4f0a80a60d3,Indra Sitompul,99,14,M,single,t,88.5,Good,0,69.5008,84.552,55.4,62.8,64.1,95.7,1,81.6148,0.81,79.7152,1.2733,78.9993,18.9969,veteran,high,low,1,1,1,1,2,3,0,1
04870f08c5220c0561f45d87bde03fe8,Putri Wibowo,71,2,F,married,f,100.0,Excellent,1,96.7451,100.0,97.8,100.0,92.3,97.0,1,99.0235,0.9675,98.6981,1.0336,98.3726,3.2549,junior,high,high,1,0,0,0,1,0,0,0
aa382d5d71739af568db1cc3771d2f26,Siti Wijaya,97,6,M,married,t,86.53,Good,1,66.28,72.674,61.8,60.9,73.0,69.4,1,76.2986,0.7975,74.2735,1.3055,76.4056,20.2511,senior,high,low,1,1,0,1,2,2,0,1
d6335e23b549cf32cea580f040a04e70,Vina Putra,96,2,M,single,t,83.05,Good,1,72.9524,71.963,76.1,63.0,71.0,81.7,1,76.6941,0.899,75.6845,1.1384,78.0004,10.0961,junior,medium,low,0,1,1,1,2,0,2,1
f65f9865f08992860c2e5ffedce58257,Putri Tampubolon,77,0,F,married,t,90.8,Excellent,0,88.8523,73.501,96.3,76.0,83.1,100.0,1,85.0277,0.9805,84.8325,1.022,89.8283,1.952,junior,high,medium,1,0,0,1,1,0,0,2
4a5c23295edff457bda8b1997d3df105,Sri Yuliana,62,1,F,single,t,93.06,Excellent,1,74.5477,75.697,75.0,71.3,81.3,70.6,1,82.2957,0.8149,80.4449,1.2483,83.8016,18.5079,junior,high,low,1,0,1,1,1,0,0,1
bbcc45f4c35fdf2cd6867092320b5ddb,Putri Manurung,79,3,F,widow,t,64.51,Average,0,53.1294,57.075,50.7,68.3,47.1,46.5,1,58.8642,0.8862,57.7264,1.2141,58.8183,11.3776,mid,low,low,0,0,2,1,0,1,1,1
be83a645a1d8475dd3964678cc16fe86,Putri Pratama,93,4,M,married,t,54.49,Below Average,0,52.6909,42.343,59.6,53.7,59.7,37.8,1,50.3074,0.982,50.1272,1.0342,53.5919,1.802,mid,low,low,0,1,0,1,3,1,1,1
94a6534e0449c47600f4c245b2f4cd4d,Rahmat Manurung,62,9,O,married,t,58.38,Below Average,0,60.2989,57.097,54.4,72.7,51.7,62.4,1,58.5718,0.9808,58.7634,0.9682,59.3409,-1.9161,senior,low,low,0,0,0,1,3,2,1,1
1c5c9eb4a2a3bae91932d52a64f14651,Anita Sari,104,7,F,widow,f,43.56,Below Average,0,54.2507,38.265,58.2,48.0,64.0,46.8,1,45.1804,0.8931,46.249,0.803,48.9075,-10.6863,senior,low,low,0,0,2,0,3,2,1,1
73486de89c5a1109ee26d859d6ca2f0b,Fajar Wibowo,82,3,F,single,t,100.0,Excellent,1,90.0758,96.436,77.8,83.6,98.9,100.0,0,95.9535,0.9008,94.9611,1.1102,95.0379,9.9242,mid,high,high,1,0,1,1,1,1,0,0
960593dd2898f1a4127963b2390d112e,Widya Sinaga,107,5,F,single,t,86.37,Good,0,72.4455,97.94,76.2,67.4,76.2,70.0,1,85.6651,0.8607,84.2723,1.1923,79.4096,13.9282,mid,high,low,1,0,1,1,2,1,0,1
3251d8c932da81fd64e2b541d63ef05a,Indra Sari,98,2,M,married,t,100.0,Excellent,0,94.0556,78.996,96.7,91.7,87.8,100.0,1,91.9155,0.9406,91.3211,1.0632,97.0278,5.9444,junior,high,high,1,1,0,1,1,0,0,0
1e55f3949ed7e756ec17afb06d8ac718,Endang Yuliana,89,5,M,married,t,96.91,Excellent,0,83.6856,87.587,100.0,75.7,72.5,86.5,1,90.1474,0.8677,88.8246,1.1581,90.2997,13.2282,mid,high,medium,1,1,0,1,1,1,0,2
14c3cc4407467465d0c99fcbb6fe7cb9,Hendra Utama,77,7,M,married,t,96.51,Excellent,0,77.2796,68.115,70.6,91.1,72.2,75.1,1,82.2219,0.8077,80.299,1.2488,86.894,19.2288,senior,high,medium,1,1,0,1,1,2,0,2
7b456f067ddc76528ebfe176342d1065,Umi Permana,102,1,M,single,f,89.4,Good,0,79.685,80.353,80.5,74.3,73.8,90.1,1,83.7719,0.9028,82.8003,1.1219,84.5429,9.7158,junior,high,medium,1,1,1,0,2,0,0,2
ebaf98e49e9fc0dd5437843537201b2f,Putri Saputra,83,6,F,single,t,72.67,Average,0,69.0633,66.107,59.7,67.7,61.0,87.8,1,69.6193,0.9639,69.2585,1.0522,70.8669,3.6073,senior,medium,low,0,0,1,1,0,2,2,1
587b0797eea008a36479ffefee90378e,Agus Tampubolon,82,3,M,married,f,53.56,Below Average,0,65.3664,75.162,76.5,70.1,54.6,60.3,0,63.584,0.882,64.7643,0.8194,59.465,-11.8028,mid,low,low,0,1,0,0,3,1,1,1
1c43d00ed9593fb12416792c33f2d863,Sari Situmorang,72,5,F,widow,t,60.25,Average,0,77.7706,68.207,90.2,69.1,64.8,87.0,1,67.894,0.8248,69.6459,0.7747,69.0114,-17.5184,mid,low,medium,0,0,2,1,0,1,1,2
d51eea5178aa812a9296a844ddc5cb9c,Nina Permana,101,3,M,single,t,85.88,Good,1,86.339,92.38,96.7,89.4,75.3,83.9,1,87.967,0.9954,88.0131,0.9947,86.1086,-0.4607,mid,high,medium,1,1,1,1,2,1,0,2
a28550c44e5f5a2f45415119ad679273,Tri Harahap,78,4,M,married,t,91.74,Excellent,0,93.3631,100.0,100.0,89.0,84.4,100.0,1,94.7066,0.9838,94.8685,0.9827,92.5537,-1.6188,mid,high,high,1,1,0,1,1,1,0,0
1d5b8c9988a3c3f6d68f19601ffcba0c,Yuni Saputra,80,1,M,married,f,76.87,Good,0,67.0948,67.703,52.6,74.8,67.4,73.6,1,71.1884,0.9022,70.2106,1.1457,71.9837,9.7777,junior,medium,low,0,1,0,0,2,0,2,1
5ffe431626e16bcc9700f599f7a2fe98,Andi Yuliana,77,7,M,married,t,79.89,Good,0,70.2951,82.749,74.2,67.7,69.1,70.2,1,77.8688,0.9041,76.9094,1.1365,75.0919,9.5936,senior,medium,low,0,1,0,1,2,2,2,1
e3b3adb50c6ce4b03ca5ae0e0e912966,Mega Simanjuntak,103,10,F,single,t,87.26,Good,0,72.4471,95.874,69.1,61.3,68.4,90.9,1,85.4018,0.8518,83.9201,1.2045,79.8553,14.8164,senior,high,low,1,0,1,1,2,2,0,1
0aed6923a1b32cf41a490151d6e7cb8a,Yuni Wibowo,105,13,O,married,t,75.95,Good,0,68.5141,69.749,60.9,71.3,64.0,77.8,1,71.8597,0.9256,71.1159,1.1086,72.2331,7.4381,veteran,medium,low,0,0,0,1,2,3,2,1
5f0b8e98914cefc0b728d1775784bc09,Anita Pratama,96,9,M,widow,t,100.0,Excellent,1,99.7063,100.0,98.8,100.0,100.0,100.0,0,99.9119,0.9971,99.8825,1.0029,99.8531,0.2937,senior,high,high,1,1,2,1,1,2,0,0
6370d6d8e1316267998cb3e895377af2,Zainal Simanjuntak,76,15,M,married,t,83.09,Good,0,73.1847,70.351,65.7,81.0,68.9,77.1,1,76.295,0.901,75.3049,1.1353,78.1352,9.9009,veteran,medium,low,0,1,0,1,2,3,2,1
b56609684c50bc918fac9512c4cda808,Lina Purnama,63,3,M,married,t,90.26,Excellent,1,96.4075,71.247,98.0,96.9,100.0,90.7,1,86.3997,0.9385,87.0146,0.9362,93.3331,-6.1488,mid,high,high,1,1,0,1,1,1,0,0
88b6b8c0013501c3efdd7f462c2f724b,Sari Manurung,87,3,M,widow,f,66.85,Average,0,79.1494,96.574,85.4,71.4,93.5,66.3,1,79.4567,0.877,80.6867,0.8446,72.9992,-12.3003,mid,low,medium,0,1,2,0,0,1,1,2
81691798123fed641bef481ade35e3ca,Yanti Wibowo,85,8,M,married,f,67.9,Average,0,58.1597,40.665,52.8,53.1,63.0,63.8,1,56.8084,0.9026,55.8342,1.1675,63.031,9.7425,senior,low,low,0,1,0,0,0,2,1,1
047618fa1be854bd4832838896094de8,Joko Rahayu,75,8,M,married,t,100.0,Excellent,1,98.2558,100.0,100.0,100.0,99.9,93.1,1,99.4767,0.9826,99.3023,1.0178,99.1279,1.7442,senior,high,high,1,1,0,1,1,2,0,0
0e947eaecaee3fe2571b4451fa973482,Deni Pratama,109,4,O,widow,t,69.47,Average,0,84.4033,87.366,89.5,83.8,82.8,81.5,1,79.3172,0.8506,80.8109,0.823,76.9347,-14.9373,mid,low,medium,0,0,2,1,0,1,1,2
bebf34302835bf5e9288d1b2de6dfa9c,Endang Purnama,78,7,M,single,t,61.26,Average,0,63.5807,72.632,74.7,55.6,55.2,68.8,1,65.3663,0.9768,65.5987,0.9634,62.4185,-2.3245,senior,low,low,0,1,1,1,0,2,1,1
94fee0b907d9d356a7472ae67795ebed,Suci Nasution,62,13,M,single,t,79.59,Good,1,71.899,78.073,48.8,78.5,80.6,79.7,1,76.8265,0.9231,76.0577,1.1069,75.7433,7.6885,veteran,medium,low,0,1,1,1,2,3,2,1
04a80f8aee57658daadaafa3a80bfa98,Suci Wijaya,66,2,M,married,t,82.66,Good,0,61.9339,80.699,46.8,66.2,53.8,80.9,1,75.8547,0.7927,73.7819,1.3347,72.298,20.7281,junior,medium,low,0,1,0,1,2,0,2,1
831d8c94646cb37ce922582a55a537f0,Vina Harahap,71,4,M,single,t,87.29,Good,0,77.126,84.987,96.1,70.5,53.0,88.9,1,83.5492,0.8984,82.533,1.1318,82.207,10.1619,mid,high,medium,1,1,1,1,2,1,0,2
a129822e0a3f1145ceb485c9bea58f91,Vina Sutanto,94,9,M,married,t,99.22,Excellent,1,89.2785,79.498,75.5,100.0,81.7,100.0,1,90.3228,0.9005,89.3281,1.1114,94.2517,9.9465,senior,high,medium,1,1,0,1,1,2,0,2
02efb81d1c9f44ea4d6fc03c82e732b0,Andi Utama,106,6,F,single,t,58.44,Below Average,1,60.7157,55.132,51.2,67.4,60.9,63.4,1,58.1299,0.9772,58.3576,0.9625,59.5775,-2.2763,senior,low,low,0,0,1,1,3,2,1,1
ec1e55ccd05266ad25ec93ce2ffc854a,Bambang Harahap,81,7,F,single,t,70.78,Average,0,58.9384,59.337,73.7,46.7,52.4,63.0,0,63.7928,0.8816,62.609,1.2008,64.857,11.8373,senior,medium,low,0,0,1,1,0,2,2,1
2b64df36fccf77f4ff7941c8c3595f75,Vina Tampubolon,108,9,M,married,t,53.0,Below Average,0,46.114,59.114,38.5,42.2,51.0,52.7,1,52.7666,0.9312,52.0785,1.1492,49.5549,6.8818,senior,low,low,0,1,0,1,3,2,1,1
3ec325dffb8ac7d164ad22e0d422db18,Anita Simanjuntak,108,7,O,married,t,75.87,Good,0,91.5926,100.0,69.5,100.0,97.4,99.5,1,87.8265,0.8428,89.3986,0.8284,83.7322,-15.7207,senior,medium,high,0,0,0,1,2,2,2,0
79be582b6bf8d792d99f2d540eab289d,Eko Utama,84,8,M,married,t,92.63,Excellent,0,73.864,59.77,83.4,72.9,70.1,69.0,1,77.1439,0.8123,75.2668,1.2541,83.2492,18.7703,senior,high,low,1,1,0,1,1,2,0,1
c073e9dad2581cf92da470524962cf06,Citra Yuliana,105,6,M,married,t,52.81,Below Average,0,57.1135,56.75,74.4,48.6,52.8,52.7,1,55.2839,0.957,55.714,0.9247,54.9629,-4.3011,senior,low,low,0,1,0,1,3,2,1,1
7445879e7f19a7f9cd4e0c9df7119421,Suci Yuliana,109,7,F,single,t,67.46,Average,0,50.9176,69.231,52.7,56.9,57.3,36.7,1,63.0295,0.8346,61.3751,1.3249,59.19,16.5448,senior,low,low,0,0,1,1,0,2,1,1
6dacab5725d19d8559119e4b79dd0ec1,Sri Wibowo,91,10,M,single,t,63.86,Average,0,52.7139,70.909,54.2,44.7,42.4,69.5,1,62.6321,0.8885,61.5172,1.2115,58.2883,11.1487,senior,low,low,0,1,1,1,0,2,1,1
eb65df9640ddd859c5d4c83b21af9fa9,Novi Tampubolon,67,2,O,widow,t,61.3,Average,0,68.4796,47.364,68.0,61.3,73.4,71.1,1,59.2743,0.9282,59.992,0.8952,64.8914,-7.1765,junior,low,low,0,0,2,1,0,0,1,1
540debde2355df7fa2afc14470e2863e,Umi Harahap,74,5,O,married,t,72.86,Average,0,51.7068,45.929,62.1,34.2,56.8,53.7,1,58.4347,0.7885,56.3193,1.4091,62.2834,21.1532,mid,medium,low,0,0,0,1,0,1,2,1
fc02ad648c6d329e489db720ae62a8e9,Rizki Rahayu,67,7,F,married,t,77.74,Good,0,72.7888,66.322,68.9,63.0,73.6,85.6,0,72.8308,0.9504,72.3352,1.0681,75.2664,4.9552,senior,medium,low,0,0,0,1,2,2,2,1
07e3c6daa9aef78a1cb14c158d5449c2,Budi Hutabarat,84,1,F,single,t,83.92,Good,1,63.2789,61.326,71.9,68.0,57.3,55.8,1,70.9506,0.7936,68.8862,1.3262,73.6007,20.6436,junior,medium,low,0,0,1,1,2,0,2,1
e97e7bdc92913bd5925e230b4daf8ccb,Hendra Nasution,90,4,F,married,t,77.45,Good,0,65.6506,51.899,75.1,51.3,62.0,74.2,1,66.244,0.882,65.0643,1.1797,71.5492,11.7971,mid,medium,low,0,0,0,1,2,1,2,1
11496ee937a01fac5947f89bd0ce185a,Yanti Saputra,97,2,F,single,t,87.61,Good,1,91.5617,86.559,80.1,98.5,87.7,100.0,0,88.4808,0.9605,88.8759,0.9569,89.5866,-3.9503,junior,high,high,1,0,1,1,2,0,0,0
c7632974b1b84fb3f9a9d9378f122c9b,Anita Rahayu,64,1,F,married,t,79.78,Good,0,75.5222,70.675,77.4,73.0,77.2,74.5,1,75.7699,0.9575,75.3444,1.0563,77.6495,4.2545,junior,medium,medium,0,0,0,1,2,0,2,2
116b5aa8d955e16e5a6a497dc4ac001e,Rini Yuliana,65,4,F,single,t,65.09,Average,0,72.3549,68.465,70.2,75.4,62.4,81.5,1,68.2831,0.9274,69.0093,0.8996,68.7236,-7.2625,mid,low,low,0,0,1,1,0,1,1,1
10f48fdd2adb049a31ca4be4e0d7ba00,Suci Situmorang,109,8,M,married,t,82.72,Good,0,80.7624,80.901,69.1,83.7,71.5,98.7,1,81.5857,0.9805,81.3903,1.0242,81.7394,1.9539,senior,medium,medium,0,1,0,1,2,2,2,2
77c9b987d7fe24fbd31b79592cbd04af,Sari Nasution,109,4,O,married,t,78.38,Good,0,80.3431,70.383,82.6,80.6,80.1,78.1,1,76.5713,0.9804,76.7672,0.9756,79.3634,-1.9595,mid,medium,medium,0,0,0,1,2,1,2,2
74bed878baa7b33ff78ba1060e8c07dc,Anita Situmorang,86,6,M,single,f,74.92,Average,0,67.7091,63.898,91.3,56.1,64.8,58.6,1,69.4521,0.9278,68.7305,1.1066,71.3169,7.2157,senior,medium,low,0,1,1,0,0,2,2,1
5e7b54ed907ef92aefdd0536e3d153b0,Rini Tampubolon,107,1,M,single,f,50.34,Below Average,0,54.5511,67.92,55.8,42.6,62.7,57.2,1,56.8771,0.9579,57.2983,0.9228,52.4453,-4.2117,junior,low,low,0,1,1,0,3,0,1,1
016afb5f64e08ed55b482a894b916ed5,Rita Permana,84,6,M,single,t,57.17,Below Average,0,49.4917,46.277,47.4,37.8,56.4,56.4,1,51.5981,0.9232,50.8304,1.1551,53.3303,7.6772,senior,low,low,0,1,1,1,3,2,1,1
4b929a281d0a3bb0bdba75b194b35081,Sari Wijaya,81,5,F,married,t,100.0,Excellent,0,99.6181,100.0,100.0,100.0,98.5,100.0,0,99.8854,0.9962,99.8472,1.0038,99.809,0.3819,mid,high,high,1,0,0,1,1,1,0,0
89fd19099b659237f4da4c2c74e3a467,Yuni Harahap,93,0,F,married,t,92.53,Excellent,0,72.6012,74.302,86.2,69.5,70.0,64.7,1,81.0826,0.8007,79.0897,1.2745,82.5653,19.9282,junior,high,low,1,0,0,1,1,0,0,1
fb3b3310f2970193ccb6009fd00aa152,Rahmat Yuliana,87,5,M,married,t,94.03,Excellent,0,65.7322,84.1,56.6,68.1,58.2,80.0,1,82.5611,0.717,79.7314,1.4305,79.8803,28.2961,mid,high,low,1,1,0,1,1,1,0,1
9d024b1248714826e4eb209699976d5c,Nina Nugraha,75,6,M,married,t,65.14,Average,0,56.7371,66.459,48.2,61.7,69.5,47.6,1,63.0141,0.916,62.174,1.1481,60.9375,8.4007,senior,low,low,0,1,0,1,0,2,1,1
f2edceaf9a352e8163d8409739b83c6a,Rahmat Wijaya,79,2,F,married,f,70.43,Average,1,71.14,65.94,72.7,69.1,82.6,60.2,0,69.2954,0.9929,69.3666,0.99,70.7842,-0.7117,junior,medium,low,0,0,0,0,0,0,2,1
70f9a9dd31a4579b6bd19b74f43fbac0,Irwan Sinaga,82,6,M,single,t,99.77,Excellent,0,84.0819,93.783,98.8,92.4,75.8,69.3,1,93.268,0.8431,91.699,1.1866,91.9268,15.6897,senior,high,medium,1,1,1,1,1,2,0,2
78e8860ed27a42c7ac8dcfc3a1f19fe6,Citra Utama,77,10,M,married,t,83.84,Good,0,86.3043,83.343,100.0,72.8,85.7,86.7,1,84.4296,0.9753,84.6762,0.9714,85.0715,-2.4656,senior,medium,medium,0,1,0,1,2,2,2,2
6730bf63cb0ce9d39bc4e4d6274c0d81,Putri Putra,83,5,F,married,t,74.25,Average,0,82.5621,82.359,92.7,82.0,73.0,82.5,1,79.1774,0.9169,80.0083,0.8994,78.4075,-8.3092,mid,medium,medium,0,0,0,1,0,1,2,2
ec74087212d8f8799a1fca86b4b10597,Fajar Nasution,82,6,M,married,t,96.96,Excellent,1,82.548,85.271,75.1,80.2,87.3,87.7,1,89.1297,0.8559,87.6885,1.1746,89.754,14.4119,senior,high,medium,1,1,0,1,1,2,0,2
b688a02f741423f01af08205b4912ef1,Rini Pratama,68,5,M,married,f,43.51,Below Average,0,61.4264,56.824,71.6,59.9,58.1,56.0,1,52.8802,0.8209,54.6715,0.7084,52.4696,-17.9136,mid,low,low,0,1,0,0,3,1,1,1
301171de686de066727a1df1bc04bc7f,Deni Permana,90,8,M,married,t,88.39,Good,0,72.3644,68.179,79.1,53.7,77.8,78.8,1,77.5202,0.8397,75.9174,1.2215,80.3787,16.0286,senior,high,low,1,1,0,1,2,2,0,1
c895fc87657e92af49c710455e832ca4,Rahmat Saputra,95,10,M,married,f,92.8,Excellent,0,76.0831,87.223,82.0,77.6,77.4,67.4,0,86.113,0.8328,84.441,1.2198,84.4432,16.7201,senior,high,medium,1,1,0,0,1,2,0,2
013d545f60ca072bfe3e608fd8e161b2,Sri Permana,85,1,M,single,t,69.13,Average,0,71.5164,70.917,69.0,88.7,48.5,79.8,0,70.3805,0.9761,70.6195,0.9666,70.3212,-2.3904,junior,low,low,0,1,1,1,0,0,1,1
d211fa047d74a957abd0e283d8f4f9cc,Putri Permana,96,10,F,married,t,100.0,Excellent,1,81.8831,100.0,72.6,92.3,90.2,72.5,1,94.5649,0.8188,92.7532,1.2213,90.9416,18.1169,senior,high,medium,1,0,0,1,1,2,0,2
937b34960d7255a95f5d590ba83f52a4,Dewi Utama,65,0,F,married,t,63.99,Average,0,78.3394,67.131,79.3,64.6,88.6,80.9,1,69.2389,0.8566,70.6734,0.8169,71.1671,-14.3446,junior,low,medium,0,0,0,1,0,0,1,2
99763a6525604e6aaa9e53ee6762b9b6,Citra Yuliana,87,7,M,widow,t,70.16,Average,0,60.8316,36.502,58.4,63.5,58.8,62.6,1,57.2646,0.9067,56.3317,1.1534,65.4963,9.3295,senior,medium,low,0,1,2,1,0,2,2,1
bc1750046206af6a4eb7f55c371cb3c0,Wati Sari,92,6,M,married,t,92.75,Excellent,1,92.224,79.984,87.8,92.9,88.7,99.5,1,88.7616,0.9948,88.7092,1.0057,92.4858,0.5237,senior,high,high,1,1,0,1,1,2,0,0
1f9447e657ae9a917fa8ae51ed26ed53,Umi Harahap,95,4,F,married,t,97.22,Excellent,1,98.0647,100.0,100.0,92.3,100.0,100.0,1,98.3082,0.9916,98.3924,0.9914,97.6433,-0.8428,mid,high,high,1,0,0,1,1,1,0,0
f4f4f001c62693a93f4b5e54704a62ba,Anita Simanjuntak,66,11,M,single,t,57.29,Below Average,0,61.7443,47.116,71.7,53.1,60.2,62.0,1,55.5723,0.9554,56.0181,0.9278,59.5149,-4.4587,veteran,low,low,0,1,1,1,3,3,1,1
455c0a10f458bb21a935be74c3aabba5,Dewi Simanjuntak,71,11,F,married,t,39.42,Below Average,0,48.7273,57.413,32.3,46.8,59.0,56.8,1,47.608,0.9069,48.5392,0.8089,44.0712,-9.3122,veteran,low,low,0,0,0,1,3,3,1,1
06a53a1d0e3825ec2cd754c7045e9db5,Lina Situmorang,86,0,M,married,t,73.12,Average,0,80.6565,90.161,91.5,79.4,71.5,80.3,1,80.4932,0.9246,81.2468,0.9066,76.8881,-7.5367,junior,medium,medium,0,1,0,1,0,0,2,2
0bac17da2fa43f956f9e42647d4f4538,Vina Sinaga,87,7,M,married,t,71.05,Average,0,65.484,100.0,100.0,55.6,49.2,57.2,1,78.0668,0.9443,77.5098,1.0851,68.269,5.5701,senior,medium,low,0,1,0,1,0,2,2,1
f383763a91ef72afbc9598a4174e3ab5,Suci Purnama,109,2,M,married,t,100.0,Excellent,0,99.7975,100.0,100.0,99.2,100.0,100.0,1,99.9393,0.998,99.919,1.002,99.8988,0.2025,junior,high,high,1,1,0,1,1,0,0,0
411385b97d7ccef5b14afab8351bbddd,Sari Susanto,62,4,M,married,t,86.42,Good,0,74.2501,79.485,71.5,78.2,80.7,66.6,1,80.6901,0.8783,79.4727,1.164,80.3368,12.1734,mid,high,low,1,1,0,1,2,1,0,1
d78af83bb331f303ec3b0d1dba27ddf8,Yudi Sitompul,96,1,F,widow,t,60.68,Average,0,54.4036,34.994,53.9,45.8,53.3,64.6,1,51.0905,0.9373,50.463,1.1153,57.5408,6.2745,junior,low,low,0,0,2,1,0,0,1,1
25887c53b12b5ae3468284e013e6c315,Deni Pratama,70,1,M,married,f,85.6,Good,1,74.3257,88.624,55.0,58.1,100.0,84.1,1,83.1231,0.8873,81.9961,1.1516,79.9607,11.2701,junior,high,low,1,1,0,0,2,0,0,1
561b747fdabe38ef33e99c8e74139840,Lina Rahayu,85,9,M,widow,t,74.56,Average,0,62.113,66.139,69.1,61.7,48.1,69.5,1,68.298,0.8756,67.0537,1.2003,68.3347,12.4434,senior,medium,low,0,1,2,1,0,2,2,1
4854aa85c801f1dfce83f503ea42c7ce,Putri Pratama,77,5,F,single,f,89.33,Good,0,87.7332,83.141,68.0,100.0,95.1,87.8,1,86.9929,0.9841,86.8336,1.0182,88.5299,1.5936,mid,high,medium,1,0,1,0,2,1,0,2
0c087d96ffb19dda63c0d9de9cbd0757,Umi Utama,99,6,M,married,t,88.4,Good,0,63.5937,72.518,74.8,56.0,66.7,56.9,0,76.1946,0.7519,73.7137,1.3901,75.998,24.8087,senior,high,low,1,1,0,1,2,2,0,1
fe75fbc9b93e1d59d675f1fb400477d7,Umi Pratama,60,9,M,married,t,72.38,Average,1,48.9999,40.807,66.6,48.2,43.6,37.6,1,55.8939,0.7662,53.556,1.4771,60.6896,23.3795,senior,medium,low,0,1,0,1,0,2,2,1
3c0d29d6054d4fa2504e3604b7f6c914,Irwan Yuliana,109,1,M,married,f,84.79,Good,0,93.5028,100.0,100.0,86.1,87.9,100.0,0,91.9663,0.9129,92.8377,0.9068,89.1457,-8.7142,junior,medium,high,0,1,0,0,2,0,2,0
c683d790dd232f85d01c85f5a282f2ac,Tri Nugraha,79,2,F,married,t,70.75,Average,0,65.0909,89.519,71.8,64.3,61.0,63.4,1,74.6813,0.9434,74.1158,1.0869,67.9185,5.6552,junior,medium,low,0,0,0,1,0,0,2,1
282021ae62f0b876bc90116d776fcefb,Maya Sitompul,82,2,F,married,f,75.95,Good,0,82.336,99.006,82.5,82.7,80.1,84.0,1,84.782,0.9361,85.4208,0.9224,79.142,-6.388,junior,medium,medium,0,0,0,0,2,0,2,2
8bc8d27b873b3174560b314ea1de32c4,Tri Utama,108,5,F,single,t,87.23,Good,0,81.1744,83.023,66.8,82.7,79.2,96.0,1,84.1515,0.9394,83.5459,1.0746,84.2025,6.0563,mid,high,medium,1,0,1,1,2,1,0,2
36ed26e8d3ebea0fbd809dd17cbc576e,Vina Sinaga,65,9,M,married,t,100.0,Excellent,1,83.0498,100.0,100.0,80.5,74.3,77.4,1,94.9149,0.8305,93.2199,1.2041,91.5249,16.9502,senior,high,medium,1,1,0,1,1,2,0,2
296ca8ba656abf44e89bdea7a9afa719,Zainal Permana,106,3,M,single,t,79.27,Good,0,77.8901,96.28,77.2,63.6,80.2,90.6,1,83.9575,0.9862,83.8199,1.0177,78.5782,1.3762,mid,medium,medium,0,1,1,1,2,1,2,2
d433fd75b0baf6b86f0df0c1fe5dfada,Citra Sitompul,99,5,F,single,t,82.5,Good,0,82.9475,64.127,83.1,100.0,83.6,65.1,1,77.1218,0.9955,77.1667,0.9946,82.7231,-0.4488,mid,medium,medium,0,0,1,1,2,1,2,2
ad6158ac1afe0614bbc72bd8b6efe7cf,Rizki Susanto,61,8,M,married,t,72.3,Average,0,68.2138,88.727,79.0,75.4,41.5,76.9,1,76.0004,0.9592,75.5922,1.0598,70.2547,4.0818,senior,medium,low,0,1,0,1,0,2,2,1
61568bb0a8796a61fd69bd562bf93e1c,Nina Rahayu,92,1,M,married,t,79.12,Good,0,82.626,62.092,77.9,83.6,88.4,80.6,1,75.062,0.9649,75.4129,0.9575,80.8712,-3.5095,junior,medium,medium,0,1,0,1,2,0,2,2
0906f9bc82ad543b102e1dcf6b4090af,Bambang Putra,69,7,F,single,t,26.86,Below Average,0,37.0162,35.11,51.2,31.0,16.9,49.0,1,32.3806,0.8984,33.3965,0.7255,31.9366,-10.1591,senior,low,low,0,0,1,1,3,2,1,1
2ea43863ed67bcee7052e4d43280232c,Mega Nugraha,85,3,F,single,t,67.21,Average,0,70.5216,59.14,60.0,67.1,72.0,83.1,1,65.7843,0.9669,66.115,0.9531,68.8681,-3.3068,mid,low,low,0,0,1,1,0,1,1,1
55d54d1ec230608a5717993a6218eef4,Lina Yuliana,84,3,M,married,t,76.09,Good,0,66.6598,67.48,69.8,53.6,67.5,75.8,1,70.6783,0.9057,69.7352,1.1415,71.3754,9.4312,mid,medium,low,0,1,0,1,2,1,2,1
88256735fb7a764024ac70ca6f88aef2,Putri Tampubolon,90,4,F,married,f,62.25,Average,0,42.2986,52.244,46.1,34.0,41.0,48.0,1,53.2631,0.8005,51.2679,1.4717,52.2749,19.9524,mid,low,low,0,0,0,0,0,1,1,1
25b26e4d0bf80fb0c2303b32b7f6af06,Mega Sitompul,81,2,F,married,t,49.15,Below Average,0,49.7392,39.213,73.5,36.0,34.7,54.7,1,46.346,0.9941,46.4049,0.9882,49.4449,-0.5886,junior,low,low,0,0,0,1,3,0,1,1
ff5c8217ac418b6f6e9d38b99986f6ba,Indra Sinaga,89,2,M,single,t,94.24,Excellent,1,87.9197,91.434,93.9,87.9,78.7,91.2,1,91.5035,0.9368,90.8712,1.0719,91.0816,6.3239,junior,high,medium,1,1,1,1,1,0,0,2
dba49eed942bedc6901d66c30b0636ef,Adi Hutabarat,69,0,F,married,t,91.17,Excellent,0,87.7013,66.424,96.7,85.0,91.1,78.0,1,82.7057,0.9653,82.3588,1.0396,89.4357,3.469,junior,high,medium,1,0,0,1,1,0,0,2
3d716c3f5d9ee0e148cff5addcb42555,Fajar Nasution,80,2,M,married,t,54.42,Below Average,1,70.6538,86.782,66.3,85.1,57.2,74.0,0,68.9999,0.8377,70.623,0.7703,62.5384,-16.2309,junior,low,low,0,1,0,1,3,0,1,1
c2fde75b92ff071a5e7fe9e0c5ecfaf6,Maya Nasution,107,5,M,married,t,74.71,Average,0,57.3241,53.65,58.8,75.5,37.6,57.4,1,63.1773,0.8261,61.4384,1.3033,66.0186,17.389,mid,medium,low,0,1,0,1,0,1,2,1
b472292e60a13a15cd8108828ecc3a85,Widya Hutabarat,81,9,M,single,t,81.49,Good,0,83.899,85.137,90.9,92.5,60.2,92.0,1,83.3082,0.9759,83.5488,0.9713,82.6962,-2.4056,senior,medium,medium,0,1,1,1,2,2,2,2
9b626d1df46b0b600e84457ed628e610,Siti Rahayu,94,5,M,married,f,54.08,Below Average,0,51.4544,62.606,35.2,49.8,63.5,57.4,1,55.8497,0.9738,55.5872,1.051,52.7668,2.6249,mid,low,low,0,1,0,0,3,1,1,1
9997c53fe738ac174e8a274ade076477,Ratna Saputra,83,12,M,married,f,64.71,Average,0,74.2536,55.56,70.9,68.9,76.8,80.5,1,64.8273,0.9045,65.7819,0.8714,69.4808,-9.5455,veteran,low,low,0,1,0,0,0,3,1,1
33e460da4fb554e47c908db2ade7f15a,Novi Sari,94,10,F,married,t,69.96,Average,0,71.2544,68.128,70.3,77.0,60.2,77.5,1,69.7982,0.987,69.9277,0.9818,70.6066,-1.2955,senior,low,low,0,0,0,1,0,2,1,1
26c50b92328196fbb4a13ef71aa44f25,Hadi Putra,75,5,F,married,t,54.59,Below Average,0,53.6553,53.77,45.2,53.2,46.3,69.9,1,54.0624,0.9907,53.9692,1.0174,54.121,0.9313,mid,low,low,0,0,0,1,3,1,1,1
4f1bd1e0efb3981925e53fdd29e80cb3,Rini Yuliana,74,2,F,married,t,78.96,Good,0,60.5129,73.596,60.5,49.2,63.1,69.3,1,71.8152,0.8156,69.9709,1.3048,69.7346,18.4434,junior,medium,low,0,0,0,1,2,0,2,1
b796d034c78bf7d903a5ae83a7c426fa,Rizki Manurung,86,3,F,single,t,57.22,Below Average,0,45.314,50.433,50.3,40.3,46.1,44.6,1,51.6137,0.8809,50.4227,1.2628,51.2691,11.9101,mid,low,low,0,0,1,1,3,1,1,1
d1f4dfe78d1f854c1bd55b59a06ae59f,Bambang Prasetyo,68,2,O,single,t,95.7,Excellent,0,90.8929,94.583,98.3,99.4,82.8,83.1,0,93.9245,0.9519,93.4434,1.0529,93.2986,4.8114,junior,high,high,1,0,1,1,1,0,0,0
bd16b77a04c62ac9815d5c13a63e99ff,Mega Permana,82,1,F,married,t,69.41,Average,0,59.8397,69.753,57.0,55.5,60.9,66.0,1,66.6429,0.9043,65.6856,1.16,64.6261,9.5728,junior,low,low,0,0,0,1,0,0,1,1
c4bf88449c14aedfb009206f31b33e6a,Umi Sutanto,83,3,M,single,t,90.23,Excellent,1,85.8713,85.654,84.7,93.4,90.6,74.8,1,87.549,0.9564,87.1133,1.0507,88.0498,4.3569,mid,high,medium,1,1,1,1,1,1,0,2
d2c07a8674fbc7f4b446d5ebfd123209,Yanti Saputra,92,3,M,single,t,100.0,Excellent,1,86.9554,92.627,73.3,89.4,85.1,100.0,1,93.8746,0.8696,92.5702,1.15,93.4777,13.0446,mid,high,medium,1,1,1,1,1,1,0,2
9ab189fc7de03377e879a1a508acb15e,Deni Saputra,95,1,M,single,t,87.61,Good,0,74.0726,84.441,71.0,68.1,62.5,94.7,1,82.5976,0.8646,81.244,1.1827,80.8406,13.5359,junior,high,low,1,1,1,1,2,0,0,1
33ec2477a1cd129a9fc55a0d34a4e0ce,Sari Permana,72,2,M,single,t,62.28,Average,0,68.0542,56.777,75.0,58.2,62.7,76.3,1,62.3615,0.9423,62.9389,0.9152,65.1672,-5.774,junior,low,low,0,1,1,1,0,0,1,1
