employee_id,skill_id,proficiency
b0c90386da284e0700645d006e6677e4,S040,3
b0c90386da284e0700645d006e6677e4,S026,4
b0c90386da284e0700645d006e6677e4,S027,3
b0c90386da284e0700645d006e6677e4,S045,2
b0c90386da284e0700645d006e6677e4,S036,2
b0c90386da284e0700645d006e6677e4,S042,3
b0c90386da284e0700645d006e6677e4,S005,3
b0c90386da284e0700645d006e6677e4,S013,3
b0c90386da284e0700645d006e6677e4,S009,3
b0c90386da284e0700645d006e6677e4,S004,3
fc8b075db46508e71d2be3acc256f9c4,S044,2
fc8b075db46508e71d2be3acc256f9c4,S005,2
fc8b075db46508e71d2be3acc256f9c4,S043,3
fc8b075db46508e71d2be3acc256f9c4,S041,3
fc8b075db46508e71d2be3acc256f9c4,S011,2
fc8b075db46508e71d2be3acc256f9c4,S017,2
fc8b075db46508e71d2be3acc256f9c4,S003,2
fc8b075db46508e71d2be3acc256f9c4,S037,2
fc8b075db46508e71d2be3acc256f9c4,S036,3
fc8b075db46508e71d2be3acc256f9c4,S012,4
fc8b075db46508e71d2be3acc256f9c4,S040,2
b433953a6db73b535295bf0bc6eaeb8d,S029,4
b433953a6db73b535295bf0bc6eaeb8d,S044,4
b433953a6db73b535295bf0bc6eaeb8d,S008,3
b433953a6db73b535295bf0bc6eaeb8d,S012,1
b433953a6db73b535295bf0bc6eaeb8d,S022,4
b433953a6db73b535295bf0bc6eaeb8d,S021,3
b433953a6db73b535295bf0bc6eaeb8d,S043,3
b433953a6db73b535295bf0bc6eaeb8d,S016,4
b433953a6db73b535295bf0bc6eaeb8d,S018,3
6454006028096215decc7ea21c8e6edd,S035,4
6454006028096215decc7ea21c8e6edd,S014,5
6454006028096215decc7ea21c8e6edd,S018,4
6454006028096215decc7ea21c8e6edd,S010,2
6454006028096215decc7ea21c8e6edd,S007,4
6454006028096215decc7ea21c8e6edd,S013,5
6454006028096215decc7ea21c8e6edd,S008,3
6454006028096215decc7ea21c8e6edd,S024,5
6454006028096215decc7ea21c8e6edd,S042,5
6454006028096215decc7ea21c8e6edd,S016,4
0932bfea2d3011d9f0fb94ef7fa05a3b,S010,4
0932bfea2d3011d9f0fb94ef7fa05a3b,S025,4
0932bfea2d3011d9f0fb94ef7fa05a3b,S040,3
0932bfea2d3011d9f0fb94ef7fa05a3b,S041,4
0932bfea2d3011d9f0fb94ef7fa05a3b,S007,2
0932bfea2d3011d9f0fb94ef7fa05a3b,S044,3
0932bfea2d3011d9f0fb94ef7fa05a3b,S028,2
0932bfea2d3011d9f0fb94ef7fa05a3b,S030,2
0932bfea2d3011d9f0fb94ef7fa05a3b,S018,4
0932bfea2d3011d9f0fb94ef7fa05a3b,S027,3
f52773fc05f209f8d45263992ce543e9,S018,2
f52773fc05f209f8d45263992ce543e9,S025,2
f52773fc05f209f8d45263992ce543e9,S036,3
f52773fc05f209f8d45263992ce543e9,S011,3
f52773fc05f209f8d45263992ce543e9,S007,1
f52773fc05f209f8d45263992ce543e9,S022,1
f52773fc05f209f8d45263992ce543e9,S015,2
f52773fc05f209f8d45263992ce543e9,S012,2
2a9db7d3e4e55f32f17bdcc8aaad75d8,S033,2
2a9db7d3e4e55f32f17bdcc8aaad75d8,S031,3
2a9db7d3e4e55f32f17bdcc8aaad75d8,S038,3
2a9db7d3e4e55f32f17bdcc8aaad75d8,S021,4
2a9db7d3e4e55f32f17bdcc8aaad75d8,S003,3
2a9db7d3e4e55f32f17bdcc8aaad75d8,S009,3
2a9db7d3e4e55f32f17bdcc8aaad75d8,S018,4
2a9db7d3e4e55f32f17bdcc8aaad75d8,S045,4
2a9db7d3e4e55f32f17bdcc8aaad75d8,S004,2
e4c2d7916d816845887f90a544ef0ad8,S028,4
e4c2d7916d816845887f90a544ef0ad8,S008,4
e4c2d7916d816845887f90a544ef0ad8,S009,5
e4c2d7916d816845887f90a544ef0ad8,S035,5
e4c2d7916d816845887f90a544ef0ad8,S036,4
e4c2d7916d816845887f90a544ef0ad8,S002,4
e4c2d7916d816845887f90a544ef0ad8,S018,4
e4c2d7916d816845887f90a544ef0ad8,S013,5
e4c2d7916d816845887f90a544ef0ad8,S006,4
e4c2d7916d816845887f90a544ef0ad8,S011,5
88c5252bccc012bc2bc25d2738996b9a,S024,3
88c5252bccc012bc2bc25d2738996b9a,S014,1
88c5252bccc012bc2bc25d2738996b9a,S020,1
88c5252bccc012bc2bc25d2738996b9a,S006,2
88c5252bccc012bc2bc25d2738996b9a,S032,2
e54915156bc980c76d4d4f0efe9bd426,S032,3
e54915156bc980c76d4d4f0efe9bd426,S040,4
e54915156bc980c76d4d4f0efe9bd426,S034,4
e54915156bc980c76d4d4f0efe9bd426,S002,3
e54915156bc980c76d4d4f0efe9bd426,S006,3
e54915156bc980c76d4d4f0efe9bd426,S010,3
e54915156bc980c76d4d4f0efe9bd426,S001,2
e54915156bc980c76d4d4f0efe9bd426,S008,3
e54915156bc980c76d4d4f0efe9bd426,S024,4
e54915156bc980c76d4d4f0efe9bd426,S021,3
e54915156bc980c76d4d4f0efe9bd426,S042,3
38b35a4b0ab4b3ec7c2c672e44a796e9,S021,1
38b35a4b0ab4b3ec7c2c672e44a796e9,S002,2
38b35a4b0ab4b3ec7c2c672e44a796e9,S014,2
38b35a4b0ab4b3ec7c2c672e44a796e9,S038,3
38b35a4b0ab4b3ec7c2c672e44a796e9,S030,2
38b35a4b0ab4b3ec7c2c672e44a796e9,S016,1
fa5a5cc7770eacf09db505a731e1c27a,S031,3
fa5a5cc7770eacf09db505a731e1c27a,S040,1
fa5a5cc7770eacf09db505a731e1c27a,S020,2
fa5a5cc7770eacf09db505a731e1c27a,S043,3
fa5a5cc7770eacf09db505a731e1c27a,S036,1
2ed67b8db71a52d7071a68c2be201de1,S015,4
2ed67b8db71a52d7071a68c2be201de1,S012,5
2ed67b8db71a52d7071a68c2be201de1,S041,4
2ed67b8db71a52d7071a68c2be201de1,S045,4
2ed67b8db71a52d7071a68c2be201de1,S007,4
2ed67b8db71a52d7071a68c2be201de1,S044,4
2ed67b8db71a52d7071a68c2be201de1,S002,3
2ed67b8db71a52d7071a68c2be201de1,S008,3
2ed67b8db71a52d7071a68c2be201de1,S018,5
2ed67b8db71a52d7071a68c2be201de1,S038,4
2ed67b8db71a52d7071a68c2be201de1,S004,3
262f33875cd997935a55cd3bcb781411,S028,3
262f33875cd997935a55cd3bcb781411,S026,2
262f33875cd997935a55cd3bcb781411,S023,3
262f33875cd997935a55cd3bcb781411,S035,3
262f33875cd997935a55cd3bcb781411,S014,2
262f33875cd997935a55cd3bcb781411,S001,3
262f33875cd997935a55cd3bcb781411,S019,2
262f33875cd997935a55cd3bcb781411,S044,3
262f33875cd997935a55cd3bcb781411,S008,2
262f33875cd997935a55cd3bcb781411,S021,5
262f33875cd997935a55cd3bcb781411,S012,3
056470a2d6db000f56b97e1c8ce3f53e,S038,2
056470a2d6db000f56b97e1c8ce3f53e,S016,2
056470a2d6db000f56b97e1c8ce3f53e,S039,4
056470a2d6db000f56b97e1c8ce3f53e,S042,4
056470a2d6db000f56b97e1c8ce3f53e,S031,3
056470a2d6db000f56b97e1c8ce3f53e,S004,4
056470a2d6db000f56b97e1c8ce3f53e,S005,3
056470a2d6db000f56b97e1c8ce3f53e,S037,2
edbe111b2f6b45b81aa017790e6abfcd,S014,3
edbe111b2f6b45b81aa017790e6abfcd,S035,4
edbe111b2f6b45b81aa017790e6abfcd,S007,3
edbe111b2f6b45b81aa017790e6abfcd,S029,4
edbe111b2f6b45b81aa017790e6abfcd,S038,3
edbe111b2f6b45b81aa017790e6abfcd,S044,3
edbe111b2f6b45b81aa017790e6abfcd,S020,3
edbe111b2f6b45b81aa017790e6abfcd,S010,4
edbe111b2f6b45b81aa017790e6abfcd,S001,4
edbe111b2f6b45b81aa017790e6abfcd,S013,3
edbe111b2f6b45b81aa017790e6abfcd,S017,5
725eca3dc41544617ebaf1ddc948dbe1,S019,3
725eca3dc41544617ebaf1ddc948dbe1,S034,5
725eca3dc41544617ebaf1ddc948dbe1,S045,5
725eca3dc41544617ebaf1ddc948dbe1,S007,4
725eca3dc41544617ebaf1ddc948dbe1,S016,4
725eca3dc41544617ebaf1ddc948dbe1,S004,5
725eca3dc41544617ebaf1ddc948dbe1,S037,3
725eca3dc41544617ebaf1ddc948dbe1,S025,4
725eca3dc41544617ebaf1ddc948dbe1,S031,4
725eca3dc41544617ebaf1ddc948dbe1,S021,5
725eca3dc41544617ebaf1ddc948dbe1,S022,5
725eca3dc41544617ebaf1ddc948dbe1,S041,5
e53709e4103fce4c062858eb070a5274,S026,3
e53709e4103fce4c062858eb070a5274,S012,2
e53709e4103fce4c062858eb070a5274,S045,5
e53709e4103fce4c062858eb070a5274,S030,4
e53709e4103fce4c062858eb070a5274,S043,3
e53709e4103fce4c062858eb070a5274,S039,3
e53709e4103fce4c062858eb070a5274,S013,3
e53709e4103fce4c062858eb070a5274,S009,4
e53709e4103fce4c062858eb070a5274,S016,3
e53709e4103fce4c062858eb070a5274,S018,4
e53709e4103fce4c062858eb070a5274,S036,3
c342db96f729ddb1213417a986dbf898,S027,5
c342db96f729ddb1213417a986dbf898,S034,3
c342db96f729ddb1213417a986dbf898,S003,3
c342db96f729ddb1213417a986dbf898,S032,3
c342db96f729ddb1213417a986dbf898,S036,4
c342db96f729ddb1213417a986dbf898,S024,3
c342db96f729ddb1213417a986dbf898,S019,4
c342db96f729ddb1213417a986dbf898,S002,1
c342db96f729ddb1213417a986dbf898,S020,3
2edf627057fa9eae0d046f9f33c83168,S038,2
2edf627057fa9eae0d046f9f33c83168,S004,1
2edf627057fa9eae0d046f9f33c83168,S015,4
2edf627057fa9eae0d046f9f33c83168,S005,3
2edf627057fa9eae0d046f9f33c83168,S040,2
2edf627057fa9eae0d046f9f33c83168,S010,2
2edf627057fa9eae0d046f9f33c83168,S002,1
c794c256dabeefc5beff71f9ca88e6b3,S041,2
c794c256dabeefc5beff71f9ca88e6b3,S020,2
c794c256dabeefc5beff71f9ca88e6b3,S045,3
c794c256dabeefc5beff71f9ca88e6b3,S018,2
c794c256dabeefc5beff71f9ca88e6b3,S016,2
c794c256dabeefc5beff71f9ca88e6b3,S013,2
c794c256dabeefc5beff71f9ca88e6b3,S009,2
836f7909853d1a60438f91cbf31432c9,S036,1
836f7909853d1a60438f91cbf31432c9,S043,1
836f7909853d1a60438f91cbf31432c9,S001,2
836f7909853d1a60438f91cbf31432c9,S044,3
836f7909853d1a60438f91cbf31432c9,S016,2
836f7909853d1a60438f91cbf31432c9,S003,1
836f7909853d1a60438f91cbf31432c9,S042,2
ffe45d6db9364eac779c7a11c2bf2c6f,S038,2
ffe45d6db9364eac779c7a11c2bf2c6f,S036,3
ffe45d6db9364eac779c7a11c2bf2c6f,S016,5
ffe45d6db9364eac779c7a11c2bf2c6f,S035,2
ffe45d6db9364eac779c7a11c2bf2c6f,S005,3
ffe45d6db9364eac779c7a11c2bf2c6f,S013,2
ffe45d6db9364eac779c7a11c2bf2c6f,S015,2
ffe45d6db9364eac779c7a11c2bf2c6f,S009,4
ffe45d6db9364eac779c7a11c2bf2c6f,S029,2
73e07fcf9a1175164a65b3ab6d2a66ba,S028,5
73e07fcf9a1175164a65b3ab6d2a66ba,S004,4
73e07fcf9a1175164a65b3ab6d2a66ba,S026,5
73e07fcf9a1175164a65b3ab6d2a66ba,S045,4
73e07fcf9a1175164a65b3ab6d2a66ba,S011,4
73e07fcf9a1175164a65b3ab6d2a66ba,S032,5
73e07fcf9a1175164a65b3ab6d2a66ba,S043,4
73e07fcf9a1175164a65b3ab6d2a66ba,S002,4
73e07fcf9a1175164a65b3ab6d2a66ba,S033,4
73e07fcf9a1175164a65b3ab6d2a66ba,S027,4
73e07fcf9a1175164a65b3ab6d2a66ba,S029,4
73e07fcf9a1175164a65b3ab6d2a66ba,S014,4
bcc73d5780624bbb7d4d180dddf6cdc6,S038,3
bcc73d5780624bbb7d4d180dddf6cdc6,S042,3
bcc73d5780624bbb7d4d180dddf6cdc6,S040,3
bcc73d5780624bbb7d4d180dddf6cdc6,S011,2
bcc73d5780624bbb7d4d180dddf6cdc6,S028,3
bcc73d5780624bbb7d4d180dddf6cdc6,S019,3
bcc73d5780624bbb7d4d180dddf6cdc6,S006,4
bcc73d5780624bbb7d4d180dddf6cdc6,S001,3
bcc73d5780624bbb7d4d180dddf6cdc6,S005,3
bcc73d5780624bbb7d4d180dddf6cdc6,S041,5
bcc73d5780624bbb7d4d180dddf6cdc6,S043,3
bcc73d5780624bbb7d4d180dddf6cdc6,S021,4
bcc73d5780624bbb7d4d180dddf6cdc6,S030,5
3c9df76b3633b700e303fe0a361a09cf,S007,2
3c9df76b3633b700e303fe0a361a09cf,S016,2
3c9df76b3633b700e303fe0a361a09cf,S021,3
3c9df76b3633b700e303fe0a361a09cf,S044,2
3c9df76b3633b700e303fe0a361a09cf,S027,4
3c9df76b3633b700e303fe0a361a09cf,S001,3
3c9df76b3633b700e303fe0a361a09cf,S045,4
3c9df76b3633b700e303fe0a361a09cf,S022,4
53a2fbce70a4d07d11586b38cffe31d1,S043,1
53a2fbce70a4d07d11586b38cffe31d1,S003,1
53a2fbce70a4d07d11586b38cffe31d1,S029,1
53a2fbce70a4d07d11586b38cffe31d1,S038,1
53a2fbce70a4d07d11586b38cffe31d1,S020,1
53a2fbce70a4d07d11586b38cffe31d1,S040,2
53a2fbce70a4d07d11586b38cffe31d1,S035,2
82840c035d2d2308feeeca94e21edfc8,S013,1
82840c035d2d2308feeeca94e21edfc8,S008,2
82840c035d2d2308feeeca94e21edfc8,S030,2
82840c035d2d2308feeeca94e21edfc8,S028,1
82840c035d2d2308feeeca94e21edfc8,S031,2
82840c035d2d2308feeeca94e21edfc8,S005,2
4ff87be2b6554a85a2fbaafd81524d1c,S044,4
4ff87be2b6554a85a2fbaafd81524d1c,S031,4
4ff87be2b6554a85a2fbaafd81524d1c,S010,3
4ff87be2b6554a85a2fbaafd81524d1c,S013,3
4ff87be2b6554a85a2fbaafd81524d1c,S036,4
4ff87be2b6554a85a2fbaafd81524d1c,S038,3
4ff87be2b6554a85a2fbaafd81524d1c,S024,4
4ff87be2b6554a85a2fbaafd81524d1c,S007,4
4ff87be2b6554a85a2fbaafd81524d1c,S004,3
4ff87be2b6554a85a2fbaafd81524d1c,S025,5
4ff87be2b6554a85a2fbaafd81524d1c,S023,3
4ff87be2b6554a85a2fbaafd81524d1c,S033,4
4ff87be2b6554a85a2fbaafd81524d1c,S030,4
d219ed7bee0050949a397a6e2bb55a46,S027,3
d219ed7bee0050949a397a6e2bb55a46,S003,3
d219ed7bee0050949a397a6e2bb55a46,S035,4
d219ed7bee0050949a397a6e2bb55a46,S005,4
d219ed7bee0050949a397a6e2bb55a46,S041,2
d219ed7bee0050949a397a6e2bb55a46,S013,4
d219ed7bee0050949a397a6e2bb55a46,S023,4
d219ed7bee0050949a397a6e2bb55a46,S007,3
4a42b9c5aee9c583145dff6097ee461d,S039,3
4a42b9c5aee9c583145dff6097ee461d,S042,3
4a42b9c5aee9c583145dff6097ee461d,S024,3
4a42b9c5aee9c583145dff6097ee461d,S034,4
4a42b9c5aee9c583145dff6097ee461d,S001,4
4a42b9c5aee9c583145dff6097ee461d,S045,4
4a42b9c5aee9c583145dff6097ee461d,S021,5
4a42b9c5aee9c583145dff6097ee461d,S035,3
4a42b9c5aee9c583145dff6097ee461d,S010,5
4a42b9c5aee9c583145dff6097ee461d,S015,3
3d88b6beed4f8cd661498e09d1b9e11a,S028,5
3d88b6beed4f8cd661498e09d1b9e11a,S031,4
3d88b6beed4f8cd661498e09d1b9e11a,S020,4
3d88b6beed4f8cd661498e09d1b9e11a,S032,4
3d88b6beed4f8cd661498e09d1b9e11a,S001,3
3d88b6beed4f8cd661498e09d1b9e11a,S041,5
3d88b6beed4f8cd661498e09d1b9e11a,S011,3
3d88b6beed4f8cd661498e09d1b9e11a,S022,3
3d88b6beed4f8cd661498e09d1b9e11a,S029,4
3d88b6beed4f8cd661498e09d1b9e11a,S017,5
3d88b6beed4f8cd661498e09d1b9e11a,S007,4
d90417bdae44a18ef09dd3ad391bc2cc,S023,1
d90417bdae44a18ef09dd3ad391bc2cc,S011,2
d90417bdae44a18ef09dd3ad391bc2cc,S013,3
d90417bdae44a18ef09dd3ad391bc2cc,S016,1
d90417bdae44a18ef09dd3ad391bc2cc,S025,4
d90417bdae44a18ef09dd3ad391bc2cc,S007,1
d90417bdae44a18ef09dd3ad391bc2cc,S034,2
d90417bdae44a18ef09dd3ad391bc2cc,S045,1
48f80eaf19c6a6d765db0573ff49c88e,S023,4
48f80eaf19c6a6d765db0573ff49c88e,S003,3
48f80eaf19c6a6d765db0573ff49c88e,S020,3
48f80eaf19c6a6d765db0573ff49c88e,S024,3
48f80eaf19c6a6d765db0573ff49c88e,S013,2
48f80eaf19c6a6d765db0573ff49c88e,S037,4
48f80eaf19c6a6d765db0573ff49c88e,S040,3
48f80eaf19c6a6d765db0573ff49c88e,S007,3
48f80eaf19c6a6d765db0573ff49c88e,S006,4
48f80eaf19c6a6d765db0573ff49c88e,S011,3
528b602b5a4e80735762f56758fca820,S035,2
528b602b5a4e80735762f56758fca820,S041,2
528b602b5a4e80735762f56758fca820,S036,2
528b602b5a4e80735762f56758fca820,S031,1
528b602b5a4e80735762f56758fca820,S039,2
528b602b5a4e80735762f56758fca820,S013,1
4dba7ba5b1311f663c17f2adcb729911,S003,2
4dba7ba5b1311f663c17f2adcb729911,S045,1
4dba7ba5b1311f663c17f2adcb729911,S034,2
4dba7ba5b1311f663c17f2adcb729911,S015,2
4dba7ba5b1311f663c17f2adcb729911,S040,1
4dba7ba5b1311f663c17f2adcb729911,S024,2
3e9afafe748f92aa45bc49867b640c89,S008,3
3e9afafe748f92aa45bc49867b640c89,S027,3
3e9afafe748f92aa45bc49867b640c89,S044,3
3e9afafe748f92aa45bc49867b640c89,S006,2
3e9afafe748f92aa45bc49867b640c89,S043,1
3e9afafe748f92aa45bc49867b640c89,S026,1
3e9afafe748f92aa45bc49867b640c89,S038,2
3e9afafe748f92aa45bc49867b640c89,S045,1
21ade038b884c06bedfb71046e1e9315,S018,2
21ade038b884c06bedfb71046e1e9315,S011,2
21ade038b884c06bedfb71046e1e9315,S024,4
21ade038b884c06bedfb71046e1e9315,S040,2
21ade038b884c06bedfb71046e1e9315,S025,3
21ade038b884c06bedfb71046e1e9315,S033,4
21ade038b884c06bedfb71046e1e9315,S019,2
21ade038b884c06bedfb71046e1e9315,S038,3
24cc596eb9b6841581bed9d7bbf45dfc,S017,4
24cc596eb9b6841581bed9d7bbf45dfc,S035,3
24cc596eb9b6841581bed9d7bbf45dfc,S019,2
24cc596eb9b6841581bed9d7bbf45dfc,S043,3
24cc596eb9b6841581bed9d7bbf45dfc,S016,3
24cc596eb9b6841581bed9d7bbf45dfc,S042,4
24cc596eb9b6841581bed9d7bbf45dfc,S007,3
24cc596eb9b6841581bed9d7bbf45dfc,S045,3
24cc596eb9b6841581bed9d7bbf45dfc,S013,4
24cc596eb9b6841581bed9d7bbf45dfc,S008,4
24cc596eb9b6841581bed9d7bbf45dfc,S025,3
a751bf5ef34c7292d45e583fe98c18cf,S032,5
a751bf5ef34c7292d45e583fe98c18cf,S023,4
a751bf5ef34c7292d45e583fe98c18cf,S029,5
a751bf5ef34c7292d45e583fe98c18cf,S016,4
a751bf5ef34c7292d45e583fe98c18cf,S024,3
a751bf5ef34c7292d45e583fe98c18cf,S027,5
a751bf5ef34c7292d45e583fe98c18cf,S001,5
a751bf5ef34c7292d45e583fe98c18cf,S045,5
a751bf5ef34c7292d45e583fe98c18cf,S007,4
a751bf5ef34c7292d45e583fe98c18cf,S033,4
a751bf5ef34c7292d45e583fe98c18cf,S038,4
a751bf5ef34c7292d45e583fe98c18cf,S026,5
a751bf5ef34c7292d45e583fe98c18cf,S022,4
a751bf5ef34c7292d45e583fe98c18cf,S017,4
a751bf5ef34c7292d45e583fe98c18cf,S009,5
a751bf5ef34c7292d45e583fe98c18cf,S010,4
31b38475dfe3f903a248ebe2c2ff74c6,S039,3
31b38475dfe3f903a248ebe2c2ff74c6,S019,5
31b38475dfe3f903a248ebe2c2ff74c6,S037,4
31b38475dfe3f903a248ebe2c2ff74c6,S034,5
31b38475dfe3f903a248ebe2c2ff74c6,S007,5
31b38475dfe3f903a248ebe2c2ff74c6,S024,4
31b38475dfe3f903a248ebe2c2ff74c6,S025,5
31b38475dfe3f903a248ebe2c2ff74c6,S014,4
31b38475dfe3f903a248ebe2c2ff74c6,S006,5
31b38475dfe3f903a248ebe2c2ff74c6,S016,4
31b38475dfe3f903a248ebe2c2ff74c6,S009,5
31b38475dfe3f903a248ebe2c2ff74c6,S042,5
31b38475dfe3f903a248ebe2c2ff74c6,S008,4
31b38475dfe3f903a248ebe2c2ff74c6,S020,3
4bddc9d0929e58f00136676a5fc59c7c,S028,4
4bddc9d0929e58f00136676a5fc59c7c,S018,3
4bddc9d0929e58f00136676a5fc59c7c,S016,5
4bddc9d0929e58f00136676a5fc59c7c,S003,5
4bddc9d0929e58f00136676a5fc59c7c,S002,4
4bddc9d0929e58f00136676a5fc59c7c,S030,4
4bddc9d0929e58f00136676a5fc59c7c,S012,5
4bddc9d0929e58f00136676a5fc59c7c,S009,5
4bddc9d0929e58f00136676a5fc59c7c,S039,5
4bddc9d0929e58f00136676a5fc59c7c,S036,4
4bddc9d0929e58f00136676a5fc59c7c,S041,3
4bddc9d0929e58f00136676a5fc59c7c,S010,4
1a6dc21b26b837d182a980086bcfe827,S029,5
1a6dc21b26b837d182a980086bcfe827,S034,4
1a6dc21b26b837d182a980086bcfe827,S001,4
1a6dc21b26b837d182a980086bcfe827,S010,3
1a6dc21b26b837d182a980086bcfe827,S002,4
1a6dc21b26b837d182a980086bcfe827,S024,5
1a6dc21b26b837d182a980086bcfe827,S005,5
1a6dc21b26b837d182a980086bcfe827,S004,5
1a6dc21b26b837d182a980086bcfe827,S038,2
1a6dc21b26b837d182a980086bcfe827,S039,4
db4ef9cc6c2d20e50c8bbda14854c4b9,S043,3
db4ef9cc6c2d20e50c8bbda14854c4b9,S035,4
db4ef9cc6c2d20e50c8bbda14854c4b9,S015,5
db4ef9cc6c2d20e50c8bbda14854c4b9,S022,4
db4ef9cc6c2d20e50c8bbda14854c4b9,S024,5
db4ef9cc6c2d20e50c8bbda14854c4b9,S017,4
db4ef9cc6c2d20e50c8bbda14854c4b9,S031,4
db4ef9cc6c2d20e50c8bbda14854c4b9,S027,5
db4ef9cc6c2d20e50c8bbda14854c4b9,S033,3
db4ef9cc6c2d20e50c8bbda14854c4b9,S045,3
db4ef9cc6c2d20e50c8bbda14854c4b9,S012,3
db4ef9cc6c2d20e50c8bbda14854c4b9,S018,5
def4f08e4ad645dde77800b2f9098a14,S010,4
def4f08e4ad645dde77800b2f9098a14,S008,4
def4f08e4ad645dde77800b2f9098a14,S021,5
def4f08e4ad645dde77800b2f9098a14,S005,3
def4f08e4ad645dde77800b2f9098a14,S034,4
def4f08e4ad645dde77800b2f9098a14,S009,4
def4f08e4ad645dde77800b2f9098a14,S038,5
def4f08e4ad645dde77800b2f9098a14,S011,4
def4f08e4ad645dde77800b2f9098a14,S032,5
def4f08e4ad645dde77800b2f9098a14,S002,2
e710b6e7544bc3b3c6ee0631e56bca6d,S025,4
e710b6e7544bc3b3c6ee0631e56bca6d,S022,4
e710b6e7544bc3b3c6ee0631e56bca6d,S032,5
e710b6e7544bc3b3c6ee0631e56bca6d,S023,3
e710b6e7544bc3b3c6ee0631e56bca6d,S016,5
e710b6e7544bc3b3c6ee0631e56bca6d,S034,4
e710b6e7544bc3b3c6ee0631e56bca6d,S002,4
e710b6e7544bc3b3c6ee0631e56bca6d,S011,3
e710b6e7544bc3b3c6ee0631e56bca6d,S043,2
e710b6e7544bc3b3c6ee0631e56bca6d,S031,5
e710b6e7544bc3b3c6ee0631e56bca6d,S024,5
e710b6e7544bc3b3c6ee0631e56bca6d,S015,4
e710b6e7544bc3b3c6ee0631e56bca6d,S008,4
e710b6e7544bc3b3c6ee0631e56bca6d,S033,4
c122ac52330da0396ef9146cbe6a9be4,S036,4
c122ac52330da0396ef9146cbe6a9be4,S041,4
c122ac52330da0396ef9146cbe6a9be4,S016,1
c122ac52330da0396ef9146cbe6a9be4,S015,2
c122ac52330da0396ef9146cbe6a9be4,S038,4
c122ac52330da0396ef9146cbe6a9be4,S008,5
c122ac52330da0396ef9146cbe6a9be4,S029,3
c122ac52330da0396ef9146cbe6a9be4,S032,3
c122ac52330da0396ef9146cbe6a9be4,S022,3
c122ac52330da0396ef9146cbe6a9be4,S044,4
c122ac52330da0396ef9146cbe6a9be4,S028,3
3867f0d134e4c93a3953185d8fa44e41,S036,2
3867f0d134e4c93a3953185d8fa44e41,S030,3
3867f0d134e4c93a3953185d8fa44e41,S039,4
3867f0d134e4c93a3953185d8fa44e41,S038,3
3867f0d134e4c93a3953185d8fa44e41,S019,4
3867f0d134e4c93a3953185d8fa44e41,S034,3
3867f0d134e4c93a3953185d8fa44e41,S009,2
3867f0d134e4c93a3953185d8fa44e41,S044,2
3867f0d134e4c93a3953185d8fa44e41,S013,4
3867f0d134e4c93a3953185d8fa44e41,S029,3
3867f0d134e4c93a3953185d8fa44e41,S023,3
cea28e1915ee30660c643561d5afece0,S017,4
cea28e1915ee30660c643561d5afece0,S014,5
cea28e1915ee30660c643561d5afece0,S007,4
cea28e1915ee30660c643561d5afece0,S020,2
cea28e1915ee30660c643561d5afece0,S008,4
cea28e1915ee30660c643561d5afece0,S035,5
cea28e1915ee30660c643561d5afece0,S034,4
cea28e1915ee30660c643561d5afece0,S010,3
cea28e1915ee30660c643561d5afece0,S018,4
cea28e1915ee30660c643561d5afece0,S024,4
cea28e1915ee30660c643561d5afece0,S039,3
cea28e1915ee30660c643561d5afece0,S044,2
cea28e1915ee30660c643561d5afece0,S015,5
cea28e1915ee30660c643561d5afece0,S036,5
13ebded50b21ce2fd21cff3f6b34e9e7,S037,4
13ebded50b21ce2fd21cff3f6b34e9e7,S042,3
13ebded50b21ce2fd21cff3f6b34e9e7,S018,4
13ebded50b21ce2fd21cff3f6b34e9e7,S045,5
13ebded50b21ce2fd21cff3f6b34e9e7,S014,3
13ebded50b21ce2fd21cff3f6b34e9e7,S039,3
13ebded50b21ce2fd21cff3f6b34e9e7,S023,4
13ebded50b21ce2fd21cff3f6b34e9e7,S013,3
13ebded50b21ce2fd21cff3f6b34e9e7,S010,2
13ebded50b21ce2fd21cff3f6b34e9e7,S041,4
13ebded50b21ce2fd21cff3f6b34e9e7,S012,3
13ebded50b21ce2fd21cff3f6b34e9e7,S038,3
13ebded50b21ce2fd21cff3f6b34e9e7,S025,4
badedd47566c48b4a8c05d7699cb199b,S012,4
badedd47566c48b4a8c05d7699cb199b,S010,5
badedd47566c48b4a8c05d7699cb199b,S016,5
badedd47566c48b4a8c05d7699cb199b,S005,3
badedd47566c48b4a8c05d7699cb199b,S023,3
badedd47566c48b4a8c05d7699cb199b,S018,5
badedd47566c48b4a8c05d7699cb199b,S029,4
badedd47566c48b4a8c05d7699cb199b,S027,4
badedd47566c48b4a8c05d7699cb199b,S032,4
badedd47566c48b4a8c05d7699cb199b,S038,4
53f4e3042d766dffdfc92d8d0768622f,S031,3
53f4e3042d766dffdfc92d8d0768622f,S014,2
53f4e3042d766dffdfc92d8d0768622f,S023,1
53f4e3042d766dffdfc92d8d0768622f,S016,4
53f4e3042d766dffdfc92d8d0768622f,S044,5
53f4e3042d766dffdfc92d8d0768622f,S034,4
53f4e3042d766dffdfc92d8d0768622f,S005,4
53f4e3042d766dffdfc92d8d0768622f,S043,3
53f4e3042d766dffdfc92d8d0768622f,S038,2
53f4e3042d766dffdfc92d8d0768622f,S027,2
a0942b4e446b966087caa6e0de103cf8,S034,3
a0942b4e446b966087caa6e0de103cf8,S003,4
a0942b4e446b966087caa6e0de103cf8,S040,3
a0942b4e446b966087caa6e0de103cf8,S002,2
a0942b4e446b966087caa6e0de103cf8,S004,3
a0942b4e446b966087caa6e0de103cf8,S018,4
a0942b4e446b966087caa6e0de103cf8,S032,5
a0942b4e446b966087caa6e0de103cf8,S006,3
a0942b4e446b966087caa6e0de103cf8,S015,4
7ee88e0dcd245aec3af5ff1362f53d0a,S022,3
7ee88e0dcd245aec3af5ff1362f53d0a,S004,4
7ee88e0dcd245aec3af5ff1362f53d0a,S019,3
7ee88e0dcd245aec3af5ff1362f53d0a,S030,2
7ee88e0dcd245aec3af5ff1362f53d0a,S024,3
7ee88e0dcd245aec3af5ff1362f53d0a,S034,4
7ee88e0dcd245aec3af5ff1362f53d0a,S026,3
7ee88e0dcd245aec3af5ff1362f53d0a,S037,2
7ee88e0dcd245aec3af5ff1362f53d0a,S035,5
7ee88e0dcd245aec3af5ff1362f53d0a,S045,2
25efb74f19397610f9b422d3ffa64bbc,S041,4
25efb74f19397610f9b422d3ffa64bbc,S009,4
25efb74f19397610f9b422d3ffa64bbc,S037,4
25efb74f19397610f9b422d3ffa64bbc,S013,4
25efb74f19397610f9b422d3ffa64bbc,S026,4
25efb74f19397610f9b422d3ffa64bbc,S014,5
25efb74f19397610f9b422d3ffa64bbc,S021,4
25efb74f19397610f9b422d3ffa64bbc,S030,4
25efb74f19397610f9b422d3ffa64bbc,S045,5
25efb74f19397610f9b422d3ffa64bbc,S039,4
273a880e946941539aa30a463363e341,S006,2
273a880e946941539aa30a463363e341,S045,3
273a880e946941539aa30a463363e341,S028,1
273a880e946941539aa30a463363e341,S027,2
273a880e946941539aa30a463363e341,S030,2
273a880e946941539aa30a463363e341,S044,3
273a880e946941539aa30a463363e341,S015,3
273a880e946941539aa30a463363e341,S037,3
273a880e946941539aa30a463363e341,S033,2
f6edc315d521407f6563f37dda849410,S002,2
f6edc315d521407f6563f37dda849410,S022,4
f6edc315d521407f6563f37dda849410,S044,5
f6edc315d521407f6563f37dda849410,S010,5
f6edc315d521407f6563f37dda849410,S043,4
f6edc315d521407f6563f37dda849410,S013,5
f6edc315d521407f6563f37dda849410,S030,4
f6edc315d521407f6563f37dda849410,S042,5
f6edc315d521407f6563f37dda849410,S040,5
f6edc315d521407f6563f37dda849410,S008,4
f6edc315d521407f6563f37dda849410,S009,3
f6edc315d521407f6563f37dda849410,S003,5
f6edc315d521407f6563f37dda849410,S007,4
f6edc315d521407f6563f37dda849410,S029,3
78943e3d49d139e63671ee40a46a6393,S020,1
78943e3d49d139e63671ee40a46a6393,S034,2
78943e3d49d139e63671ee40a46a6393,S043,2
78943e3d49d139e63671ee40a46a6393,S037,1
78943e3d49d139e63671ee40a46a6393,S010,1
c29e5435730b2888188316270e0d8c06,S029,1
c29e5435730b2888188316270e0d8c06,S025,2
c29e5435730b2888188316270e0d8c06,S035,2
c29e5435730b2888188316270e0d8c06,S037,2
c29e5435730b2888188316270e0d8c06,S005,1
c29e5435730b2888188316270e0d8c06,S032,1
c29e5435730b2888188316270e0d8c06,S020,1
73ed83d1dad641293e338b299b81160d,S020,5
73ed83d1dad641293e338b299b81160d,S041,4
73ed83d1dad641293e338b299b81160d,S010,3
73ed83d1dad641293e338b299b81160d,S035,4
73ed83d1dad641293e338b299b81160d,S039,4
73ed83d1dad641293e338b299b81160d,S007,3
73ed83d1dad641293e338b299b81160d,S021,5
73ed83d1dad641293e338b299b81160d,S037,4
73ed83d1dad641293e338b299b81160d,S040,4
73ed83d1dad641293e338b299b81160d,S014,4
71612f51f8f334b24334dea0c414160d,S040,4
71612f51f8f334b24334dea0c414160d,S010,5
71612f51f8f334b24334dea0c414160d,S020,5
71612f51f8f334b24334dea0c414160d,S032,4
71612f51f8f334b24334dea0c414160d,S015,5
71612f51f8f334b24334dea0c414160d,S026,5
71612f51f8f334b24334dea0c414160d,S036,4
71612f51f8f334b24334dea0c414160d,S044,5
71612f51f8f334b24334dea0c414160d,S017,4
71612f51f8f334b24334dea0c414160d,S005,5
71612f51f8f334b24334dea0c414160d,S029,5
71612f51f8f334b24334dea0c414160d,S012,4
71612f51f8f334b24334dea0c414160d,S003,5
71612f51f8f334b24334dea0c414160d,S019,4
71612f51f8f334b24334dea0c414160d,S023,5
b8a0f81ed30d6878bd3fe84495fd2926,S019,4
b8a0f81ed30d6878bd3fe84495fd2926,S042,4
b8a0f81ed30d6878bd3fe84495fd2926,S035,4
b8a0f81ed30d6878bd3fe84495fd2926,S045,5
b8a0f81ed30d6878bd3fe84495fd2926,S024,4
b8a0f81ed30d6878bd3fe84495fd2926,S032,4
b8a0f81ed30d6878bd3fe84495fd2926,S030,4
b8a0f81ed30d6878bd3fe84495fd2926,S008,4
b8a0f81ed30d6878bd3fe84495fd2926,S029,4
b8a0f81ed30d6878bd3fe84495fd2926,S003,3
b8a0f81ed30d6878bd3fe84495fd2926,S014,5
b8a0f81ed30d6878bd3fe84495fd2926,S039,5
b8a0f81ed30d6878bd3fe84495fd2926,S013,5
b8a0f81ed30d6878bd3fe84495fd2926,S004,4
3b23dacf4d11e308080d5bf52ab8b2e1,S043,2
3b23dacf4d11e308080d5bf52ab8b2e1,S023,2
3b23dacf4d11e308080d5bf52ab8b2e1,S039,2
3b23dacf4d11e308080d5bf52ab8b2e1,S012,3
3b23dacf4d11e308080d5bf52ab8b2e1,S038,1
3b23dacf4d11e308080d5bf52ab8b2e1,S041,3
3b23dacf4d11e308080d5bf52ab8b2e1,S003,1
659fb3598220437de6c08d654706cc0b,S020,3
659fb3598220437de6c08d654706cc0b,S014,3
659fb3598220437de6c08d654706cc0b,S015,2
659fb3598220437de6c08d654706cc0b,S003,3
659fb3598220437de6c08d654706cc0b,S001,4
659fb3598220437de6c08d654706cc0b,S009,3
659fb3598220437de6c08d654706cc0b,S021,3
659fb3598220437de6c08d654706cc0b,S024,4
659fb3598220437de6c08d654706cc0b,S010,2
659fb3598220437de6c08d654706cc0b,S008,2
dcd9dcb4c079f8001d2c37badb8a534e,S042,3
dcd9dcb4c079f8001d2c37badb8a534e,S015,4
dcd9dcb4c079f8001d2c37badb8a534e,S043,5
dcd9dcb4c079f8001d2c37badb8a534e,S031,4
dcd9dcb4c079f8001d2c37badb8a534e,S006,3
dcd9dcb4c079f8001d2c37badb8a534e,S045,4
dcd9dcb4c079f8001d2c37badb8a534e,S035,3
dcd9dcb4c079f8001d2c37badb8a534e,S012,4
dcd9dcb4c079f8001d2c37badb8a534e,S033,5
dcd9dcb4c079f8001d2c37badb8a534e,S019,3
dcd9dcb4c079f8001d2c37badb8a534e,S002,3
f4fdee797f6ecf0dfd7487a790314778,S031,2
f4fdee797f6ecf0dfd7487a790314778,S027,1
f4fdee797f6ecf0dfd7487a790314778,S039,2
f4fdee797f6ecf0dfd7487a790314778,S011,1
f4fdee797f6ecf0dfd7487a790314778,S006,3
f4fdee797f6ecf0dfd7487a790314778,S035,2
f4fdee797f6ecf0dfd7487a790314778,S028,1
8251071656292eea2617022afa909731,S006,4
8251071656292eea2617022afa909731,S044,4
8251071656292eea2617022afa909731,S024,3
8251071656292eea2617022afa909731,S035,5
8251071656292eea2617022afa909731,S029,5
8251071656292eea2617022afa909731,S034,3
8251071656292eea2617022afa909731,S041,4
8251071656292eea2617022afa909731,S001,4
8251071656292eea2617022afa909731,S009,4
8251071656292eea2617022afa909731,S002,4
1b70104968ea27e702695f79beccc3ee,S027,1
1b70104968ea27e702695f79beccc3ee,S010,1
1b70104968ea27e702695f79beccc3ee,S045,1
1b70104968ea27e702695f79beccc3ee,S007,2
1b70104968ea27e702695f79beccc3ee,S043,2
d262b572615ce259a46591bc99f06414,S021,1
d262b572615ce259a46591bc99f06414,S031,1
d262b572615ce259a46591bc99f06414,S030,1
d262b572615ce259a46591bc99f06414,S034,1
d262b572615ce259a46591bc99f06414,S042,1
8245f690962cf648f108aac3a289e56a,S008,3
8245f690962cf648f108aac3a289e56a,S004,2
8245f690962cf648f108aac3a289e56a,S019,3
8245f690962cf648f108aac3a289e56a,S013,3
8245f690962cf648f108aac3a289e56a,S001,2
8245f690962cf648f108aac3a289e56a,S043,2
8245f690962cf648f108aac3a289e56a,S038,3
8245f690962cf648f108aac3a289e56a,S033,3
8245f690962cf648f108aac3a289e56a,S029,4
f386eb81367ec68efa54964940608507,S024,2
f386eb81367ec68efa54964940608507,S030,1
f386eb81367ec68efa54964940608507,S012,3
f386eb81367ec68efa54964940608507,S014,2
f386eb81367ec68efa54964940608507,S013,2
f386eb81367ec68efa54964940608507,S031,4
f386eb81367ec68efa54964940608507,S005,4
f386eb81367ec68efa54964940608507,S037,3
f386eb81367ec68efa54964940608507,S041,3
3127be1a8780ca86bab7d65442c1f16c,S039,2
3127be1a8780ca86bab7d65442c1f16c,S042,4
3127be1a8780ca86bab7d65442c1f16c,S012,5
3127be1a8780ca86bab7d65442c1f16c,S031,3
3127be1a8780ca86bab7d65442c1f16c,S014,5
3127be1a8780ca86bab7d65442c1f16c,S013,4
3127be1a8780ca86bab7d65442c1f16c,S045,4
3127be1a8780ca86bab7d65442c1f16c,S020,5
3127be1a8780ca86bab7d65442c1f16c,S007,4
3127be1a8780ca86bab7d65442c1f16c,S016,4
3127be1a8780ca86bab7d65442c1f16c,S023,5
3127be1a8780ca86bab7d65442c1f16c,S034,4
3127be1a8780ca86bab7d65442c1f16c,S044,4
3127be1a8780ca86bab7d65442c1f16c,S029,3
432bafc4fe00af2d79bd6e0603a6e5f3,S034,3
432bafc4fe00af2d79bd6e0603a6e5f3,S020,3
432bafc4fe00af2d79bd6e0603a6e5f3,S018,4
432bafc4fe00af2d79bd6e0603a6e5f3,S028,3
432bafc4fe00af2d79bd6e0603a6e5f3,S002,2
432bafc4fe00af2d79bd6e0603a6e5f3,S008,3
432bafc4fe00af2d79bd6e0603a6e5f3,S001,3
432bafc4fe00af2d79bd6e0603a6e5f3,S038,5
432bafc4fe00af2d79bd6e0603a6e5f3,S011,4
432bafc4fe00af2d79bd6e0603a6e5f3,S004,2
432bafc4fe00af2d79bd6e0603a6e5f3,S026,3
432bafc4fe00af2d79bd6e0603a6e5f3,S044,4
432bafc4fe00af2d79bd6e0603a6e5f3,S015,5
9d70bf97d4d440ae990351dad94e1f24,S012,3
9d70bf97d4d440ae990351dad94e1f24,S006,3
9d70bf97d4d440ae990351dad94e1f24,S002,4
9d70bf97d4d440ae990351dad94e1f24,S004,4
9d70bf97d4d440ae990351dad94e1f24,S041,4
9d70bf97d4d440ae990351dad94e1f24,S008,3
9d70bf97d4d440ae990351dad94e1f24,S031,3
9d70bf97d4d440ae990351dad94e1f24,S044,3
9d70bf97d4d440ae990351dad94e1f24,S043,3
9d70bf97d4d440ae990351dad94e1f24,S009,2
87b2bf11c015d7c1b03624cc5c361eab,S031,2
87b2bf11c015d7c1b03624cc5c361eab,S001,3
87b2bf11c015d7c1b03624cc5c361eab,S005,2
87b2bf11c015d7c1b03624cc5c361eab,S021,2
87b2bf11c015d7c1b03624cc5c361eab,S039,3
87b2bf11c015d7c1b03624cc5c361eab,S024,1
87b2bf11c015d7c1b03624cc5c361eab,S009,2
67baa7c7403958eff6c5321cbf15a6b7,S034,4
67baa7c7403958eff6c5321cbf15a6b7,S020,5
67baa7c7403958eff6c5321cbf15a6b7,S043,4
67baa7c7403958eff6c5321cbf15a6b7,S027,5
67baa7c7403958eff6c5321cbf15a6b7,S025,3
67baa7c7403958eff6c5321cbf15a6b7,S040,4
67baa7c7403958eff6c5321cbf15a6b7,S018,4
67baa7c7403958eff6c5321cbf15a6b7,S044,3
67baa7c7403958eff6c5321cbf15a6b7,S001,5
67baa7c7403958eff6c5321cbf15a6b7,S002,3
76a96d157a80ad251cef3cc0a04e6e14,S043,4
76a96d157a80ad251cef3cc0a04e6e14,S035,3
76a96d157a80ad251cef3cc0a04e6e14,S028,4
76a96d157a80ad251cef3cc0a04e6e14,S017,5
76a96d157a80ad251cef3cc0a04e6e14,S016,3
76a96d157a80ad251cef3cc0a04e6e14,S019,4
76a96d157a80ad251cef3cc0a04e6e14,S018,4
76a96d157a80ad251cef3cc0a04e6e14,S040,4
76a96d157a80ad251cef3cc0a04e6e14,S042,4
76a96d157a80ad251cef3cc0a04e6e14,S044,5
76a96d157a80ad251cef3cc0a04e6e14,S045,4
c406b3f3822f7de73b0933d32828103d,S043,5
c406b3f3822f7de73b0933d32828103d,S009,4
c406b3f3822f7de73b0933d32828103d,S006,4
c406b3f3822f7de73b0933d32828103d,S044,5
c406b3f3822f7de73b0933d32828103d,S001,4
c406b3f3822f7de73b0933d32828103d,S008,5
c406b3f3822f7de73b0933d32828103d,S027,4
c406b3f3822f7de73b0933d32828103d,S026,4
c406b3f3822f7de73b0933d32828103d,S017,5
c406b3f3822f7de73b0933d32828103d,S034,4
c406b3f3822f7de73b0933d32828103d,S013,4
c406b3f3822f7de73b0933d32828103d,S018,5
48628556390f6f184e7fe3b5cb309f9f,S023,4
48628556390f6f184e7fe3b5cb309f9f,S019,4
48628556390f6f184e7fe3b5cb309f9f,S025,3
48628556390f6f184e7fe3b5cb309f9f,S031,5
48628556390f6f184e7fe3b5cb309f9f,S034,4
48628556390f6f184e7fe3b5cb309f9f,S016,4
48628556390f6f184e7fe3b5cb309f9f,S007,5
48628556390f6f184e7fe3b5cb309f9f,S009,4
48628556390f6f184e7fe3b5cb309f9f,S038,4
48628556390f6f184e7fe3b5cb309f9f,S001,4
48628556390f6f184e7fe3b5cb309f9f,S010,4
48628556390f6f184e7fe3b5cb309f9f,S041,4
48628556390f6f184e7fe3b5cb309f9f,S039,3
f57e55f5d62218f8fea88609a6b57401,S016,2
f57e55f5d62218f8fea88609a6b57401,S001,2
f57e55f5d62218f8fea88609a6b57401,S025,1
f57e55f5d62218f8fea88609a6b57401,S045,3
f57e55f5d62218f8fea88609a6b57401,S043,1
f57e55f5d62218f8fea88609a6b57401,S036,2
f57e55f5d62218f8fea88609a6b57401,S040,1
06b08f327e825c1f40fdc7a524db6770,S034,4
06b08f327e825c1f40fdc7a524db6770,S028,5
06b08f327e825c1f40fdc7a524db6770,S036,4
06b08f327e825c1f40fdc7a524db6770,S043,5
06b08f327e825c1f40fdc7a524db6770,S030,3
06b08f327e825c1f40fdc7a524db6770,S001,5
06b08f327e825c1f40fdc7a524db6770,S010,4
06b08f327e825c1f40fdc7a524db6770,S005,4
06b08f327e825c1f40fdc7a524db6770,S031,2
06b08f327e825c1f40fdc7a524db6770,S023,4
f4bd98206b94214df0f4557845cd8d87,S037,3
f4bd98206b94214df0f4557845cd8d87,S034,3
f4bd98206b94214df0f4557845cd8d87,S041,3
f4bd98206b94214df0f4557845cd8d87,S011,4
f4bd98206b94214df0f4557845cd8d87,S002,5
f4bd98206b94214df0f4557845cd8d87,S027,3
f4bd98206b94214df0f4557845cd8d87,S030,3
f4bd98206b94214df0f4557845cd8d87,S024,2
f4bd98206b94214df0f4557845cd8d87,S019,5
f4bd98206b94214df0f4557845cd8d87,S039,2
f4bd98206b94214df0f4557845cd8d87,S015,4
f4bd98206b94214df0f4557845cd8d87,S040,3
6402da161610e7dd52314440372e88c3,S042,4
6402da161610e7dd52314440372e88c3,S036,5
6402da161610e7dd52314440372e88c3,S004,5
6402da161610e7dd52314440372e88c3,S005,5
6402da161610e7dd52314440372e88c3,S007,4
6402da161610e7dd52314440372e88c3,S024,5
6402da161610e7dd52314440372e88c3,S006,4
6402da161610e7dd52314440372e88c3,S028,5
6402da161610e7dd52314440372e88c3,S034,4
6402da161610e7dd52314440372e88c3,S041,5
6402da161610e7dd52314440372e88c3,S018,4
6402da161610e7dd52314440372e88c3,S008,4
6402da161610e7dd52314440372e88c3,S039,4
6402da161610e7dd52314440372e88c3,S033,5
6402da161610e7dd52314440372e88c3,S014,4
25dba351e9ccbc4fe30b01f82df14f61,S035,5
25dba351e9ccbc4fe30b01f82df14f61,S027,3
25dba351e9ccbc4fe30b01f82df14f61,S025,5
25dba351e9ccbc4fe30b01f82df14f61,S033,4
25dba351e9ccbc4fe30b01f82df14f61,S005,4
25dba351e9ccbc4fe30b01f82df14f61,S021,4
25dba351e9ccbc4fe30b01f82df14f61,S011,5
25dba351e9ccbc4fe30b01f82df14f61,S007,4
25dba351e9ccbc4fe30b01f82df14f61,S034,5
25dba351e9ccbc4fe30b01f82df14f61,S045,5
25dba351e9ccbc4fe30b01f82df14f61,S031,5
25dba351e9ccbc4fe30b01f82df14f61,S041,5
705a6cb66400758777632aa14bc38992,S009,3
705a6cb66400758777632aa14bc38992,S018,4
705a6cb66400758777632aa14bc38992,S031,4
705a6cb66400758777632aa14bc38992,S044,4
705a6cb66400758777632aa14bc38992,S010,3
705a6cb66400758777632aa14bc38992,S013,3
705a6cb66400758777632aa14bc38992,S027,4
705a6cb66400758777632aa14bc38992,S019,4
705a6cb66400758777632aa14bc38992,S008,3
705a6cb66400758777632aa14bc38992,S036,4
705a6cb66400758777632aa14bc38992,S040,5
705a6cb66400758777632aa14bc38992,S045,3
705a6cb66400758777632aa14bc38992,S042,4
d7983b1ce09f4192262d42ec4865e8e7,S004,2
d7983b1ce09f4192262d42ec4865e8e7,S014,1
d7983b1ce09f4192262d42ec4865e8e7,S002,3
d7983b1ce09f4192262d42ec4865e8e7,S019,3
d7983b1ce09f4192262d42ec4865e8e7,S005,3
d7983b1ce09f4192262d42ec4865e8e7,S007,5
d7983b1ce09f4192262d42ec4865e8e7,S043,3
d7983b1ce09f4192262d42ec4865e8e7,S024,3
f301d10a568ac718a29f76164b1bea11,S009,3
f301d10a568ac718a29f76164b1bea11,S036,3
f301d10a568ac718a29f76164b1bea11,S032,4
f301d10a568ac718a29f76164b1bea11,S025,4
f301d10a568ac718a29f76164b1bea11,S022,4
f301d10a568ac718a29f76164b1bea11,S028,3
f301d10a568ac718a29f76164b1bea11,S033,5
f301d10a568ac718a29f76164b1bea11,S023,3
f301d10a568ac718a29f76164b1bea11,S002,4
f301d10a568ac718a29f76164b1bea11,S027,3
f301d10a568ac718a29f76164b1bea11,S029,3
14d4c2ed50274cf7ba0e85518ad1b65c,S012,4
14d4c2ed50274cf7ba0e85518ad1b65c,S033,3
14d4c2ed50274cf7ba0e85518ad1b65c,S038,4
14d4c2ed50274cf7ba0e85518ad1b65c,S002,4
14d4c2ed50274cf7ba0e85518ad1b65c,S008,3
14d4c2ed50274cf7ba0e85518ad1b65c,S025,3
14d4c2ed50274cf7ba0e85518ad1b65c,S013,4
14d4c2ed50274cf7ba0e85518ad1b65c,S014,4
14d4c2ed50274cf7ba0e85518ad1b65c,S031,3
14d4c2ed50274cf7ba0e85518ad1b65c,S042,4
14d4c2ed50274cf7ba0e85518ad1b65c,S007,4
14d4c2ed50274cf7ba0e85518ad1b65c,S037,4
14d4c2ed50274cf7ba0e85518ad1b65c,S022,3
14d4c2ed50274cf7ba0e85518ad1b65c,S001,5
de8c96d278a3ef43a8938cd501bde53f,S028,3
de8c96d278a3ef43a8938cd501bde53f,S039,1
de8c96d278a3ef43a8938cd501bde53f,S001,1
de8c96d278a3ef43a8938cd501bde53f,S005,1
de8c96d278a3ef43a8938cd501bde53f,S014,1
de8c96d278a3ef43a8938cd501bde53f,S030,1
58df97ed8bf7dd42d99aa55584e84cdf,S032,4
58df97ed8bf7dd42d99aa55584e84cdf,S008,3
58df97ed8bf7dd42d99aa55584e84cdf,S024,3
58df97ed8bf7dd42d99aa55584e84cdf,S034,3
58df97ed8bf7dd42d99aa55584e84cdf,S039,2
58df97ed8bf7dd42d99aa55584e84cdf,S001,3
58df97ed8bf7dd42d99aa55584e84cdf,S009,5
58df97ed8bf7dd42d99aa55584e84cdf,S042,3
58df97ed8bf7dd42d99aa55584e84cdf,S043,1
58df97ed8bf7dd42d99aa55584e84cdf,S012,4
9161eb094d147040ca8704a3895adecd,S035,3
9161eb094d147040ca8704a3895adecd,S006,5
9161eb094d147040ca8704a3895adecd,S013,4
9161eb094d147040ca8704a3895adecd,S008,5
9161eb094d147040ca8704a3895adecd,S003,3
9161eb094d147040ca8704a3895adecd,S033,3
9161eb094d147040ca8704a3895adecd,S025,5
9161eb094d147040ca8704a3895adecd,S009,3
9161eb094d147040ca8704a3895adecd,S038,4
9161eb094d147040ca8704a3895adecd,S022,4
9161eb094d147040ca8704a3895adecd,S040,3
9161eb094d147040ca8704a3895adecd,S005,4
9161eb094d147040ca8704a3895adecd,S028,3
9161eb094d147040ca8704a3895adecd,S020,3
3c93e79063737c6a75ab3fe5b22c9fcc,S003,3
3c93e79063737c6a75ab3fe5b22c9fcc,S016,4
3c93e79063737c6a75ab3fe5b22c9fcc,S038,4
3c93e79063737c6a75ab3fe5b22c9fcc,S037,3
3c93e79063737c6a75ab3fe5b22c9fcc,S045,4
3c93e79063737c6a75ab3fe5b22c9fcc,S019,4
3c93e79063737c6a75ab3fe5b22c9fcc,S017,2
3c93e79063737c6a75ab3fe5b22c9fcc,S011,4
3c93e79063737c6a75ab3fe5b22c9fcc,S028,5
3c93e79063737c6a75ab3fe5b22c9fcc,S004,4
6e1ce547ac42ab7796d11797db69d0e7,S035,1
6e1ce547ac42ab7796d11797db69d0e7,S016,1
6e1ce547ac42ab7796d11797db69d0e7,S018,1
6e1ce547ac42ab7796d11797db69d0e7,S010,1
6e1ce547ac42ab7796d11797db69d0e7,S029,1
6e1ce547ac42ab7796d11797db69d0e7,S038,2
db96f99049d536f833c050f182040958,S002,4
db96f99049d536f833c050f182040958,S001,5
db96f99049d536f833c050f182040958,S042,3
db96f99049d536f833c050f182040958,S006,5
db96f99049d536f833c050f182040958,S026,4
db96f99049d536f833c050f182040958,S024,3
db96f99049d536f833c050f182040958,S014,3
db96f99049d536f833c050f182040958,S017,5
db96f99049d536f833c050f182040958,S030,4
db96f99049d536f833c050f182040958,S036,4
db96f99049d536f833c050f182040958,S037,5
db96f99049d536f833c050f182040958,S040,3
db96f99049d536f833c050f182040958,S023,5
db96f99049d536f833c050f182040958,S007,4
5de82d627bdb1e9e51a2b0fdb4f0ee23,S005,5
5de82d627bdb1e9e51a2b0fdb4f0ee23,S027,5
5de82d627bdb1e9e51a2b0fdb4f0ee23,S010,3
5de82d627bdb1e9e51a2b0fdb4f0ee23,S033,4
5de82d627bdb1e9e51a2b0fdb4f0ee23,S002,4
5de82d627bdb1e9e51a2b0fdb4f0ee23,S006,5
5de82d627bdb1e9e51a2b0fdb4f0ee23,S029,4
5de82d627bdb1e9e51a2b0fdb4f0ee23,S041,3
5de82d627bdb1e9e51a2b0fdb4f0ee23,S008,5
5de82d627bdb1e9e51a2b0fdb4f0ee23,S040,3
ee8f2a176122610fc1aa5e1df80ed019,S022,3
ee8f2a176122610fc1aa5e1df80ed019,S039,3
ee8f2a176122610fc1aa5e1df80ed019,S032,2
ee8f2a176122610fc1aa5e1df80ed019,S012,2
ee8f2a176122610fc1aa5e1df80ed019,S013,2
ee8f2a176122610fc1aa5e1df80ed019,S021,4
ee8f2a176122610fc1aa5e1df80ed019,S045,3
ee8f2a176122610fc1aa5e1df80ed019,S028,1
794703447e77ea23adb805bbd900af00,S008,1
794703447e77ea23adb805bbd900af00,S016,3
794703447e77ea23adb805bbd900af00,S028,2
794703447e77ea23adb805bbd900af00,S019,3
794703447e77ea23adb805bbd900af00,S013,2
794703447e77ea23adb805bbd900af00,S036,1
794703447e77ea23adb805bbd900af00,S040,3
afae55da8835203981d6f1a93b868c96,S042,5
afae55da8835203981d6f1a93b868c96,S043,5
afae55da8835203981d6f1a93b868c96,S002,4
afae55da8835203981d6f1a93b868c96,S021,5
afae55da8835203981d6f1a93b868c96,S001,3
afae55da8835203981d6f1a93b868c96,S039,4
afae55da8835203981d6f1a93b868c96,S011,3
afae55da8835203981d6f1a93b868c96,S016,5
afae55da8835203981d6f1a93b868c96,S017,5
afae55da8835203981d6f1a93b868c96,S024,4
afae55da8835203981d6f1a93b868c96,S038,5
afae55da8835203981d6f1a93b868c96,S020,5
afae55da8835203981d6f1a93b868c96,S014,5
afae55da8835203981d6f1a93b868c96,S004,5
becc6a36510eab570fccdda2cc4f5f49,S035,1
becc6a36510eab570fccdda2cc4f5f49,S024,2
becc6a36510eab570fccdda2cc4f5f49,S031,1
becc6a36510eab570fccdda2cc4f5f49,S011,1
becc6a36510eab570fccdda2cc4f5f49,S040,1
3a2557b683844420b94f66ecd3b4acd8,S010,4
3a2557b683844420b94f66ecd3b4acd8,S017,2
3a2557b683844420b94f66ecd3b4acd8,S004,4
3a2557b683844420b94f66ecd3b4acd8,S015,4
3a2557b683844420b94f66ecd3b4acd8,S020,3
3a2557b683844420b94f66ecd3b4acd8,S005,2
3a2557b683844420b94f66ecd3b4acd8,S018,4
3a2557b683844420b94f66ecd3b4acd8,S042,4
3a2557b683844420b94f66ecd3b4acd8,S030,5
3a2557b683844420b94f66ecd3b4acd8,S002,4
3a2557b683844420b94f66ecd3b4acd8,S024,4
3a2557b683844420b94f66ecd3b4acd8,S025,3
435b66ff5008f2a6336b283150747245,S005,5
435b66ff5008f2a6336b283150747245,S010,4
435b66ff5008f2a6336b283150747245,S026,4
435b66ff5008f2a6336b283150747245,S036,4
435b66ff5008f2a6336b283150747245,S032,4
435b66ff5008f2a6336b283150747245,S016,5
435b66ff5008f2a6336b283150747245,S030,3
435b66ff5008f2a6336b283150747245,S007,3
435b66ff5008f2a6336b283150747245,S022,5
435b66ff5008f2a6336b283150747245,S015,4
435b66ff5008f2a6336b283150747245,S009,5
435b66ff5008f2a6336b283150747245,S033,3
435b66ff5008f2a6336b283150747245,S035,5
435b66ff5008f2a6336b283150747245,S034,4
435b66ff5008f2a6336b283150747245,S012,3
e40f6fe8ae7e96c36a93ab482b703820,S024,5
e40f6fe8ae7e96c36a93ab482b703820,S006,3
e40f6fe8ae7e96c36a93ab482b703820,S001,3
e40f6fe8ae7e96c36a93ab482b703820,S007,4
e40f6fe8ae7e96c36a93ab482b703820,S028,2
e40f6fe8ae7e96c36a93ab482b703820,S037,2
e40f6fe8ae7e96c36a93ab482b703820,S019,3
e40f6fe8ae7e96c36a93ab482b703820,S012,3
e40f6fe8ae7e96c36a93ab482b703820,S021,3
62885f5fa0b2b2bbbdc628d02e432993,S036,2
62885f5fa0b2b2bbbdc628d02e432993,S028,2
62885f5fa0b2b2bbbdc628d02e432993,S010,2
62885f5fa0b2b2bbbdc628d02e432993,S032,2
62885f5fa0b2b2bbbdc628d02e432993,S041,2
62885f5fa0b2b2bbbdc628d02e432993,S038,1
62885f5fa0b2b2bbbdc628d02e432993,S001,3
62885f5fa0b2b2bbbdc628d02e432993,S040,4
62885f5fa0b2b2bbbdc628d02e432993,S013,2
0018d996921e861cf92230193d1a4f70,S041,5
0018d996921e861cf92230193d1a4f70,S017,4
0018d996921e861cf92230193d1a4f70,S025,4
0018d996921e861cf92230193d1a4f70,S035,5
0018d996921e861cf92230193d1a4f70,S040,5
0018d996921e861cf92230193d1a4f70,S039,4
0018d996921e861cf92230193d1a4f70,S002,3
0018d996921e861cf92230193d1a4f70,S018,4
0018d996921e861cf92230193d1a4f70,S005,3
0018d996921e861cf92230193d1a4f70,S010,5
0018d996921e861cf92230193d1a4f70,S042,4
be4dc249271bdda856822a00d47ce4fd,S023,4
be4dc249271bdda856822a00d47ce4fd,S016,3
be4dc249271bdda856822a00d47ce4fd,S033,4
be4dc249271bdda856822a00d47ce4fd,S029,5
be4dc249271bdda856822a00d47ce4fd,S031,5
be4dc249271bdda856822a00d47ce4fd,S019,5
be4dc249271bdda856822a00d47ce4fd,S010,3
be4dc249271bdda856822a00d47ce4fd,S041,4
be4dc249271bdda856822a00d47ce4fd,S038,5
be4dc249271bdda856822a00d47ce4fd,S011,4
be4dc249271bdda856822a00d47ce4fd,S027,5
be4dc249271bdda856822a00d47ce4fd,S004,3
be4dc249271bdda856822a00d47ce4fd,S039,4
be4dc249271bdda856822a00d47ce4fd,S020,5
ec21164e465fd140afddb639405377cd,S014,4
ec21164e465fd140afddb639405377cd,S031,3
ec21164e465fd140afddb639405377cd,S025,3
ec21164e465fd140afddb639405377cd,S015,3
ec21164e465fd140afddb639405377cd,S012,2
ec21164e465fd140afddb639405377cd,S008,3
ec21164e465fd140afddb639405377cd,S003,3
ec21164e465fd140afddb639405377cd,S037,2
ec21164e465fd140afddb639405377cd,S019,3
ec21164e465fd140afddb639405377cd,S022,3
3d72f936fc6b783669cd62fa555cdc98,S028,5
3d72f936fc6b783669cd62fa555cdc98,S021,4
3d72f936fc6b783669cd62fa555cdc98,S013,3
3d72f936fc6b783669cd62fa555cdc98,S032,3
3d72f936fc6b783669cd62fa555cdc98,S025,4
3d72f936fc6b783669cd62fa555cdc98,S004,3
3d72f936fc6b783669cd62fa555cdc98,S026,2
3d72f936fc6b783669cd62fa555cdc98,S005,4
3d72f936fc6b783669cd62fa555cdc98,S034,4
3d72f936fc6b783669cd62fa555cdc98,S042,4
3d72f936fc6b783669cd62fa555cdc98,S027,5
3d72f936fc6b783669cd62fa555cdc98,S012,4
18c614e4508155f55e47d381067a5601,S041,4
18c614e4508155f55e47d381067a5601,S027,5
18c614e4508155f55e47d381067a5601,S003,4
18c614e4508155f55e47d381067a5601,S040,5
18c614e4508155f55e47d381067a5601,S025,3
18c614e4508155f55e47d381067a5601,S036,4
18c614e4508155f55e47d381067a5601,S008,4
18c614e4508155f55e47d381067a5601,S005,4
18c614e4508155f55e47d381067a5601,S030,5
18c614e4508155f55e47d381067a5601,S044,3
18c614e4508155f55e47d381067a5601,S043,3
18c614e4508155f55e47d381067a5601,S023,3
18c614e4508155f55e47d381067a5601,S035,5
7cb883161b2dc6ccf16664df3f2a9645,S003,1
7cb883161b2dc6ccf16664df3f2a9645,S025,1
7cb883161b2dc6ccf16664df3f2a9645,S022,2
7cb883161b2dc6ccf16664df3f2a9645,S029,3
7cb883161b2dc6ccf16664df3f2a9645,S023,2
7cb883161b2dc6ccf16664df3f2a9645,S043,2
7cb883161b2dc6ccf16664df3f2a9645,S037,1
59a1225251427e9684b0903d9dfea1ae,S039,3
59a1225251427e9684b0903d9dfea1ae,S006,4
59a1225251427e9684b0903d9dfea1ae,S007,4
59a1225251427e9684b0903d9dfea1ae,S044,3
59a1225251427e9684b0903d9dfea1ae,S038,3
59a1225251427e9684b0903d9dfea1ae,S026,3
59a1225251427e9684b0903d9dfea1ae,S011,3
59a1225251427e9684b0903d9dfea1ae,S034,4
59a1225251427e9684b0903d9dfea1ae,S016,2
59a1225251427e9684b0903d9dfea1ae,S008,4
59a1225251427e9684b0903d9dfea1ae,S033,3
c1e23ddbe48e4a78a07b9ec917355ee6,S045,5
c1e23ddbe48e4a78a07b9ec917355ee6,S032,4
c1e23ddbe48e4a78a07b9ec917355ee6,S019,4
c1e23ddbe48e4a78a07b9ec917355ee6,S015,5
c1e23ddbe48e4a78a07b9ec917355ee6,S030,4
c1e23ddbe48e4a78a07b9ec917355ee6,S018,4
c1e23ddbe48e4a78a07b9ec917355ee6,S027,3
c1e23ddbe48e4a78a07b9ec917355ee6,S036,5
c1e23ddbe48e4a78a07b9ec917355ee6,S009,4
c1e23ddbe48e4a78a07b9ec917355ee6,S023,5
c1e23ddbe48e4a78a07b9ec917355ee6,S008,3
c1e23ddbe48e4a78a07b9ec917355ee6,S029,4
c1e23ddbe48e4a78a07b9ec917355ee6,S042,5
146f45987b4ad35b5edfea1bb7360637,S004,5
146f45987b4ad35b5edfea1bb7360637,S018,4
146f45987b4ad35b5edfea1bb7360637,S044,3
146f45987b4ad35b5edfea1bb7360637,S022,4
146f45987b4ad35b5edfea1bb7360637,S013,4
146f45987b4ad35b5edfea1bb7360637,S034,3
146f45987b4ad35b5edfea1bb7360637,S020,4
146f45987b4ad35b5edfea1bb7360637,S024,4
146f45987b4ad35b5edfea1bb7360637,S001,3
146f45987b4ad35b5edfea1bb7360637,S030,4
146f45987b4ad35b5edfea1bb7360637,S035,3
146f45987b4ad35b5edfea1bb7360637,S002,4
146f45987b4ad35b5edfea1bb7360637,S042,4
44dbf9dc8079012c60de4bee9765295d,S013,3
44dbf9dc8079012c60de4bee9765295d,S005,2
44dbf9dc8079012c60de4bee9765295d,S015,2
44dbf9dc8079012c60de4bee9765295d,S004,1
44dbf9dc8079012c60de4bee9765295d,S037,4
44dbf9dc8079012c60de4bee9765295d,S027,4
44dbf9dc8079012c60de4bee9765295d,S042,4
44dbf9dc8079012c60de4bee9765295d,S044,3
44dbf9dc8079012c60de4bee9765295d,S003,3
44dbf9dc8079012c60de4bee9765295d,S023,3
44dbf9dc8079012c60de4bee9765295d,S032,3
cbfe47f9876a3b83d6e1806ff070f1df,S006,4
cbfe47f9876a3b83d6e1806ff070f1df,S013,2
cbfe47f9876a3b83d6e1806ff070f1df,S038,2
cbfe47f9876a3b83d6e1806ff070f1df,S016,2
cbfe47f9876a3b83d6e1806ff070f1df,S036,3
cbfe47f9876a3b83d6e1806ff070f1df,S045,3
cbfe47f9876a3b83d6e1806ff070f1df,S037,2
cbfe47f9876a3b83d6e1806ff070f1df,S044,2
cbfe47f9876a3b83d6e1806ff070f1df,S009,2
1323cddc225ed12b5852ce87078c30af,S038,3
1323cddc225ed12b5852ce87078c30af,S031,3
1323cddc225ed12b5852ce87078c30af,S030,2
1323cddc225ed12b5852ce87078c30af,S017,3
1323cddc225ed12b5852ce87078c30af,S041,3
1323cddc225ed12b5852ce87078c30af,S001,3
1323cddc225ed12b5852ce87078c30af,S006,3
1323cddc225ed12b5852ce87078c30af,S029,4
1323cddc225ed12b5852ce87078c30af,S004,3
1323cddc225ed12b5852ce87078c30af,S003,3
1323cddc225ed12b5852ce87078c30af,S019,3
0b816dbd1061b12c1c987bde27c49060,S016,3
0b816dbd1061b12c1c987bde27c49060,S020,4
0b816dbd1061b12c1c987bde27c49060,S026,4
0b816dbd1061b12c1c987bde27c49060,S042,3
0b816dbd1061b12c1c987bde27c49060,S040,4
0b816dbd1061b12c1c987bde27c49060,S025,5
0b816dbd1061b12c1c987bde27c49060,S002,3
0b816dbd1061b12c1c987bde27c49060,S027,4
4f146c0ea30fba3703c19915bd87b7c7,S039,2
4f146c0ea30fba3703c19915bd87b7c7,S029,3
4f146c0ea30fba3703c19915bd87b7c7,S036,4
4f146c0ea30fba3703c19915bd87b7c7,S011,3
4f146c0ea30fba3703c19915bd87b7c7,S018,3
4f146c0ea30fba3703c19915bd87b7c7,S030,4
4f146c0ea30fba3703c19915bd87b7c7,S044,3
4f146c0ea30fba3703c19915bd87b7c7,S019,4
e536d0a12c7bb78e33d910c1206eaf43,S006,4
e536d0a12c7bb78e33d910c1206eaf43,S034,3
e536d0a12c7bb78e33d910c1206eaf43,S003,4
e536d0a12c7bb78e33d910c1206eaf43,S035,5
e536d0a12c7bb78e33d910c1206eaf43,S001,3
e536d0a12c7bb78e33d910c1206eaf43,S008,3
e536d0a12c7bb78e33d910c1206eaf43,S010,4
e536d0a12c7bb78e33d910c1206eaf43,S032,4
e536d0a12c7bb78e33d910c1206eaf43,S025,4
e536d0a12c7bb78e33d910c1206eaf43,S033,4
e536d0a12c7bb78e33d910c1206eaf43,S002,4
160a4ea705d87f8bb7be07fed07d9bff,S004,3
160a4ea705d87f8bb7be07fed07d9bff,S002,2
160a4ea705d87f8bb7be07fed07d9bff,S017,1
160a4ea705d87f8bb7be07fed07d9bff,S043,1
160a4ea705d87f8bb7be07fed07d9bff,S035,3
160a4ea705d87f8bb7be07fed07d9bff,S008,2
160a4ea705d87f8bb7be07fed07d9bff,S011,2
758c94553897a431ada4950a4ca2d3fc,S011,2
758c94553897a431ada4950a4ca2d3fc,S043,1
758c94553897a431ada4950a4ca2d3fc,S032,1
758c94553897a431ada4950a4ca2d3fc,S031,3
758c94553897a431ada4950a4ca2d3fc,S026,2
758c94553897a431ada4950a4ca2d3fc,S015,3
758c94553897a431ada4950a4ca2d3fc,S034,1
91dc9150921e8202f19d8cb8ca7f44cb,S021,3
91dc9150921e8202f19d8cb8ca7f44cb,S017,3
91dc9150921e8202f19d8cb8ca7f44cb,S043,2
91dc9150921e8202f19d8cb8ca7f44cb,S044,2
91dc9150921e8202f19d8cb8ca7f44cb,S011,1
91dc9150921e8202f19d8cb8ca7f44cb,S015,3
91dc9150921e8202f19d8cb8ca7f44cb,S025,3
91dc9150921e8202f19d8cb8ca7f44cb,S020,2
5c55a2c5cdceb6bbd4082176f77d78e5,S011,1
5c55a2c5cdceb6bbd4082176f77d78e5,S009,1
5c55a2c5cdceb6bbd4082176f77d78e5,S032,2
5c55a2c5cdceb6bbd4082176f77d78e5,S020,1
5c55a2c5cdceb6bbd4082176f77d78e5,S029,1
5c55a2c5cdceb6bbd4082176f77d78e5,S021,1
5c55a2c5cdceb6bbd4082176f77d78e5,S037,3
49e2aefb9b99f0280244211183c5cc72,S032,4
49e2aefb9b99f0280244211183c5cc72,S039,5
49e2aefb9b99f0280244211183c5cc72,S016,4
49e2aefb9b99f0280244211183c5cc72,S004,5
49e2aefb9b99f0280244211183c5cc72,S030,5
49e2aefb9b99f0280244211183c5cc72,S043,3
49e2aefb9b99f0280244211183c5cc72,S029,4
49e2aefb9b99f0280244211183c5cc72,S031,4
49e2aefb9b99f0280244211183c5cc72,S042,3
49e2aefb9b99f0280244211183c5cc72,S045,3
49e2aefb9b99f0280244211183c5cc72,S018,4
49e2aefb9b99f0280244211183c5cc72,S001,2
49e2aefb9b99f0280244211183c5cc72,S010,4
6fa081e81b76aa235f715f85d352e77d,S036,2
6fa081e81b76aa235f715f85d352e77d,S014,4
6fa081e81b76aa235f715f85d352e77d,S004,3
6fa081e81b76aa235f715f85d352e77d,S041,4
6fa081e81b76aa235f715f85d352e77d,S013,4
6fa081e81b76aa235f715f85d352e77d,S009,3
6fa081e81b76aa235f715f85d352e77d,S045,2
6fa081e81b76aa235f715f85d352e77d,S037,4
6fa081e81b76aa235f715f85d352e77d,S021,2
6fa081e81b76aa235f715f85d352e77d,S034,4
51681a8627afe9a03ffcf6dc3ec7d435,S036,5
51681a8627afe9a03ffcf6dc3ec7d435,S035,4
51681a8627afe9a03ffcf6dc3ec7d435,S044,4
51681a8627afe9a03ffcf6dc3ec7d435,S042,5
51681a8627afe9a03ffcf6dc3ec7d435,S017,3
51681a8627afe9a03ffcf6dc3ec7d435,S010,3
51681a8627afe9a03ffcf6dc3ec7d435,S008,4
51681a8627afe9a03ffcf6dc3ec7d435,S012,4
51681a8627afe9a03ffcf6dc3ec7d435,S022,5
51681a8627afe9a03ffcf6dc3ec7d435,S013,4
51681a8627afe9a03ffcf6dc3ec7d435,S037,5
46e1a8d58f98bce94c73ba9a1c55cbc6,S038,5
46e1a8d58f98bce94c73ba9a1c55cbc6,S012,4
46e1a8d58f98bce94c73ba9a1c55cbc6,S033,4
46e1a8d58f98bce94c73ba9a1c55cbc6,S042,4
46e1a8d58f98bce94c73ba9a1c55cbc6,S043,3
46e1a8d58f98bce94c73ba9a1c55cbc6,S020,4
46e1a8d58f98bce94c73ba9a1c55cbc6,S004,4
46e1a8d58f98bce94c73ba9a1c55cbc6,S017,4
46e1a8d58f98bce94c73ba9a1c55cbc6,S019,4
46e1a8d58f98bce94c73ba9a1c55cbc6,S024,5
46e1a8d58f98bce94c73ba9a1c55cbc6,S034,4
46e1a8d58f98bce94c73ba9a1c55cbc6,S035,5
46e1a8d58f98bce94c73ba9a1c55cbc6,S009,5
62da1e75ce3554de4c074fd34236ce46,S008,4
62da1e75ce3554de4c074fd34236ce46,S028,4
62da1e75ce3554de4c074fd34236ce46,S032,4
62da1e75ce3554de4c074fd34236ce46,S013,5
62da1e75ce3554de4c074fd34236ce46,S014,3
62da1e75ce3554de4c074fd34236ce46,S034,5
62da1e75ce3554de4c074fd34236ce46,S019,4
62da1e75ce3554de4c074fd34236ce46,S037,3
62da1e75ce3554de4c074fd34236ce46,S030,5
62da1e75ce3554de4c074fd34236ce46,S038,4
62da1e75ce3554de4c074fd34236ce46,S004,4
a9f3bc9e2b4e36e45b31fb9ee0a64b9f,S030,2
a9f3bc9e2b4e36e45b31fb9ee0a64b9f,S029,3
a9f3bc9e2b4e36e45b31fb9ee0a64b9f,S008,4
a9f3bc9e2b4e36e45b31fb9ee0a64b9f,S043,3
a9f3bc9e2b4e36e45b31fb9ee0a64b9f,S017,5
a9f3bc9e2b4e36e45b31fb9ee0a64b9f,S040,4
a9f3bc9e2b4e36e45b31fb9ee0a64b9f,S014,4
a9f3bc9e2b4e36e45b31fb9ee0a64b9f,S006,2
a9f3bc9e2b4e36e45b31fb9ee0a64b9f,S036,4
a9f3bc9e2b4e36e45b31fb9ee0a64b9f,S032,3
2eb068a40abdb2e1efda32479ea7edff,S015,3
2eb068a40abdb2e1efda32479ea7edff,S024,2
2eb068a40abdb2e1efda32479ea7edff,S027,2
2eb068a40abdb2e1efda32479ea7edff,S028,4
2eb068a40abdb2e1efda32479ea7edff,S038,4
2eb068a40abdb2e1efda32479ea7edff,S008,3
2eb068a40abdb2e1efda32479ea7edff,S006,2
2eb068a40abdb2e1efda32479ea7edff,S025,3
2eb068a40abdb2e1efda32479ea7edff,S041,3
2eb068a40abdb2e1efda32479ea7edff,S034,3
2eb068a40abdb2e1efda32479ea7edff,S043,3
2eb068a40abdb2e1efda32479ea7edff,S032,3
ef17daf65554e0712a90c7c7a86be987,S015,1
ef17daf65554e0712a90c7c7a86be987,S001,3
ef17daf65554e0712a90c7c7a86be987,S018,1
ef17daf65554e0712a90c7c7a86be987,S024,1
ef17daf65554e0712a90c7c7a86be987,S020,1
1a9be1d8b910e24b093fd9fd82013d35,S040,3
1a9be1d8b910e24b093fd9fd82013d35,S031,1
1a9be1d8b910e24b093fd9fd82013d35,S001,2
1a9be1d8b910e24b093fd9fd82013d35,S019,1
1a9be1d8b910e24b093fd9fd82013d35,S017,1
1a9be1d8b910e24b093fd9fd82013d35,S027,2
1a9be1d8b910e24b093fd9fd82013d35,S025,2
5851f81a6b7b9f64703d562f0d567b40,S032,2
5851f81a6b7b9f64703d562f0d567b40,S044,3
5851f81a6b7b9f64703d562f0d567b40,S042,4
5851f81a6b7b9f64703d562f0d567b40,S003,2
5851f81a6b7b9f64703d562f0d567b40,S004,3
5851f81a6b7b9f64703d562f0d567b40,S024,3
5851f81a6b7b9f64703d562f0d567b40,S040,3
5851f81a6b7b9f64703d562f0d567b40,S038,4
5851f81a6b7b9f64703d562f0d567b40,S011,3
9c1a51f66518a6660ddfc629b268b442,S032,2
9c1a51f66518a6660ddfc629b268b442,S015,2
9c1a51f66518a6660ddfc629b268b442,S021,1
9c1a51f66518a6660ddfc629b268b442,S020,1
9c1a51f66518a6660ddfc629b268b442,S008,2
9c1a51f66518a6660ddfc629b268b442,S028,3
2a8596c056e72a6029f033a630732457,S016,4
2a8596c056e72a6029f033a630732457,S035,4
2a8596c056e72a6029f033a630732457,S010,2
2a8596c056e72a6029f033a630732457,S022,5
2a8596c056e72a6029f033a630732457,S024,3
2a8596c056e72a6029f033a630732457,S034,4
2a8596c056e72a6029f033a630732457,S013,4
2a8596c056e72a6029f033a630732457,S004,5
2a8596c056e72a6029f033a630732457,S033,4
2a8596c056e72a6029f033a630732457,S043,5
789a595f6aecae7bc740f1db74e494f3,S026,1
789a595f6aecae7bc740f1db74e494f3,S006,2
789a595f6aecae7bc740f1db74e494f3,S027,1
789a595f6aecae7bc740f1db74e494f3,S004,2
789a595f6aecae7bc740f1db74e494f3,S024,2
789a595f6aecae7bc740f1db74e494f3,S014,2
663a61fc93a9e5dd215fc5a89ed49dd1,S041,2
663a61fc93a9e5dd215fc5a89ed49dd1,S036,3
663a61fc93a9e5dd215fc5a89ed49dd1,S012,2
663a61fc93a9e5dd215fc5a89ed49dd1,S043,3
663a61fc93a9e5dd215fc5a89ed49dd1,S033,1
663a61fc93a9e5dd215fc5a89ed49dd1,S010,3
663a61fc93a9e5dd215fc5a89ed49dd1,S024,3
663a61fc93a9e5dd215fc5a89ed49dd1,S003,3
4b9395f7a69ec2fe4d3e55d8769eeaee,S045,1
4b9395f7a69ec2fe4d3e55d8769eeaee,S011,2
4b9395f7a69ec2fe4d3e55d8769eeaee,S022,2
4b9395f7a69ec2fe4d3e55d8769eeaee,S004,2
4b9395f7a69ec2fe4d3e55d8769eeaee,S018,2
4b9395f7a69ec2fe4d3e55d8769eeaee,S029,3
4b9395f7a69ec2fe4d3e55d8769eeaee,S043,3
4b9395f7a69ec2fe4d3e55d8769eeaee,S042,1
20f74f9e125587f6cbd129071a5f3e57,S001,4
20f74f9e125587f6cbd129071a5f3e57,S032,4
20f74f9e125587f6cbd129071a5f3e57,S017,3
20f74f9e125587f6cbd129071a5f3e57,S016,4
20f74f9e125587f6cbd129071a5f3e57,S014,4
20f74f9e125587f6cbd129071a5f3e57,S009,5
20f74f9e125587f6cbd129071a5f3e57,S013,3
20f74f9e125587f6cbd129071a5f3e57,S027,5
20f74f9e125587f6cbd129071a5f3e57,S033,4
20f74f9e125587f6cbd129071a5f3e57,S041,5
20f74f9e125587f6cbd129071a5f3e57,S044,4
20f74f9e125587f6cbd129071a5f3e57,S021,4
20f74f9e125587f6cbd129071a5f3e57,S003,4
4232f3878d8b2ceef33ba98f32ddbb99,S038,4
4232f3878d8b2ceef33ba98f32ddbb99,S010,5
4232f3878d8b2ceef33ba98f32ddbb99,S029,4
4232f3878d8b2ceef33ba98f32ddbb99,S009,5
4232f3878d8b2ceef33ba98f32ddbb99,S001,4
4232f3878d8b2ceef33ba98f32ddbb99,S041,4
4232f3878d8b2ceef33ba98f32ddbb99,S025,5
4232f3878d8b2ceef33ba98f32ddbb99,S016,4
4232f3878d8b2ceef33ba98f32ddbb99,S026,3
4232f3878d8b2ceef33ba98f32ddbb99,S020,4
4232f3878d8b2ceef33ba98f32ddbb99,S043,4
4232f3878d8b2ceef33ba98f32ddbb99,S019,4
861872fd7f746c88c19765f1d1edb3f3,S001,1
861872fd7f746c88c19765f1d1edb3f3,S032,1
861872fd7f746c88c19765f1d1edb3f3,S009,2
861872fd7f746c88c19765f1d1edb3f3,S041,1
861872fd7f746c88c19765f1d1edb3f3,S002,1
861872fd7f746c88c19765f1d1edb3f3,S020,2
861872fd7f746c88c19765f1d1edb3f3,S017,2
52fa71cd60caac80c9f9253dfc8f31fb,S017,4
52fa71cd60caac80c9f9253dfc8f31fb,S034,3
52fa71cd60caac80c9f9253dfc8f31fb,S038,2
52fa71cd60caac80c9f9253dfc8f31fb,S031,3
52fa71cd60caac80c9f9253dfc8f31fb,S037,2
52fa71cd60caac80c9f9253dfc8f31fb,S041,1
52fa71cd60caac80c9f9253dfc8f31fb,S023,2
52fa71cd60caac80c9f9253dfc8f31fb,S036,3
52fa71cd60caac80c9f9253dfc8f31fb,S020,4
52fa71cd60caac80c9f9253dfc8f31fb,S007,2
0f85d9411b84b629c387dece41ab6963,S045,5
0f85d9411b84b629c387dece41ab6963,S030,2
0f85d9411b84b629c387dece41ab6963,S023,4
0f85d9411b84b629c387dece41ab6963,S037,2
0f85d9411b84b629c387dece41ab6963,S004,3
0f85d9411b84b629c387dece41ab6963,S032,3
0f85d9411b84b629c387dece41ab6963,S018,3
0f85d9411b84b629c387dece41ab6963,S019,3
0f85d9411b84b629c387dece41ab6963,S041,3
ca06317efc8c6c85f3768449efe16443,S021,2
ca06317efc8c6c85f3768449efe16443,S006,2
ca06317efc8c6c85f3768449efe16443,S025,4
ca06317efc8c6c85f3768449efe16443,S003,3
ca06317efc8c6c85f3768449efe16443,S005,2
ca06317efc8c6c85f3768449efe16443,S020,3
ca06317efc8c6c85f3768449efe16443,S028,4
ca06317efc8c6c85f3768449efe16443,S041,3
ca06317efc8c6c85f3768449efe16443,S019,3
9e0f948af4a7a815b0446f2797d225c0,S041,1
9e0f948af4a7a815b0446f2797d225c0,S004,2
9e0f948af4a7a815b0446f2797d225c0,S009,2
9e0f948af4a7a815b0446f2797d225c0,S002,1
9e0f948af4a7a815b0446f2797d225c0,S040,2
9e0f948af4a7a815b0446f2797d225c0,S006,1
dcf6b17460961b457fe3fbaf26242e5c,S023,5
dcf6b17460961b457fe3fbaf26242e5c,S013,3
dcf6b17460961b457fe3fbaf26242e5c,S001,4
dcf6b17460961b457fe3fbaf26242e5c,S037,4
dcf6b17460961b457fe3fbaf26242e5c,S024,3
dcf6b17460961b457fe3fbaf26242e5c,S036,4
dcf6b17460961b457fe3fbaf26242e5c,S002,3
dcf6b17460961b457fe3fbaf26242e5c,S019,5
dcf6b17460961b457fe3fbaf26242e5c,S007,5
dcf6b17460961b457fe3fbaf26242e5c,S003,4
a4d523843f573cc3f849a98d0a373d67,S043,4
a4d523843f573cc3f849a98d0a373d67,S025,5
a4d523843f573cc3f849a98d0a373d67,S005,4
a4d523843f573cc3f849a98d0a373d67,S014,3
a4d523843f573cc3f849a98d0a373d67,S033,4
a4d523843f573cc3f849a98d0a373d67,S037,4
a4d523843f573cc3f849a98d0a373d67,S009,4
a4d523843f573cc3f849a98d0a373d67,S039,4
a4d523843f573cc3f849a98d0a373d67,S029,4
a4d523843f573cc3f849a98d0a373d67,S013,3
a4d523843f573cc3f849a98d0a373d67,S001,3
a4d523843f573cc3f849a98d0a373d67,S007,3
1270726f953d857aa05b0b4d7ca6371f,S026,4
1270726f953d857aa05b0b4d7ca6371f,S030,4
1270726f953d857aa05b0b4d7ca6371f,S010,4
1270726f953d857aa05b0b4d7ca6371f,S019,4
1270726f953d857aa05b0b4d7ca6371f,S003,2
1270726f953d857aa05b0b4d7ca6371f,S001,5
1270726f953d857aa05b0b4d7ca6371f,S018,4
1270726f953d857aa05b0b4d7ca6371f,S014,4
1270726f953d857aa05b0b4d7ca6371f,S023,5
1270726f953d857aa05b0b4d7ca6371f,S040,5
1270726f953d857aa05b0b4d7ca6371f,S009,5
1270726f953d857aa05b0b4d7ca6371f,S044,3
1270726f953d857aa05b0b4d7ca6371f,S020,3
1270726f953d857aa05b0b4d7ca6371f,S021,5
c35ceac5209eef5688a015a7be869415,S028,3
c35ceac5209eef5688a015a7be869415,S011,3
c35ceac5209eef5688a015a7be869415,S024,2
c35ceac5209eef5688a015a7be869415,S030,1
c35ceac5209eef5688a015a7be869415,S019,3
c35ceac5209eef5688a015a7be869415,S009,4
c35ceac5209eef5688a015a7be869415,S034,2
c35ceac5209eef5688a015a7be869415,S043,2
ffb032aef422b966505c9b1fbed510cd,S043,4
ffb032aef422b966505c9b1fbed510cd,S045,4
ffb032aef422b966505c9b1fbed510cd,S019,4
ffb032aef422b966505c9b1fbed510cd,S002,5
ffb032aef422b966505c9b1fbed510cd,S025,4
ffb032aef422b966505c9b1fbed510cd,S007,5
ffb032aef422b966505c9b1fbed510cd,S015,4
ffb032aef422b966505c9b1fbed510cd,S038,3
ffb032aef422b966505c9b1fbed510cd,S018,3
ffb032aef422b966505c9b1fbed510cd,S026,5
edb90512a74edfa97e261ab9730a02f6,S013,5
edb90512a74edfa97e261ab9730a02f6,S033,3
edb90512a74edfa97e261ab9730a02f6,S014,4
edb90512a74edfa97e261ab9730a02f6,S012,5
edb90512a74edfa97e261ab9730a02f6,S021,4
edb90512a74edfa97e261ab9730a02f6,S029,5
edb90512a74edfa97e261ab9730a02f6,S025,4
edb90512a74edfa97e261ab9730a02f6,S041,4
edb90512a74edfa97e261ab9730a02f6,S022,5
edb90512a74edfa97e261ab9730a02f6,S004,5
edb90512a74edfa97e261ab9730a02f6,S019,3
04e0e53b1239077b38d5be4ff7ba3244,S011,1
04e0e53b1239077b38d5be4ff7ba3244,S016,4
04e0e53b1239077b38d5be4ff7ba3244,S025,1
04e0e53b1239077b38d5be4ff7ba3244,S015,2
04e0e53b1239077b38d5be4ff7ba3244,S005,1
04e0e53b1239077b38d5be4ff7ba3244,S044,2
04e0e53b1239077b38d5be4ff7ba3244,S040,3
e00f10116fbe5e5614960c64b236e7e1,S017,1
e00f10116fbe5e5614960c64b236e7e1,S031,1
e00f10116fbe5e5614960c64b236e7e1,S014,1
e00f10116fbe5e5614960c64b236e7e1,S034,1
e00f10116fbe5e5614960c64b236e7e1,S041,1
e00f10116fbe5e5614960c64b236e7e1,S036,2
7df82e446217730cb37f479d887348a7,S031,5
7df82e446217730cb37f479d887348a7,S039,5
7df82e446217730cb37f479d887348a7,S019,4
7df82e446217730cb37f479d887348a7,S024,2
7df82e446217730cb37f479d887348a7,S017,4
7df82e446217730cb37f479d887348a7,S003,4
7df82e446217730cb37f479d887348a7,S011,3
7df82e446217730cb37f479d887348a7,S008,4
7df82e446217730cb37f479d887348a7,S034,5
7df82e446217730cb37f479d887348a7,S041,4
7df82e446217730cb37f479d887348a7,S005,3
7df82e446217730cb37f479d887348a7,S042,4
7df82e446217730cb37f479d887348a7,S013,5
7df82e446217730cb37f479d887348a7,S027,4
292c379f618345fea432644899b0485c,S007,3
292c379f618345fea432644899b0485c,S017,2
292c379f618345fea432644899b0485c,S019,5
292c379f618345fea432644899b0485c,S043,2
292c379f618345fea432644899b0485c,S028,4
292c379f618345fea432644899b0485c,S037,2
292c379f618345fea432644899b0485c,S024,3
292c379f618345fea432644899b0485c,S045,3
292c379f618345fea432644899b0485c,S004,2
292c379f618345fea432644899b0485c,S025,3
4046d2e4851b3e8cc0a827698fea15b2,S045,1
4046d2e4851b3e8cc0a827698fea15b2,S015,5
4046d2e4851b3e8cc0a827698fea15b2,S032,4
4046d2e4851b3e8cc0a827698fea15b2,S027,5
4046d2e4851b3e8cc0a827698fea15b2,S011,3
4046d2e4851b3e8cc0a827698fea15b2,S043,4
4046d2e4851b3e8cc0a827698fea15b2,S018,4
4046d2e4851b3e8cc0a827698fea15b2,S012,4
4046d2e4851b3e8cc0a827698fea15b2,S020,3
4046d2e4851b3e8cc0a827698fea15b2,S014,5
493acf4ed6e2f8d28d507ef0008da091,S023,3
493acf4ed6e2f8d28d507ef0008da091,S002,3
493acf4ed6e2f8d28d507ef0008da091,S007,1
493acf4ed6e2f8d28d507ef0008da091,S001,3
493acf4ed6e2f8d28d507ef0008da091,S013,2
493acf4ed6e2f8d28d507ef0008da091,S025,1
8e9e5c002657a6a7d8e8b7b38d0ff5a3,S038,4
8e9e5c002657a6a7d8e8b7b38d0ff5a3,S035,2
8e9e5c002657a6a7d8e8b7b38d0ff5a3,S023,2
8e9e5c002657a6a7d8e8b7b38d0ff5a3,S007,3
8e9e5c002657a6a7d8e8b7b38d0ff5a3,S004,3
8e9e5c002657a6a7d8e8b7b38d0ff5a3,S039,2
8e9e5c002657a6a7d8e8b7b38d0ff5a3,S036,4
8e9e5c002657a6a7d8e8b7b38d0ff5a3,S018,3
8e9e5c002657a6a7d8e8b7b38d0ff5a3,S006,2
8e9e5c002657a6a7d8e8b7b38d0ff5a3,S044,3
9d31403bbfd46bd68ef483cdf466afc7,S017,1
9d31403bbfd46bd68ef483cdf466afc7,S044,1
9d31403bbfd46bd68ef483cdf466afc7,S018,1
9d31403bbfd46bd68ef483cdf466afc7,S011,2
9d31403bbfd46bd68ef483cdf466afc7,S039,3
9d31403bbfd46bd68ef483cdf466afc7,S030,2
1f7caeb98c53085e6c29c0771cab788c,S007,4
1f7caeb98c53085e6c29c0771cab788c,S039,4
1f7caeb98c53085e6c29c0771cab788c,S006,3
1f7caeb98c53085e6c29c0771cab788c,S032,3
1f7caeb98c53085e6c29c0771cab788c,S003,4
1f7caeb98c53085e6c29c0771cab788c,S024,3
1f7caeb98c53085e6c29c0771cab788c,S029,3
1f7caeb98c53085e6c29c0771cab788c,S020,1
1f7caeb98c53085e6c29c0771cab788c,S035,3
1f7caeb98c53085e6c29c0771cab788c,S022,2
d2b5966f83b5c4345357c9ac55992f6f,S021,4
d2b5966f83b5c4345357c9ac55992f6f,S011,4
d2b5966f83b5c4345357c9ac55992f6f,S012,4
d2b5966f83b5c4345357c9ac55992f6f,S033,3
d2b5966f83b5c4345357c9ac55992f6f,S006,5
d2b5966f83b5c4345357c9ac55992f6f,S009,4
d2b5966f83b5c4345357c9ac55992f6f,S005,3
d2b5966f83b5c4345357c9ac55992f6f,S041,5
d2b5966f83b5c4345357c9ac55992f6f,S038,4
d2b5966f83b5c4345357c9ac55992f6f,S035,4
3b5c16a46f5819f9f8577f5687ab499f,S032,4
3b5c16a46f5819f9f8577f5687ab499f,S014,4
3b5c16a46f5819f9f8577f5687ab499f,S038,5
3b5c16a46f5819f9f8577f5687ab499f,S029,5
3b5c16a46f5819f9f8577f5687ab499f,S042,4
3b5c16a46f5819f9f8577f5687ab499f,S043,5
3b5c16a46f5819f9f8577f5687ab499f,S002,4
3b5c16a46f5819f9f8577f5687ab499f,S005,4
3b5c16a46f5819f9f8577f5687ab499f,S013,3
3b5c16a46f5819f9f8577f5687ab499f,S036,5
3b5c16a46f5819f9f8577f5687ab499f,S039,5
3b5c16a46f5819f9f8577f5687ab499f,S040,4
3b5c16a46f5819f9f8577f5687ab499f,S035,5
3b5c16a46f5819f9f8577f5687ab499f,S010,5
e98a3d413b796248f14747ab7619ef4f,S008,4
e98a3d413b796248f14747ab7619ef4f,S033,5
e98a3d413b796248f14747ab7619ef4f,S016,4
e98a3d413b796248f14747ab7619ef4f,S005,1
e98a3d413b796248f14747ab7619ef4f,S041,3
e98a3d413b796248f14747ab7619ef4f,S002,3
e98a3d413b796248f14747ab7619ef4f,S003,2
e98a3d413b796248f14747ab7619ef4f,S007,3
e98a3d413b796248f14747ab7619ef4f,S035,3
3b597f78a730139b32d8f5c57e818499,S021,3
3b597f78a730139b32d8f5c57e818499,S035,2
3b597f78a730139b32d8f5c57e818499,S029,4
3b597f78a730139b32d8f5c57e818499,S003,3
3b597f78a730139b32d8f5c57e818499,S020,4
3b597f78a730139b32d8f5c57e818499,S001,3
3b597f78a730139b32d8f5c57e818499,S045,2
3b597f78a730139b32d8f5c57e818499,S032,3
3b597f78a730139b32d8f5c57e818499,S033,2
45a5114845dec13bb8ed07ed98281878,S012,1
45a5114845dec13bb8ed07ed98281878,S002,1
45a5114845dec13bb8ed07ed98281878,S020,2
45a5114845dec13bb8ed07ed98281878,S003,5
45a5114845dec13bb8ed07ed98281878,S005,3
45a5114845dec13bb8ed07ed98281878,S034,3
45a5114845dec13bb8ed07ed98281878,S043,4
45a5114845dec13bb8ed07ed98281878,S008,3
45a5114845dec13bb8ed07ed98281878,S032,3
0f796bfe77c6752c2a7175a1ed4f4b69,S022,3
0f796bfe77c6752c2a7175a1ed4f4b69,S033,3
0f796bfe77c6752c2a7175a1ed4f4b69,S013,2
0f796bfe77c6752c2a7175a1ed4f4b69,S016,2
0f796bfe77c6752c2a7175a1ed4f4b69,S034,3
0f796bfe77c6752c2a7175a1ed4f4b69,S040,3
0f796bfe77c6752c2a7175a1ed4f4b69,S015,4
0f796bfe77c6752c2a7175a1ed4f4b69,S038,2
0f796bfe77c6752c2a7175a1ed4f4b69,S008,4
0f796bfe77c6752c2a7175a1ed4f4b69,S043,3
0f796bfe77c6752c2a7175a1ed4f4b69,S036,2
aa7b0a6c88d28a7b3fac2fd15b452764,S012,3
aa7b0a6c88d28a7b3fac2fd15b452764,S008,2
aa7b0a6c88d28a7b3fac2fd15b452764,S032,1
aa7b0a6c88d28a7b3fac2fd15b452764,S024,2
aa7b0a6c88d28a7b3fac2fd15b452764,S040,4
aa7b0a6c88d28a7b3fac2fd15b452764,S038,2
aa7b0a6c88d28a7b3fac2fd15b452764,S002,3
8eddfb11d689905311038430d8992123,S004,4
8eddfb11d689905311038430d8992123,S034,1
8eddfb11d689905311038430d8992123,S008,4
8eddfb11d689905311038430d8992123,S035,2
8eddfb11d689905311038430d8992123,S031,3
8eddfb11d689905311038430d8992123,S020,3
8eddfb11d689905311038430d8992123,S038,2
8eddfb11d689905311038430d8992123,S043,2
8eddfb11d689905311038430d8992123,S006,1
8eddfb11d689905311038430d8992123,S010,4
34e0e77096427c43508b87a431ecedca,S014,2
34e0e77096427c43508b87a431ecedca,S033,2
34e0e77096427c43508b87a431ecedca,S007,3
34e0e77096427c43508b87a431ecedca,S008,3
34e0e77096427c43508b87a431ecedca,S016,1
34e0e77096427c43508b87a431ecedca,S002,2
34e0e77096427c43508b87a431ecedca,S006,1
a53dce84b89dcb8c16b41f78080b25fa,S021,3
a53dce84b89dcb8c16b41f78080b25fa,S020,4
a53dce84b89dcb8c16b41f78080b25fa,S028,4
a53dce84b89dcb8c16b41f78080b25fa,S018,4
a53dce84b89dcb8c16b41f78080b25fa,S043,3
a53dce84b89dcb8c16b41f78080b25fa,S040,4
a53dce84b89dcb8c16b41f78080b25fa,S002,3
a53dce84b89dcb8c16b41f78080b25fa,S042,3
a53dce84b89dcb8c16b41f78080b25fa,S039,4
a53dce84b89dcb8c16b41f78080b25fa,S009,5
b8e89ff98a98270701ed5df1725ccb40,S037,5
b8e89ff98a98270701ed5df1725ccb40,S022,4
b8e89ff98a98270701ed5df1725ccb40,S007,3
b8e89ff98a98270701ed5df1725ccb40,S011,4
b8e89ff98a98270701ed5df1725ccb40,S038,5
b8e89ff98a98270701ed5df1725ccb40,S006,4
b8e89ff98a98270701ed5df1725ccb40,S002,4
b8e89ff98a98270701ed5df1725ccb40,S030,3
b8e89ff98a98270701ed5df1725ccb40,S039,4
b8e89ff98a98270701ed5df1725ccb40,S014,4
b8e89ff98a98270701ed5df1725ccb40,S045,5
34eed5f432d8831c3b56c66e0a6b5c59,S016,3
34eed5f432d8831c3b56c66e0a6b5c59,S012,3
34eed5f432d8831c3b56c66e0a6b5c59,S015,3
34eed5f432d8831c3b56c66e0a6b5c59,S041,2
34eed5f432d8831c3b56c66e0a6b5c59,S028,4
34eed5f432d8831c3b56c66e0a6b5c59,S037,2
34eed5f432d8831c3b56c66e0a6b5c59,S038,3
34eed5f432d8831c3b56c66e0a6b5c59,S045,3
6d13b79b58036d9f4257d69b392a62fa,S004,4
6d13b79b58036d9f4257d69b392a62fa,S013,4
6d13b79b58036d9f4257d69b392a62fa,S011,3
6d13b79b58036d9f4257d69b392a62fa,S026,3
6d13b79b58036d9f4257d69b392a62fa,S031,4
6d13b79b58036d9f4257d69b392a62fa,S030,3
6d13b79b58036d9f4257d69b392a62fa,S010,3
6d13b79b58036d9f4257d69b392a62fa,S024,2
6d13b79b58036d9f4257d69b392a62fa,S007,3
6d13b79b58036d9f4257d69b392a62fa,S029,2
60a6cadd7d3d1de9a18d4d969a4833cc,S012,4
60a6cadd7d3d1de9a18d4d969a4833cc,S040,2
60a6cadd7d3d1de9a18d4d969a4833cc,S025,3
60a6cadd7d3d1de9a18d4d969a4833cc,S011,3
60a6cadd7d3d1de9a18d4d969a4833cc,S015,4
60a6cadd7d3d1de9a18d4d969a4833cc,S030,3
60a6cadd7d3d1de9a18d4d969a4833cc,S001,4
60a6cadd7d3d1de9a18d4d969a4833cc,S032,4
60a6cadd7d3d1de9a18d4d969a4833cc,S024,2
523aa16a6428e54580fd7f349d94ddcc,S009,3
523aa16a6428e54580fd7f349d94ddcc,S041,2
523aa16a6428e54580fd7f349d94ddcc,S034,3
523aa16a6428e54580fd7f349d94ddcc,S020,3
523aa16a6428e54580fd7f349d94ddcc,S012,4
523aa16a6428e54580fd7f349d94ddcc,S028,2
523aa16a6428e54580fd7f349d94ddcc,S036,2
523aa16a6428e54580fd7f349d94ddcc,S017,2
523aa16a6428e54580fd7f349d94ddcc,S006,2
523aa16a6428e54580fd7f349d94ddcc,S033,4
5f62bd71a942b9834542d5cfefbaf4db,S038,4
5f62bd71a942b9834542d5cfefbaf4db,S035,5
5f62bd71a942b9834542d5cfefbaf4db,S032,3
5f62bd71a942b9834542d5cfefbaf4db,S005,4
5f62bd71a942b9834542d5cfefbaf4db,S020,3
5f62bd71a942b9834542d5cfefbaf4db,S036,2
5f62bd71a942b9834542d5cfefbaf4db,S012,3
5f62bd71a942b9834542d5cfefbaf4db,S043,3
5f62bd71a942b9834542d5cfefbaf4db,S025,3
5f62bd71a942b9834542d5cfefbaf4db,S024,3
5f62bd71a942b9834542d5cfefbaf4db,S015,3
4193166bcb7db6062d1688131ec47627,S009,2
4193166bcb7db6062d1688131ec47627,S004,1
4193166bcb7db6062d1688131ec47627,S024,3
4193166bcb7db6062d1688131ec47627,S021,4
4193166bcb7db6062d1688131ec47627,S043,5
4193166bcb7db6062d1688131ec47627,S002,3
4193166bcb7db6062d1688131ec47627,S034,2
4193166bcb7db6062d1688131ec47627,S031,4
4193166bcb7db6062d1688131ec47627,S012,4
4193166bcb7db6062d1688131ec47627,S014,3
4193166bcb7db6062d1688131ec47627,S026,3
e98d80be75052a96c18fac38a5aeaf4f,S036,1
e98d80be75052a96c18fac38a5aeaf4f,S040,1
e98d80be75052a96c18fac38a5aeaf4f,S008,1
e98d80be75052a96c18fac38a5aeaf4f,S010,2
e98d80be75052a96c18fac38a5aeaf4f,S004,3
e98d80be75052a96c18fac38a5aeaf4f,S009,2
e98d80be75052a96c18fac38a5aeaf4f,S029,2
6e7f95f9222c10c3631e8993b65d18d1,S031,5
6e7f95f9222c10c3631e8993b65d18d1,S026,5
6e7f95f9222c10c3631e8993b65d18d1,S021,4
6e7f95f9222c10c3631e8993b65d18d1,S039,5
6e7f95f9222c10c3631e8993b65d18d1,S022,3
6e7f95f9222c10c3631e8993b65d18d1,S001,5
6e7f95f9222c10c3631e8993b65d18d1,S003,3
6e7f95f9222c10c3631e8993b65d18d1,S017,4
6e7f95f9222c10c3631e8993b65d18d1,S025,4
6e7f95f9222c10c3631e8993b65d18d1,S014,3
fde685790c594649b21a972d9ad7d52f,S044,3
fde685790c594649b21a972d9ad7d52f,S018,3
fde685790c594649b21a972d9ad7d52f,S029,4
fde685790c594649b21a972d9ad7d52f,S002,4
fde685790c594649b21a972d9ad7d52f,S004,3
fde685790c594649b21a972d9ad7d52f,S008,4
fde685790c594649b21a972d9ad7d52f,S017,4
fde685790c594649b21a972d9ad7d52f,S005,4
fde685790c594649b21a972d9ad7d52f,S014,3
fde685790c594649b21a972d9ad7d52f,S010,4
fde685790c594649b21a972d9ad7d52f,S040,5
fde685790c594649b21a972d9ad7d52f,S030,3
fde685790c594649b21a972d9ad7d52f,S042,3
106708d3663d834a246944ab1c9de308,S021,2
106708d3663d834a246944ab1c9de308,S032,2
106708d3663d834a246944ab1c9de308,S001,1
106708d3663d834a246944ab1c9de308,S022,2
106708d3663d834a246944ab1c9de308,S020,2
106708d3663d834a246944ab1c9de308,S009,3
106708d3663d834a246944ab1c9de308,S005,3
106708d3663d834a246944ab1c9de308,S012,3
106708d3663d834a246944ab1c9de308,S036,1
b7e9a8421514c1f6023eac131160105c,S006,4
b7e9a8421514c1f6023eac131160105c,S014,3
b7e9a8421514c1f6023eac131160105c,S034,3
b7e9a8421514c1f6023eac131160105c,S015,3
b7e9a8421514c1f6023eac131160105c,S033,4
b7e9a8421514c1f6023eac131160105c,S005,1
b7e9a8421514c1f6023eac131160105c,S040,3
b7e9a8421514c1f6023eac131160105c,S025,4
6bb030fc8f57fef2e19409b3828cd7bc,S017,1
6bb030fc8f57fef2e19409b3828cd7bc,S005,1
6bb030fc8f57fef2e19409b3828cd7bc,S030,1
6bb030fc8f57fef2e19409b3828cd7bc,S024,2
6bb030fc8f57fef2e19409b3828cd7bc,S004,2
6bb030fc8f57fef2e19409b3828cd7bc,S033,1
cbbbfa9928a35b87b6f1a14f0bffa0bb,S031,5
cbbbfa9928a35b87b6f1a14f0bffa0bb,S006,3
cbbbfa9928a35b87b6f1a14f0bffa0bb,S043,4
cbbbfa9928a35b87b6f1a14f0bffa0bb,S030,3
cbbbfa9928a35b87b6f1a14f0bffa0bb,S003,2
cbbbfa9928a35b87b6f1a14f0bffa0bb,S045,4
cbbbfa9928a35b87b6f1a14f0bffa0bb,S012,2
cbbbfa9928a35b87b6f1a14f0bffa0bb,S036,3
cbbbfa9928a35b87b6f1a14f0bffa0bb,S029,3
cbbbfa9928a35b87b6f1a14f0bffa0bb,S014,3
cbbbfa9928a35b87b6f1a14f0bffa0bb,S027,4
95862a4bb7ca09bc75218ffb0046537a,S013,3
95862a4bb7ca09bc75218ffb0046537a,S037,3
95862a4bb7ca09bc75218ffb0046537a,S039,5
95862a4bb7ca09bc75218ffb0046537a,S023,4
95862a4bb7ca09bc75218ffb0046537a,S032,2
95862a4bb7ca09bc75218ffb0046537a,S045,5
95862a4bb7ca09bc75218ffb0046537a,S029,3
95862a4bb7ca09bc75218ffb0046537a,S015,3
95862a4bb7ca09bc75218ffb0046537a,S040,4
95862a4bb7ca09bc75218ffb0046537a,S005,2
95862a4bb7ca09bc75218ffb0046537a,S031,2
78aa8016ec3909bb1f4a5bdb552aaab4,S031,4
78aa8016ec3909bb1f4a5bdb552aaab4,S037,3
78aa8016ec3909bb1f4a5bdb552aaab4,S041,4
78aa8016ec3909bb1f4a5bdb552aaab4,S028,2
78aa8016ec3909bb1f4a5bdb552aaab4,S023,3
78aa8016ec3909bb1f4a5bdb552aaab4,S033,2
78aa8016ec3909bb1f4a5bdb552aaab4,S022,2
78aa8016ec3909bb1f4a5bdb552aaab4,S030,2
78aa8016ec3909bb1f4a5bdb552aaab4,S013,3
78aa8016ec3909bb1f4a5bdb552aaab4,S020,2
78aa8016ec3909bb1f4a5bdb552aaab4,S018,2
1289c6449caa975bc128bfd0aa69f890,S004,2
1289c6449caa975bc128bfd0aa69f890,S008,1
1289c6449caa975bc128bfd0aa69f890,S041,1
1289c6449caa975bc128bfd0aa69f890,S009,1
1289c6449caa975bc128bfd0aa69f890,S036,1
c4b76f70ead396e652caf85e10cdb733,S006,2
c4b76f70ead396e652caf85e10cdb733,S009,2
c4b76f70ead396e652caf85e10cdb733,S038,4
c4b76f70ead396e652caf85e10cdb733,S037,2
c4b76f70ead396e652caf85e10cdb733,S029,3
c4b76f70ead396e652caf85e10cdb733,S036,1
c4b76f70ead396e652caf85e10cdb733,S014,1
c4b76f70ead396e652caf85e10cdb733,S039,3
c304911775fa83f786fd3b88b1146703,S038,1
c304911775fa83f786fd3b88b1146703,S032,1
c304911775fa83f786fd3b88b1146703,S008,1
c304911775fa83f786fd3b88b1146703,S039,3
c304911775fa83f786fd3b88b1146703,S026,2
c304911775fa83f786fd3b88b1146703,S027,2
c304911775fa83f786fd3b88b1146703,S004,1
c304911775fa83f786fd3b88b1146703,S014,2
cfad9cb309e3f437fc6a246b6aee7440,S032,3
cfad9cb309e3f437fc6a246b6aee7440,S022,1
cfad9cb309e3f437fc6a246b6aee7440,S041,1
cfad9cb309e3f437fc6a246b6aee7440,S039,3
cfad9cb309e3f437fc6a246b6aee7440,S034,2
cfad9cb309e3f437fc6a246b6aee7440,S020,3
cfad9cb309e3f437fc6a246b6aee7440,S013,1
c8eb8e33cd9ec5c508cf61eb6c0eb93e,S002,4
c8eb8e33cd9ec5c508cf61eb6c0eb93e,S021,3
c8eb8e33cd9ec5c508cf61eb6c0eb93e,S005,4
c8eb8e33cd9ec5c508cf61eb6c0eb93e,S039,5
c8eb8e33cd9ec5c508cf61eb6c0eb93e,S016,2
c8eb8e33cd9ec5c508cf61eb6c0eb93e,S010,3
c8eb8e33cd9ec5c508cf61eb6c0eb93e,S009,1
c8eb8e33cd9ec5c508cf61eb6c0eb93e,S043,3
c8eb8e33cd9ec5c508cf61eb6c0eb93e,S037,3
444190a596f202644e3635bc2b096da7,S034,1
444190a596f202644e3635bc2b096da7,S007,2
444190a596f202644e3635bc2b096da7,S031,2
444190a596f202644e3635bc2b096da7,S018,2
444190a596f202644e3635bc2b096da7,S010,1
444190a596f202644e3635bc2b096da7,S002,1
444190a596f202644e3635bc2b096da7,S022,2
e846bba6707da9a30e29687592d17190,S002,3
e846bba6707da9a30e29687592d17190,S020,4
e846bba6707da9a30e29687592d17190,S017,4
e846bba6707da9a30e29687592d17190,S034,4
e846bba6707da9a30e29687592d17190,S032,5
e846bba6707da9a30e29687592d17190,S011,4
e846bba6707da9a30e29687592d17190,S003,4
e846bba6707da9a30e29687592d17190,S037,4
e846bba6707da9a30e29687592d17190,S004,4
e846bba6707da9a30e29687592d17190,S022,3
e846bba6707da9a30e29687592d17190,S044,3
e846bba6707da9a30e29687592d17190,S026,3
7536e7a71d7695ddc96ae53977c95ffb,S041,3
7536e7a71d7695ddc96ae53977c95ffb,S002,4
7536e7a71d7695ddc96ae53977c95ffb,S030,4
7536e7a71d7695ddc96ae53977c95ffb,S027,5
7536e7a71d7695ddc96ae53977c95ffb,S031,4
7536e7a71d7695ddc96ae53977c95ffb,S026,5
7536e7a71d7695ddc96ae53977c95ffb,S001,5
7536e7a71d7695ddc96ae53977c95ffb,S032,4
7536e7a71d7695ddc96ae53977c95ffb,S028,3
7536e7a71d7695ddc96ae53977c95ffb,S040,5
7536e7a71d7695ddc96ae53977c95ffb,S039,5
091e972d1f78847db35301bec487c896,S026,2
091e972d1f78847db35301bec487c896,S001,1
091e972d1f78847db35301bec487c896,S034,1
091e972d1f78847db35301bec487c896,S008,1
091e972d1f78847db35301bec487c896,S017,1
091e972d1f78847db35301bec487c896,S013,2
818e3983eabbf4509093da7e38a34881,S018,5
818e3983eabbf4509093da7e38a34881,S020,4
818e3983eabbf4509093da7e38a34881,S002,5
818e3983eabbf4509093da7e38a34881,S029,5
818e3983eabbf4509093da7e38a34881,S014,4
818e3983eabbf4509093da7e38a34881,S026,4
818e3983eabbf4509093da7e38a34881,S007,4
818e3983eabbf4509093da7e38a34881,S021,5
818e3983eabbf4509093da7e38a34881,S043,5
818e3983eabbf4509093da7e38a34881,S016,4
818e3983eabbf4509093da7e38a34881,S044,5
49ce1a862e2984a627e246fdaf5c46c5,S021,2
49ce1a862e2984a627e246fdaf5c46c5,S044,2
49ce1a862e2984a627e246fdaf5c46c5,S014,3
49ce1a862e2984a627e246fdaf5c46c5,S006,3
49ce1a862e2984a627e246fdaf5c46c5,S028,5
49ce1a862e2984a627e246fdaf5c46c5,S023,5
49ce1a862e2984a627e246fdaf5c46c5,S018,3
49ce1a862e2984a627e246fdaf5c46c5,S041,4
49ce1a862e2984a627e246fdaf5c46c5,S020,4
49ce1a862e2984a627e246fdaf5c46c5,S036,3
516031767019ced60893a14e4b2ec707,S022,2
516031767019ced60893a14e4b2ec707,S014,2
516031767019ced60893a14e4b2ec707,S009,3
516031767019ced60893a14e4b2ec707,S021,2
516031767019ced60893a14e4b2ec707,S029,3
516031767019ced60893a14e4b2ec707,S041,4
516031767019ced60893a14e4b2ec707,S027,3
516031767019ced60893a14e4b2ec707,S025,3
516031767019ced60893a14e4b2ec707,S006,3
516031767019ced60893a14e4b2ec707,S024,4
516031767019ced60893a14e4b2ec707,S030,2
f8e37ae0e1cd8d63c7e4e62902b3b18d,S026,3
f8e37ae0e1cd8d63c7e4e62902b3b18d,S022,1
f8e37ae0e1cd8d63c7e4e62902b3b18d,S006,2
f8e37ae0e1cd8d63c7e4e62902b3b18d,S042,2
f8e37ae0e1cd8d63c7e4e62902b3b18d,S035,1
f8e37ae0e1cd8d63c7e4e62902b3b18d,S003,1
cac4dd0ba927f28d4ead383dde4d9e1b,S042,1
cac4dd0ba927f28d4ead383dde4d9e1b,S035,2
cac4dd0ba927f28d4ead383dde4d9e1b,S033,3
cac4dd0ba927f28d4ead383dde4d9e1b,S029,1
cac4dd0ba927f28d4ead383dde4d9e1b,S019,1
cac4dd0ba927f28d4ead383dde4d9e1b,S002,1
3de42f731c39e7fa724f36731160767e,S033,4
3de42f731c39e7fa724f36731160767e,S043,5
3de42f731c39e7fa724f36731160767e,S010,3
3de42f731c39e7fa724f36731160767e,S026,3
3de42f731c39e7fa724f36731160767e,S003,3
3de42f731c39e7fa724f36731160767e,S040,3
3de42f731c39e7fa724f36731160767e,S015,3
3de42f731c39e7fa724f36731160767e,S025,5
3de42f731c39e7fa724f36731160767e,S004,3
3de42f731c39e7fa724f36731160767e,S044,5
3de42f731c39e7fa724f36731160767e,S035,4
1bd4025ab8f22375f788d09367b6ba11,S011,3
1bd4025ab8f22375f788d09367b6ba11,S015,2
1bd4025ab8f22375f788d09367b6ba11,S001,4
1bd4025ab8f22375f788d09367b6ba11,S039,4
1bd4025ab8f22375f788d09367b6ba11,S031,2
1bd4025ab8f22375f788d09367b6ba11,S004,4
1bd4025ab8f22375f788d09367b6ba11,S023,2
1bd4025ab8f22375f788d09367b6ba11,S006,3
1bd4025ab8f22375f788d09367b6ba11,S024,3
1bd4025ab8f22375f788d09367b6ba11,S027,3
822bd3f1bc1c99aa1feb97ac6a36cbe0,S023,3
822bd3f1bc1c99aa1feb97ac6a36cbe0,S022,3
822bd3f1bc1c99aa1feb97ac6a36cbe0,S005,3
822bd3f1bc1c99aa1feb97ac6a36cbe0,S040,3
822bd3f1bc1c99aa1feb97ac6a36cbe0,S031,4
822bd3f1bc1c99aa1feb97ac6a36cbe0,S010,2
822bd3f1bc1c99aa1feb97ac6a36cbe0,S028,2
07687185aca4fb861e62d24823585413,S031,5
07687185aca4fb861e62d24823585413,S025,5
07687185aca4fb861e62d24823585413,S045,5
07687185aca4fb861e62d24823585413,S009,5
07687185aca4fb861e62d24823585413,S029,4
07687185aca4fb861e62d24823585413,S003,3
07687185aca4fb861e62d24823585413,S011,4
07687185aca4fb861e62d24823585413,S017,4
07687185aca4fb861e62d24823585413,S014,3
07687185aca4fb861e62d24823585413,S024,4
07687185aca4fb861e62d24823585413,S035,4
07687185aca4fb861e62d24823585413,S027,5
5849256f168018a5e2eecf822547ec68,S015,2
5849256f168018a5e2eecf822547ec68,S026,4
5849256f168018a5e2eecf822547ec68,S032,4
5849256f168018a5e2eecf822547ec68,S045,4
5849256f168018a5e2eecf822547ec68,S029,5
5849256f168018a5e2eecf822547ec68,S043,5
5849256f168018a5e2eecf822547ec68,S036,4
5849256f168018a5e2eecf822547ec68,S006,4
5849256f168018a5e2eecf822547ec68,S024,4
5849256f168018a5e2eecf822547ec68,S040,5
5849256f168018a5e2eecf822547ec68,S039,5
5849256f168018a5e2eecf822547ec68,S041,5
5849256f168018a5e2eecf822547ec68,S002,3
9d8b48753459bdc9d12a4b24f1809ad7,S033,2
9d8b48753459bdc9d12a4b24f1809ad7,S011,2
9d8b48753459bdc9d12a4b24f1809ad7,S014,1
9d8b48753459bdc9d12a4b24f1809ad7,S015,3
9d8b48753459bdc9d12a4b24f1809ad7,S044,3
9d8b48753459bdc9d12a4b24f1809ad7,S036,2
9d8b48753459bdc9d12a4b24f1809ad7,S040,2
9d8b48753459bdc9d12a4b24f1809ad7,S024,3
9d8b48753459bdc9d12a4b24f1809ad7,S038,1
e2a27d26c3a239a6ce91cb531c2c2a8b,S036,2
e2a27d26c3a239a6ce91cb531c2c2a8b,S021,2
e2a27d26c3a239a6ce91cb531c2c2a8b,S043,3
e2a27d26c3a239a6ce91cb531c2c2a8b,S004,2
e2a27d26c3a239a6ce91cb531c2c2a8b,S038,3
e2a27d26c3a239a6ce91cb531c2c2a8b,S010,1
e2a27d26c3a239a6ce91cb531c2c2a8b,S035,1
c682b30da4fb90964f4db257243f9ea3,S022,2
c682b30da4fb90964f4db257243f9ea3,S035,3
c682b30da4fb90964f4db257243f9ea3,S009,3
c682b30da4fb90964f4db257243f9ea3,S032,2
c682b30da4fb90964f4db257243f9ea3,S033,3
c682b30da4fb90964f4db257243f9ea3,S038,1
c682b30da4fb90964f4db257243f9ea3,S020,2
c682b30da4fb90964f4db257243f9ea3,S041,3
c682b30da4fb90964f4db257243f9ea3,S014,3
c682b30da4fb90964f4db257243f9ea3,S030,3
c682b30da4fb90964f4db257243f9ea3,S025,1
546725b27776e59c23f3b68e707c7674,S024,5
546725b27776e59c23f3b68e707c7674,S012,5
546725b27776e59c23f3b68e707c7674,S016,5
546725b27776e59c23f3b68e707c7674,S026,4
546725b27776e59c23f3b68e707c7674,S023,5
546725b27776e59c23f3b68e707c7674,S020,4
546725b27776e59c23f3b68e707c7674,S002,5
546725b27776e59c23f3b68e707c7674,S039,5
546725b27776e59c23f3b68e707c7674,S015,4
546725b27776e59c23f3b68e707c7674,S040,4
546725b27776e59c23f3b68e707c7674,S030,5
546725b27776e59c23f3b68e707c7674,S022,4
546725b27776e59c23f3b68e707c7674,S028,3
546725b27776e59c23f3b68e707c7674,S036,5
26bfbf4307a5f8abed32b0ba436fc48b,S026,4
26bfbf4307a5f8abed32b0ba436fc48b,S007,4
26bfbf4307a5f8abed32b0ba436fc48b,S021,4
26bfbf4307a5f8abed32b0ba436fc48b,S045,4
26bfbf4307a5f8abed32b0ba436fc48b,S015,5
26bfbf4307a5f8abed32b0ba436fc48b,S001,3
26bfbf4307a5f8abed32b0ba436fc48b,S018,3
26bfbf4307a5f8abed32b0ba436fc48b,S032,4
26bfbf4307a5f8abed32b0ba436fc48b,S038,5
26bfbf4307a5f8abed32b0ba436fc48b,S017,3
26bfbf4307a5f8abed32b0ba436fc48b,S005,4
26bfbf4307a5f8abed32b0ba436fc48b,S014,5
26bfbf4307a5f8abed32b0ba436fc48b,S024,5
26bfbf4307a5f8abed32b0ba436fc48b,S041,4
a35edb34b430f32997fe7eed584a4393,S043,3
a35edb34b430f32997fe7eed584a4393,S015,2
a35edb34b430f32997fe7eed584a4393,S044,4
a35edb34b430f32997fe7eed584a4393,S018,3
a35edb34b430f32997fe7eed584a4393,S003,3
a35edb34b430f32997fe7eed584a4393,S041,3
a35edb34b430f32997fe7eed584a4393,S011,2
a35edb34b430f32997fe7eed584a4393,S019,4
a35edb34b430f32997fe7eed584a4393,S020,3
3046ecd80d3528130c0ec752ffe39741,S033,5
3046ecd80d3528130c0ec752ffe39741,S026,5
3046ecd80d3528130c0ec752ffe39741,S021,5
3046ecd80d3528130c0ec752ffe39741,S020,5
3046ecd80d3528130c0ec752ffe39741,S030,5
3046ecd80d3528130c0ec752ffe39741,S039,5
3046ecd80d3528130c0ec752ffe39741,S045,5
3046ecd80d3528130c0ec752ffe39741,S012,5
3046ecd80d3528130c0ec752ffe39741,S010,4
3046ecd80d3528130c0ec752ffe39741,S029,4
3046ecd80d3528130c0ec752ffe39741,S009,4
3046ecd80d3528130c0ec752ffe39741,S013,5
3046ecd80d3528130c0ec752ffe39741,S041,4
01519da1f5399d3b57679d4fbf453de0,S006,4
01519da1f5399d3b57679d4fbf453de0,S022,5
01519da1f5399d3b57679d4fbf453de0,S005,3
01519da1f5399d3b57679d4fbf453de0,S017,5
01519da1f5399d3b57679d4fbf453de0,S030,3
01519da1f5399d3b57679d4fbf453de0,S035,4
01519da1f5399d3b57679d4fbf453de0,S020,4
01519da1f5399d3b57679d4fbf453de0,S018,4
01519da1f5399d3b57679d4fbf453de0,S044,4
01519da1f5399d3b57679d4fbf453de0,S029,3
01519da1f5399d3b57679d4fbf453de0,S009,5
1f8e668897b3cd27efa88a7273967ffe,S008,2
1f8e668897b3cd27efa88a7273967ffe,S015,3
1f8e668897b3cd27efa88a7273967ffe,S011,3
1f8e668897b3cd27efa88a7273967ffe,S037,3
1f8e668897b3cd27efa88a7273967ffe,S018,3
1f8e668897b3cd27efa88a7273967ffe,S001,1
1f8e668897b3cd27efa88a7273967ffe,S039,2
1f8e668897b3cd27efa88a7273967ffe,S044,4
1f8e668897b3cd27efa88a7273967ffe,S019,3
1f8e668897b3cd27efa88a7273967ffe,S009,1
1f8e668897b3cd27efa88a7273967ffe,S040,2
c86b66678da82488631995b85d287f26,S014,2
c86b66678da82488631995b85d287f26,S030,2
c86b66678da82488631995b85d287f26,S028,1
c86b66678da82488631995b85d287f26,S015,1
c86b66678da82488631995b85d287f26,S012,1
c86b66678da82488631995b85d287f26,S045,2
c86b66678da82488631995b85d287f26,S032,1
f1918127628c937fac0debb928c8f05e,S029,5
f1918127628c937fac0debb928c8f05e,S023,3
f1918127628c937fac0debb928c8f05e,S008,3
f1918127628c937fac0debb928c8f05e,S027,3
f1918127628c937fac0debb928c8f05e,S020,4
f1918127628c937fac0debb928c8f05e,S009,4
f1918127628c937fac0debb928c8f05e,S025,5
f1918127628c937fac0debb928c8f05e,S041,5
f1918127628c937fac0debb928c8f05e,S028,3
f1918127628c937fac0debb928c8f05e,S035,3
f1918127628c937fac0debb928c8f05e,S034,4
f1918127628c937fac0debb928c8f05e,S019,4
f1918127628c937fac0debb928c8f05e,S004,4
f1918127628c937fac0debb928c8f05e,S033,4
0593e54d1bec6372abaa90bd62b90dd2,S022,3
0593e54d1bec6372abaa90bd62b90dd2,S009,4
0593e54d1bec6372abaa90bd62b90dd2,S043,4
0593e54d1bec6372abaa90bd62b90dd2,S028,4
0593e54d1bec6372abaa90bd62b90dd2,S034,4
0593e54d1bec6372abaa90bd62b90dd2,S006,3
0593e54d1bec6372abaa90bd62b90dd2,S039,4
0593e54d1bec6372abaa90bd62b90dd2,S024,3
0593e54d1bec6372abaa90bd62b90dd2,S013,5
0593e54d1bec6372abaa90bd62b90dd2,S014,4
0593e54d1bec6372abaa90bd62b90dd2,S007,3
b6fc75fd0057976f26c1cddecde76b6f,S029,3
b6fc75fd0057976f26c1cddecde76b6f,S022,3
b6fc75fd0057976f26c1cddecde76b6f,S041,2
b6fc75fd0057976f26c1cddecde76b6f,S037,1
b6fc75fd0057976f26c1cddecde76b6f,S028,1
b6fc75fd0057976f26c1cddecde76b6f,S003,2
1c36ad3a77e05a10db6a9d6fef4a25c4,S004,4
1c36ad3a77e05a10db6a9d6fef4a25c4,S009,4
1c36ad3a77e05a10db6a9d6fef4a25c4,S027,3
1c36ad3a77e05a10db6a9d6fef4a25c4,S037,4
1c36ad3a77e05a10db6a9d6fef4a25c4,S045,4
1c36ad3a77e05a10db6a9d6fef4a25c4,S039,5
1c36ad3a77e05a10db6a9d6fef4a25c4,S034,3
1c36ad3a77e05a10db6a9d6fef4a25c4,S026,3
1c36ad3a77e05a10db6a9d6fef4a25c4,S025,3
1c36ad3a77e05a10db6a9d6fef4a25c4,S016,5
1c36ad3a77e05a10db6a9d6fef4a25c4,S022,2
447103d6549dfcefa5a19f2debaf7248,S002,3
447103d6549dfcefa5a19f2debaf7248,S006,4
447103d6549dfcefa5a19f2debaf7248,S012,4
447103d6549dfcefa5a19f2debaf7248,S019,4
447103d6549dfcefa5a19f2debaf7248,S016,5
447103d6549dfcefa5a19f2debaf7248,S043,2
447103d6549dfcefa5a19f2debaf7248,S041,4
447103d6549dfcefa5a19f2debaf7248,S009,4
447103d6549dfcefa5a19f2debaf7248,S035,3
447103d6549dfcefa5a19f2debaf7248,S011,3
447103d6549dfcefa5a19f2debaf7248,S037,4
447103d6549dfcefa5a19f2debaf7248,S008,1
447103d6549dfcefa5a19f2debaf7248,S025,3
9e39d9cccd25313ef012541d65bf2047,S001,3
9e39d9cccd25313ef012541d65bf2047,S015,3
9e39d9cccd25313ef012541d65bf2047,S020,5
9e39d9cccd25313ef012541d65bf2047,S037,3
9e39d9cccd25313ef012541d65bf2047,S027,3
9e39d9cccd25313ef012541d65bf2047,S002,5
9e39d9cccd25313ef012541d65bf2047,S013,4
9e39d9cccd25313ef012541d65bf2047,S017,4
9e39d9cccd25313ef012541d65bf2047,S007,3
9e39d9cccd25313ef012541d65bf2047,S043,4
9e39d9cccd25313ef012541d65bf2047,S036,3
9e39d9cccd25313ef012541d65bf2047,S041,3
9e39d9cccd25313ef012541d65bf2047,S022,4
dba251b6affda3109fe20a3c500bced0,S023,3
dba251b6affda3109fe20a3c500bced0,S044,3
dba251b6affda3109fe20a3c500bced0,S041,4
dba251b6affda3109fe20a3c500bced0,S010,4
dba251b6affda3109fe20a3c500bced0,S011,5
dba251b6affda3109fe20a3c500bced0,S042,3
dba251b6affda3109fe20a3c500bced0,S030,5
dba251b6affda3109fe20a3c500bced0,S016,4
dba251b6affda3109fe20a3c500bced0,S034,3
dba251b6affda3109fe20a3c500bced0,S015,4
dba251b6affda3109fe20a3c500bced0,S026,5
dba251b6affda3109fe20a3c500bced0,S043,5
53e497c99014d99c39921f8c70b99ccb,S026,4
53e497c99014d99c39921f8c70b99ccb,S024,4
53e497c99014d99c39921f8c70b99ccb,S037,3
53e497c99014d99c39921f8c70b99ccb,S008,3
53e497c99014d99c39921f8c70b99ccb,S011,5
53e497c99014d99c39921f8c70b99ccb,S004,5
53e497c99014d99c39921f8c70b99ccb,S035,3
53e497c99014d99c39921f8c70b99ccb,S030,5
53e497c99014d99c39921f8c70b99ccb,S006,4
53e497c99014d99c39921f8c70b99ccb,S033,5
53e497c99014d99c39921f8c70b99ccb,S025,5
53e497c99014d99c39921f8c70b99ccb,S039,5
53e497c99014d99c39921f8c70b99ccb,S042,4
53e497c99014d99c39921f8c70b99ccb,S003,4
53e497c99014d99c39921f8c70b99ccb,S007,2
20bb787362cf4eba3a9383bd78ab087c,S011,4
20bb787362cf4eba3a9383bd78ab087c,S015,5
20bb787362cf4eba3a9383bd78ab087c,S042,5
20bb787362cf4eba3a9383bd78ab087c,S008,4
20bb787362cf4eba3a9383bd78ab087c,S019,4
20bb787362cf4eba3a9383bd78ab087c,S006,4
20bb787362cf4eba3a9383bd78ab087c,S001,4
20bb787362cf4eba3a9383bd78ab087c,S043,3
20bb787362cf4eba3a9383bd78ab087c,S036,4
20bb787362cf4eba3a9383bd78ab087c,S003,5
20bb787362cf4eba3a9383bd78ab087c,S025,4
20bb787362cf4eba3a9383bd78ab087c,S004,4
58bf6d6ef07b3d6ab911194d8695488b,S038,2
58bf6d6ef07b3d6ab911194d8695488b,S021,3
58bf6d6ef07b3d6ab911194d8695488b,S030,4
58bf6d6ef07b3d6ab911194d8695488b,S020,4
58bf6d6ef07b3d6ab911194d8695488b,S003,2
58bf6d6ef07b3d6ab911194d8695488b,S010,3
58bf6d6ef07b3d6ab911194d8695488b,S039,3
58bf6d6ef07b3d6ab911194d8695488b,S024,3
662b3f85fc3bb074e6deccc5893ca16e,S008,2
662b3f85fc3bb074e6deccc5893ca16e,S012,2
662b3f85fc3bb074e6deccc5893ca16e,S041,1
662b3f85fc3bb074e6deccc5893ca16e,S038,1
662b3f85fc3bb074e6deccc5893ca16e,S013,2
662b3f85fc3bb074e6deccc5893ca16e,S026,2
43c00b1f5a9bfadb7b53c10aa886a8c9,S037,4
43c00b1f5a9bfadb7b53c10aa886a8c9,S015,5
43c00b1f5a9bfadb7b53c10aa886a8c9,S041,3
43c00b1f5a9bfadb7b53c10aa886a8c9,S028,4
43c00b1f5a9bfadb7b53c10aa886a8c9,S023,5
43c00b1f5a9bfadb7b53c10aa886a8c9,S005,5
43c00b1f5a9bfadb7b53c10aa886a8c9,S018,3
43c00b1f5a9bfadb7b53c10aa886a8c9,S003,3
43c00b1f5a9bfadb7b53c10aa886a8c9,S001,4
43c00b1f5a9bfadb7b53c10aa886a8c9,S036,4
43c00b1f5a9bfadb7b53c10aa886a8c9,S027,4
43c00b1f5a9bfadb7b53c10aa886a8c9,S032,5
0fd40ac71652a1fdd52743f163ae80b1,S014,3
0fd40ac71652a1fdd52743f163ae80b1,S001,3
0fd40ac71652a1fdd52743f163ae80b1,S032,2
0fd40ac71652a1fdd52743f163ae80b1,S031,3
0fd40ac71652a1fdd52743f163ae80b1,S043,3
0fd40ac71652a1fdd52743f163ae80b1,S009,2
0fd40ac71652a1fdd52743f163ae80b1,S040,2
0fd40ac71652a1fdd52743f163ae80b1,S012,2
d8d8382248f395e9ae052027bb112e8b,S005,4
d8d8382248f395e9ae052027bb112e8b,S012,5
d8d8382248f395e9ae052027bb112e8b,S031,5
d8d8382248f395e9ae052027bb112e8b,S004,4
d8d8382248f395e9ae052027bb112e8b,S035,4
d8d8382248f395e9ae052027bb112e8b,S006,3
d8d8382248f395e9ae052027bb112e8b,S038,4
d8d8382248f395e9ae052027bb112e8b,S045,4
d8d8382248f395e9ae052027bb112e8b,S024,3
d8d8382248f395e9ae052027bb112e8b,S019,4
1d371adf2504b4c44a8ba8c7ac3acaaa,S023,1
1d371adf2504b4c44a8ba8c7ac3acaaa,S035,2
1d371adf2504b4c44a8ba8c7ac3acaaa,S042,1
1d371adf2504b4c44a8ba8c7ac3acaaa,S010,1
1d371adf2504b4c44a8ba8c7ac3acaaa,S011,1
3c39bd2e12ce1346b6637b57404e900f,S026,3
3c39bd2e12ce1346b6637b57404e900f,S041,3
3c39bd2e12ce1346b6637b57404e900f,S031,4
3c39bd2e12ce1346b6637b57404e900f,S034,4
3c39bd2e12ce1346b6637b57404e900f,S033,4
3c39bd2e12ce1346b6637b57404e900f,S035,4
3c39bd2e12ce1346b6637b57404e900f,S023,4
3c39bd2e12ce1346b6637b57404e900f,S029,4
3c39bd2e12ce1346b6637b57404e900f,S027,4
3c39bd2e12ce1346b6637b57404e900f,S014,3
f098de1c1d1a03660e926c72fb262876,S016,2
f098de1c1d1a03660e926c72fb262876,S032,1
f098de1c1d1a03660e926c72fb262876,S007,1
f098de1c1d1a03660e926c72fb262876,S010,2
f098de1c1d1a03660e926c72fb262876,S011,1
c332b699537efb7ea32cdeaf5c740b3b,S043,4
c332b699537efb7ea32cdeaf5c740b3b,S008,3
c332b699537efb7ea32cdeaf5c740b3b,S025,4
c332b699537efb7ea32cdeaf5c740b3b,S032,3
c332b699537efb7ea32cdeaf5c740b3b,S039,4
c332b699537efb7ea32cdeaf5c740b3b,S014,4
c332b699537efb7ea32cdeaf5c740b3b,S027,4
c332b699537efb7ea32cdeaf5c740b3b,S038,5
c332b699537efb7ea32cdeaf5c740b3b,S035,3
c332b699537efb7ea32cdeaf5c740b3b,S029,4
134473a4fb0bf9fdc0146e1955fda081,S004,4
134473a4fb0bf9fdc0146e1955fda081,S035,5
134473a4fb0bf9fdc0146e1955fda081,S036,4
134473a4fb0bf9fdc0146e1955fda081,S010,4
134473a4fb0bf9fdc0146e1955fda081,S033,5
134473a4fb0bf9fdc0146e1955fda081,S020,3
134473a4fb0bf9fdc0146e1955fda081,S001,5
134473a4fb0bf9fdc0146e1955fda081,S040,3
134473a4fb0bf9fdc0146e1955fda081,S021,5
134473a4fb0bf9fdc0146e1955fda081,S042,4
134473a4fb0bf9fdc0146e1955fda081,S031,4
134473a4fb0bf9fdc0146e1955fda081,S034,4
134473a4fb0bf9fdc0146e1955fda081,S037,3
134473a4fb0bf9fdc0146e1955fda081,S039,5
134473a4fb0bf9fdc0146e1955fda081,S008,4
ef3245303db44a804b26333ee0e20e0b,S011,1
ef3245303db44a804b26333ee0e20e0b,S037,4
ef3245303db44a804b26333ee0e20e0b,S033,4
ef3245303db44a804b26333ee0e20e0b,S017,4
ef3245303db44a804b26333ee0e20e0b,S018,4
ef3245303db44a804b26333ee0e20e0b,S027,3
ef3245303db44a804b26333ee0e20e0b,S012,4
ef3245303db44a804b26333ee0e20e0b,S044,5
ef3245303db44a804b26333ee0e20e0b,S013,5
ef3245303db44a804b26333ee0e20e0b,S021,5
996434e19fae53122716edd899b40788,S003,4
996434e19fae53122716edd899b40788,S029,4
996434e19fae53122716edd899b40788,S013,3
996434e19fae53122716edd899b40788,S027,5
996434e19fae53122716edd899b40788,S037,5
996434e19fae53122716edd899b40788,S004,3
996434e19fae53122716edd899b40788,S023,3
996434e19fae53122716edd899b40788,S014,5
996434e19fae53122716edd899b40788,S026,5
996434e19fae53122716edd899b40788,S016,4
996434e19fae53122716edd899b40788,S031,4
cccce8dd4c891ba47db06ecdb409ebd5,S010,3
cccce8dd4c891ba47db06ecdb409ebd5,S019,4
cccce8dd4c891ba47db06ecdb409ebd5,S038,3
cccce8dd4c891ba47db06ecdb409ebd5,S042,3
cccce8dd4c891ba47db06ecdb409ebd5,S017,3
cccce8dd4c891ba47db06ecdb409ebd5,S013,3
cccce8dd4c891ba47db06ecdb409ebd5,S012,3
cccce8dd4c891ba47db06ecdb409ebd5,S001,4
cccce8dd4c891ba47db06ecdb409ebd5,S035,3
cccce8dd4c891ba47db06ecdb409ebd5,S003,4
2535fc9b02f75a43ef3eca73addb489a,S036,3
2535fc9b02f75a43ef3eca73addb489a,S009,3
2535fc9b02f75a43ef3eca73addb489a,S030,4
2535fc9b02f75a43ef3eca73addb489a,S031,3
2535fc9b02f75a43ef3eca73addb489a,S040,4
2535fc9b02f75a43ef3eca73addb489a,S024,4
2535fc9b02f75a43ef3eca73addb489a,S006,1
2535fc9b02f75a43ef3eca73addb489a,S021,2
2535fc9b02f75a43ef3eca73addb489a,S002,4
2535fc9b02f75a43ef3eca73addb489a,S025,3
2535fc9b02f75a43ef3eca73addb489a,S016,2
2535fc9b02f75a43ef3eca73addb489a,S038,3
58e52fdf0fb25417a86ec1c2e495fd53,S023,2
58e52fdf0fb25417a86ec1c2e495fd53,S034,3
58e52fdf0fb25417a86ec1c2e495fd53,S014,3
58e52fdf0fb25417a86ec1c2e495fd53,S019,5
58e52fdf0fb25417a86ec1c2e495fd53,S010,5
58e52fdf0fb25417a86ec1c2e495fd53,S017,3
58e52fdf0fb25417a86ec1c2e495fd53,S035,4
58e52fdf0fb25417a86ec1c2e495fd53,S020,5
58e52fdf0fb25417a86ec1c2e495fd53,S007,2
58e52fdf0fb25417a86ec1c2e495fd53,S013,3
31a1eb340e425392c8fe30565da25710,S025,4
31a1eb340e425392c8fe30565da25710,S003,4
31a1eb340e425392c8fe30565da25710,S043,4
31a1eb340e425392c8fe30565da25710,S024,4
31a1eb340e425392c8fe30565da25710,S018,4
31a1eb340e425392c8fe30565da25710,S026,4
31a1eb340e425392c8fe30565da25710,S007,4
31a1eb340e425392c8fe30565da25710,S010,3
31a1eb340e425392c8fe30565da25710,S001,5
31a1eb340e425392c8fe30565da25710,S023,4
31a1eb340e425392c8fe30565da25710,S019,4
31a1eb340e425392c8fe30565da25710,S042,4
ed91a66f2963aa47e8e8c8481991b4f9,S028,5
ed91a66f2963aa47e8e8c8481991b4f9,S026,4
ed91a66f2963aa47e8e8c8481991b4f9,S024,5
ed91a66f2963aa47e8e8c8481991b4f9,S044,3
ed91a66f2963aa47e8e8c8481991b4f9,S035,3
ed91a66f2963aa47e8e8c8481991b4f9,S037,4
ed91a66f2963aa47e8e8c8481991b4f9,S006,5
ed91a66f2963aa47e8e8c8481991b4f9,S012,5
ed91a66f2963aa47e8e8c8481991b4f9,S040,5
ed91a66f2963aa47e8e8c8481991b4f9,S030,5
ed91a66f2963aa47e8e8c8481991b4f9,S017,3
ed91a66f2963aa47e8e8c8481991b4f9,S039,4
ed91a66f2963aa47e8e8c8481991b4f9,S042,5
ed91a66f2963aa47e8e8c8481991b4f9,S010,5
8ee8854678921068be921c20564f3197,S035,4
8ee8854678921068be921c20564f3197,S034,4
8ee8854678921068be921c20564f3197,S005,5
8ee8854678921068be921c20564f3197,S028,4
8ee8854678921068be921c20564f3197,S033,3
8ee8854678921068be921c20564f3197,S020,5
8ee8854678921068be921c20564f3197,S001,3
8ee8854678921068be921c20564f3197,S006,4
8ee8854678921068be921c20564f3197,S019,4
8ee8854678921068be921c20564f3197,S021,5
8ee8854678921068be921c20564f3197,S042,4
8ee8854678921068be921c20564f3197,S004,3
148a7fdeebafa5f241aca14139d5e7be,S036,1
148a7fdeebafa5f241aca14139d5e7be,S006,1
148a7fdeebafa5f241aca14139d5e7be,S009,1
148a7fdeebafa5f241aca14139d5e7be,S045,1
148a7fdeebafa5f241aca14139d5e7be,S023,3
148a7fdeebafa5f241aca14139d5e7be,S043,1
cf3cdad396c17865e5dd1b2f18377ec7,S011,3
cf3cdad396c17865e5dd1b2f18377ec7,S004,5
cf3cdad396c17865e5dd1b2f18377ec7,S015,3
cf3cdad396c17865e5dd1b2f18377ec7,S035,2
cf3cdad396c17865e5dd1b2f18377ec7,S002,3
cf3cdad396c17865e5dd1b2f18377ec7,S037,4
cf3cdad396c17865e5dd1b2f18377ec7,S018,3
cf3cdad396c17865e5dd1b2f18377ec7,S005,3
cf3cdad396c17865e5dd1b2f18377ec7,S043,4
cf3cdad396c17865e5dd1b2f18377ec7,S041,3
60e27716d0872ed066ed34d63c1bf08c,S023,3
60e27716d0872ed066ed34d63c1bf08c,S035,2
60e27716d0872ed066ed34d63c1bf08c,S027,2
60e27716d0872ed066ed34d63c1bf08c,S032,3
60e27716d0872ed066ed34d63c1bf08c,S034,3
60e27716d0872ed066ed34d63c1bf08c,S042,3
60e27716d0872ed066ed34d63c1bf08c,S004,2
60e27716d0872ed066ed34d63c1bf08c,S013,4
60e27716d0872ed066ed34d63c1bf08c,S018,4
60e27716d0872ed066ed34d63c1bf08c,S039,3
0805bbd2564f8e483e81d4303e48e936,S027,1
0805bbd2564f8e483e81d4303e48e936,S011,2
0805bbd2564f8e483e81d4303e48e936,S040,1
0805bbd2564f8e483e81d4303e48e936,S024,2
0805bbd2564f8e483e81d4303e48e936,S043,2
0805bbd2564f8e483e81d4303e48e936,S041,1
78dabee4d92089c2f916acbbd22a59ae,S011,1
78dabee4d92089c2f916acbbd22a59ae,S020,2
78dabee4d92089c2f916acbbd22a59ae,S009,2
78dabee4d92089c2f916acbbd22a59ae,S033,4
78dabee4d92089c2f916acbbd22a59ae,S035,1
5e7d8038ed6a314307b6186b6c2dae9e,S031,5
5e7d8038ed6a314307b6186b6c2dae9e,S035,3
5e7d8038ed6a314307b6186b6c2dae9e,S027,4
5e7d8038ed6a314307b6186b6c2dae9e,S006,4
5e7d8038ed6a314307b6186b6c2dae9e,S020,4
5e7d8038ed6a314307b6186b6c2dae9e,S009,4
5e7d8038ed6a314307b6186b6c2dae9e,S040,4
5e7d8038ed6a314307b6186b6c2dae9e,S003,5
5e7d8038ed6a314307b6186b6c2dae9e,S030,4
5e7d8038ed6a314307b6186b6c2dae9e,S001,4
e195e9124eeb78c8938caee498972fca,S016,2
e195e9124eeb78c8938caee498972fca,S012,1
e195e9124eeb78c8938caee498972fca,S008,2
e195e9124eeb78c8938caee498972fca,S017,1
e195e9124eeb78c8938caee498972fca,S044,1
e195e9124eeb78c8938caee498972fca,S009,2
e195e9124eeb78c8938caee498972fca,S029,3
01f15d9b93890f49c5cfaf12540b9d2e,S016,2
01f15d9b93890f49c5cfaf12540b9d2e,S018,3
01f15d9b93890f49c5cfaf12540b9d2e,S023,3
01f15d9b93890f49c5cfaf12540b9d2e,S013,3
01f15d9b93890f49c5cfaf12540b9d2e,S028,3
01f15d9b93890f49c5cfaf12540b9d2e,S033,3
01f15d9b93890f49c5cfaf12540b9d2e,S001,3
01f15d9b93890f49c5cfaf12540b9d2e,S012,2
01f15d9b93890f49c5cfaf12540b9d2e,S042,3
01f15d9b93890f49c5cfaf12540b9d2e,S045,3
01f15d9b93890f49c5cfaf12540b9d2e,S036,5
6a8f63e25c077e3952652d9ec8aa3d5c,S032,5
6a8f63e25c077e3952652d9ec8aa3d5c,S003,4
6a8f63e25c077e3952652d9ec8aa3d5c,S021,3
6a8f63e25c077e3952652d9ec8aa3d5c,S009,3
6a8f63e25c077e3952652d9ec8aa3d5c,S034,3
6a8f63e25c077e3952652d9ec8aa3d5c,S023,3
6a8f63e25c077e3952652d9ec8aa3d5c,S017,3
6a8f63e25c077e3952652d9ec8aa3d5c,S038,1
29bae27d9dc98c76d63bfd642ec10a21,S002,3
29bae27d9dc98c76d63bfd642ec10a21,S025,3
29bae27d9dc98c76d63bfd642ec10a21,S011,3
29bae27d9dc98c76d63bfd642ec10a21,S016,4
29bae27d9dc98c76d63bfd642ec10a21,S020,4
29bae27d9dc98c76d63bfd642ec10a21,S010,3
29bae27d9dc98c76d63bfd642ec10a21,S026,3
29bae27d9dc98c76d63bfd642ec10a21,S001,3
29bae27d9dc98c76d63bfd642ec10a21,S040,3
29bae27d9dc98c76d63bfd642ec10a21,S006,3
29bae27d9dc98c76d63bfd642ec10a21,S029,4
54b21b78375f719794d12252afa89a33,S008,4
54b21b78375f719794d12252afa89a33,S018,5
54b21b78375f719794d12252afa89a33,S013,3
54b21b78375f719794d12252afa89a33,S023,4
54b21b78375f719794d12252afa89a33,S029,3
54b21b78375f719794d12252afa89a33,S004,4
54b21b78375f719794d12252afa89a33,S019,3
54b21b78375f719794d12252afa89a33,S015,2
54b21b78375f719794d12252afa89a33,S016,4
54b21b78375f719794d12252afa89a33,S030,3
54b21b78375f719794d12252afa89a33,S028,4
54b21b78375f719794d12252afa89a33,S044,4
54b21b78375f719794d12252afa89a33,S038,4
54b21b78375f719794d12252afa89a33,S032,5
2f4198e5e04e28a57274f3e81270e947,S003,1
2f4198e5e04e28a57274f3e81270e947,S035,1
2f4198e5e04e28a57274f3e81270e947,S021,1
2f4198e5e04e28a57274f3e81270e947,S017,1
2f4198e5e04e28a57274f3e81270e947,S028,1
2f4198e5e04e28a57274f3e81270e947,S037,2
2f4198e5e04e28a57274f3e81270e947,S044,1
2ff02b32a5cc0ef5d05dd67885f6977c,S002,4
2ff02b32a5cc0ef5d05dd67885f6977c,S033,4
2ff02b32a5cc0ef5d05dd67885f6977c,S004,4
2ff02b32a5cc0ef5d05dd67885f6977c,S024,4
2ff02b32a5cc0ef5d05dd67885f6977c,S025,4
2ff02b32a5cc0ef5d05dd67885f6977c,S045,4
2ff02b32a5cc0ef5d05dd67885f6977c,S018,3
2ff02b32a5cc0ef5d05dd67885f6977c,S012,3
2ff02b32a5cc0ef5d05dd67885f6977c,S030,3
2ff02b32a5cc0ef5d05dd67885f6977c,S016,5
2ff02b32a5cc0ef5d05dd67885f6977c,S020,4
2ff02b32a5cc0ef5d05dd67885f6977c,S009,4
2ff02b32a5cc0ef5d05dd67885f6977c,S043,3
2ff02b32a5cc0ef5d05dd67885f6977c,S014,4
0794196ec41a810c4f4ae47e942271ae,S003,4
0794196ec41a810c4f4ae47e942271ae,S024,4
0794196ec41a810c4f4ae47e942271ae,S005,4
0794196ec41a810c4f4ae47e942271ae,S039,4
0794196ec41a810c4f4ae47e942271ae,S010,5
0794196ec41a810c4f4ae47e942271ae,S004,4
0794196ec41a810c4f4ae47e942271ae,S034,4
0794196ec41a810c4f4ae47e942271ae,S012,5
0794196ec41a810c4f4ae47e942271ae,S006,5
0794196ec41a810c4f4ae47e942271ae,S017,4
0794196ec41a810c4f4ae47e942271ae,S031,5
0794196ec41a810c4f4ae47e942271ae,S001,5
0794196ec41a810c4f4ae47e942271ae,S014,4
0794196ec41a810c4f4ae47e942271ae,S009,5
0794196ec41a810c4f4ae47e942271ae,S042,4
4b91afd58c9567f5da7f435dc0b37c00,S002,3
4b91afd58c9567f5da7f435dc0b37c00,S015,3
4b91afd58c9567f5da7f435dc0b37c00,S021,3
4b91afd58c9567f5da7f435dc0b37c00,S037,3
4b91afd58c9567f5da7f435dc0b37c00,S023,2
4b91afd58c9567f5da7f435dc0b37c00,S044,2
4b91afd58c9567f5da7f435dc0b37c00,S007,3
4b91afd58c9567f5da7f435dc0b37c00,S040,3
4b91afd58c9567f5da7f435dc0b37c00,S030,3
ace96fe5dffe3a71350c5a0de3cf5739,S025,5
ace96fe5dffe3a71350c5a0de3cf5739,S009,4
ace96fe5dffe3a71350c5a0de3cf5739,S024,5
ace96fe5dffe3a71350c5a0de3cf5739,S008,4
ace96fe5dffe3a71350c5a0de3cf5739,S015,3
ace96fe5dffe3a71350c5a0de3cf5739,S005,5
ace96fe5dffe3a71350c5a0de3cf5739,S040,4
ace96fe5dffe3a71350c5a0de3cf5739,S011,5
ace96fe5dffe3a71350c5a0de3cf5739,S003,4
ace96fe5dffe3a71350c5a0de3cf5739,S044,4
ace96fe5dffe3a71350c5a0de3cf5739,S016,4
ace96fe5dffe3a71350c5a0de3cf5739,S045,4
7293daa36af019d0740d73df0bc5fbf7,S038,3
7293daa36af019d0740d73df0bc5fbf7,S041,3
7293daa36af019d0740d73df0bc5fbf7,S016,3
7293daa36af019d0740d73df0bc5fbf7,S039,3
7293daa36af019d0740d73df0bc5fbf7,S025,3
7293daa36af019d0740d73df0bc5fbf7,S018,3
7293daa36af019d0740d73df0bc5fbf7,S033,3
7293daa36af019d0740d73df0bc5fbf7,S036,3
2737fc05d952f965d1d3996d0a2435aa,S036,2
2737fc05d952f965d1d3996d0a2435aa,S002,2
2737fc05d952f965d1d3996d0a2435aa,S019,4
2737fc05d952f965d1d3996d0a2435aa,S039,3
2737fc05d952f965d1d3996d0a2435aa,S005,4
2737fc05d952f965d1d3996d0a2435aa,S042,3
2737fc05d952f965d1d3996d0a2435aa,S012,2
2737fc05d952f965d1d3996d0a2435aa,S022,2
2737fc05d952f965d1d3996d0a2435aa,S024,3
2737fc05d952f965d1d3996d0a2435aa,S043,4
2737fc05d952f965d1d3996d0a2435aa,S037,2
ff00c5fe8c6d657d2f52b0f3fb2e6117,S038,3
ff00c5fe8c6d657d2f52b0f3fb2e6117,S026,3
ff00c5fe8c6d657d2f52b0f3fb2e6117,S012,3
ff00c5fe8c6d657d2f52b0f3fb2e6117,S028,2
ff00c5fe8c6d657d2f52b0f3fb2e6117,S037,2
ff00c5fe8c6d657d2f52b0f3fb2e6117,S030,4
ff00c5fe8c6d657d2f52b0f3fb2e6117,S024,2
ff00c5fe8c6d657d2f52b0f3fb2e6117,S009,4
bdc95986697e2ef972e588e9ffc14b30,S027,4
bdc95986697e2ef972e588e9ffc14b30,S039,3
bdc95986697e2ef972e588e9ffc14b30,S031,3
bdc95986697e2ef972e588e9ffc14b30,S002,3
bdc95986697e2ef972e588e9ffc14b30,S028,4
bdc95986697e2ef972e588e9ffc14b30,S011,3
bdc95986697e2ef972e588e9ffc14b30,S034,3
bdc95986697e2ef972e588e9ffc14b30,S040,4
bdc95986697e2ef972e588e9ffc14b30,S033,3
bdc95986697e2ef972e588e9ffc14b30,S041,4
bdc95986697e2ef972e588e9ffc14b30,S003,3
bdc95986697e2ef972e588e9ffc14b30,S038,4
7f93de1c43c5d9adbba835f74bdc621a,S032,2
7f93de1c43c5d9adbba835f74bdc621a,S025,1
7f93de1c43c5d9adbba835f74bdc621a,S001,2
7f93de1c43c5d9adbba835f74bdc621a,S012,1
7f93de1c43c5d9adbba835f74bdc621a,S041,1
7f93de1c43c5d9adbba835f74bdc621a,S043,1
47eff6f26092590e78acb65ea960ca72,S005,4
47eff6f26092590e78acb65ea960ca72,S035,3
47eff6f26092590e78acb65ea960ca72,S022,4
47eff6f26092590e78acb65ea960ca72,S021,4
47eff6f26092590e78acb65ea960ca72,S003,4
47eff6f26092590e78acb65ea960ca72,S002,5
47eff6f26092590e78acb65ea960ca72,S009,4
47eff6f26092590e78acb65ea960ca72,S019,4
47eff6f26092590e78acb65ea960ca72,S004,5
47eff6f26092590e78acb65ea960ca72,S014,5
47eff6f26092590e78acb65ea960ca72,S007,2
47eff6f26092590e78acb65ea960ca72,S030,4
47eff6f26092590e78acb65ea960ca72,S029,5
bbb9ec84a88ac9efa1387a04f70c0953,S032,4
bbb9ec84a88ac9efa1387a04f70c0953,S043,5
bbb9ec84a88ac9efa1387a04f70c0953,S031,3
bbb9ec84a88ac9efa1387a04f70c0953,S044,5
bbb9ec84a88ac9efa1387a04f70c0953,S018,5
bbb9ec84a88ac9efa1387a04f70c0953,S019,3
bbb9ec84a88ac9efa1387a04f70c0953,S015,4
bbb9ec84a88ac9efa1387a04f70c0953,S011,4
bbb9ec84a88ac9efa1387a04f70c0953,S038,5
bbb9ec84a88ac9efa1387a04f70c0953,S036,5
bbb9ec84a88ac9efa1387a04f70c0953,S037,3
bbb9ec84a88ac9efa1387a04f70c0953,S022,4
bbb9ec84a88ac9efa1387a04f70c0953,S023,4
bbb9ec84a88ac9efa1387a04f70c0953,S004,5
bbb9ec84a88ac9efa1387a04f70c0953,S010,5
f2b50ca67e55a4f74e4f2c1f1ab510e0,S016,4
f2b50ca67e55a4f74e4f2c1f1ab510e0,S009,3
f2b50ca67e55a4f74e4f2c1f1ab510e0,S041,4
f2b50ca67e55a4f74e4f2c1f1ab510e0,S034,4
f2b50ca67e55a4f74e4f2c1f1ab510e0,S015,1
f2b50ca67e55a4f74e4f2c1f1ab510e0,S012,4
f2b50ca67e55a4f74e4f2c1f1ab510e0,S037,4
f2b50ca67e55a4f74e4f2c1f1ab510e0,S007,4
f2b50ca67e55a4f74e4f2c1f1ab510e0,S002,4
f2b50ca67e55a4f74e4f2c1f1ab510e0,S022,3
f2b50ca67e55a4f74e4f2c1f1ab510e0,S005,4
f2b50ca67e55a4f74e4f2c1f1ab510e0,S014,2
f2b50ca67e55a4f74e4f2c1f1ab510e0,S008,4
f4f586c539e53da2f42be1242653a6c6,S002,2
f4f586c539e53da2f42be1242653a6c6,S045,3
f4f586c539e53da2f42be1242653a6c6,S041,2
f4f586c539e53da2f42be1242653a6c6,S030,3
f4f586c539e53da2f42be1242653a6c6,S032,2
f4f586c539e53da2f42be1242653a6c6,S007,2
f4f586c539e53da2f42be1242653a6c6,S003,3
f4f586c539e53da2f42be1242653a6c6,S006,3
f4f586c539e53da2f42be1242653a6c6,S031,3
f4f586c539e53da2f42be1242653a6c6,S011,2
f3d5f10829151e22a00cd15a20c8b9d7,S015,3
f3d5f10829151e22a00cd15a20c8b9d7,S011,3
f3d5f10829151e22a00cd15a20c8b9d7,S024,3
f3d5f10829151e22a00cd15a20c8b9d7,S004,3
f3d5f10829151e22a00cd15a20c8b9d7,S003,3
f3d5f10829151e22a00cd15a20c8b9d7,S016,3
f3d5f10829151e22a00cd15a20c8b9d7,S019,4
f3d5f10829151e22a00cd15a20c8b9d7,S006,1
f3d5f10829151e22a00cd15a20c8b9d7,S017,2
a08102a61b57e22a3afccc723fac8ecc,S031,3
a08102a61b57e22a3afccc723fac8ecc,S037,3
a08102a61b57e22a3afccc723fac8ecc,S041,4
a08102a61b57e22a3afccc723fac8ecc,S035,2
a08102a61b57e22a3afccc723fac8ecc,S034,1
a08102a61b57e22a3afccc723fac8ecc,S018,2
a08102a61b57e22a3afccc723fac8ecc,S040,1
a08102a61b57e22a3afccc723fac8ecc,S006,5
ee5b2201fec2d8b1ce7c2e985b2b3153,S041,3
ee5b2201fec2d8b1ce7c2e985b2b3153,S025,4
ee5b2201fec2d8b1ce7c2e985b2b3153,S035,5
ee5b2201fec2d8b1ce7c2e985b2b3153,S009,5
ee5b2201fec2d8b1ce7c2e985b2b3153,S023,4
ee5b2201fec2d8b1ce7c2e985b2b3153,S034,4
ee5b2201fec2d8b1ce7c2e985b2b3153,S014,4
ee5b2201fec2d8b1ce7c2e985b2b3153,S003,4
ee5b2201fec2d8b1ce7c2e985b2b3153,S020,3
ee5b2201fec2d8b1ce7c2e985b2b3153,S031,3
ee5b2201fec2d8b1ce7c2e985b2b3153,S007,5
90937c1a745c9b80f6d0657193484590,S007,4
90937c1a745c9b80f6d0657193484590,S006,5
90937c1a745c9b80f6d0657193484590,S042,3
90937c1a745c9b80f6d0657193484590,S011,4
90937c1a745c9b80f6d0657193484590,S015,4
90937c1a745c9b80f6d0657193484590,S044,4
90937c1a745c9b80f6d0657193484590,S008,4
90937c1a745c9b80f6d0657193484590,S037,3
90937c1a745c9b80f6d0657193484590,S041,3
90937c1a745c9b80f6d0657193484590,S009,5
7b5d8cbead2d37cef8a9637bc6b40e5d,S021,4
7b5d8cbead2d37cef8a9637bc6b40e5d,S043,2
7b5d8cbead2d37cef8a9637bc6b40e5d,S017,4
7b5d8cbead2d37cef8a9637bc6b40e5d,S014,3
7b5d8cbead2d37cef8a9637bc6b40e5d,S016,3
7b5d8cbead2d37cef8a9637bc6b40e5d,S031,1
7b5d8cbead2d37cef8a9637bc6b40e5d,S012,4
7b5d8cbead2d37cef8a9637bc6b40e5d,S038,2
dfc628b60891f7c4c46d54a92b64283f,S022,4
dfc628b60891f7c4c46d54a92b64283f,S036,3
dfc628b60891f7c4c46d54a92b64283f,S013,5
dfc628b60891f7c4c46d54a92b64283f,S018,5
dfc628b60891f7c4c46d54a92b64283f,S028,4
dfc628b60891f7c4c46d54a92b64283f,S041,5
dfc628b60891f7c4c46d54a92b64283f,S006,4
dfc628b60891f7c4c46d54a92b64283f,S042,5
dfc628b60891f7c4c46d54a92b64283f,S020,2
dfc628b60891f7c4c46d54a92b64283f,S040,3
dfc628b60891f7c4c46d54a92b64283f,S019,5
dfc628b60891f7c4c46d54a92b64283f,S029,4
099b13d638c44a2b456eb546fd4a7798,S008,4
099b13d638c44a2b456eb546fd4a7798,S026,4
099b13d638c44a2b456eb546fd4a7798,S012,4
099b13d638c44a2b456eb546fd4a7798,S042,4
099b13d638c44a2b456eb546fd4a7798,S036,4
099b13d638c44a2b456eb546fd4a7798,S020,4
099b13d638c44a2b456eb546fd4a7798,S027,5
099b13d638c44a2b456eb546fd4a7798,S038,3
099b13d638c44a2b456eb546fd4a7798,S015,5
099b13d638c44a2b456eb546fd4a7798,S039,4
099b13d638c44a2b456eb546fd4a7798,S037,4
9549196f047ca776810fb78645fd435e,S029,4
9549196f047ca776810fb78645fd435e,S015,4
9549196f047ca776810fb78645fd435e,S031,3
9549196f047ca776810fb78645fd435e,S036,2
9549196f047ca776810fb78645fd435e,S028,2
9549196f047ca776810fb78645fd435e,S007,4
9549196f047ca776810fb78645fd435e,S017,3
9549196f047ca776810fb78645fd435e,S016,3
3c5545189d5d05594da95f976fc8e2ff,S011,4
3c5545189d5d05594da95f976fc8e2ff,S020,3
3c5545189d5d05594da95f976fc8e2ff,S002,3
3c5545189d5d05594da95f976fc8e2ff,S015,4
3c5545189d5d05594da95f976fc8e2ff,S012,2
3c5545189d5d05594da95f976fc8e2ff,S028,4
3c5545189d5d05594da95f976fc8e2ff,S010,2
3c5545189d5d05594da95f976fc8e2ff,S030,3
3c5545189d5d05594da95f976fc8e2ff,S006,3
deb43295c50cbcfc58ea949db128b2f8,S039,3
deb43295c50cbcfc58ea949db128b2f8,S034,4
deb43295c50cbcfc58ea949db128b2f8,S042,3
deb43295c50cbcfc58ea949db128b2f8,S035,3
deb43295c50cbcfc58ea949db128b2f8,S011,3
deb43295c50cbcfc58ea949db128b2f8,S013,3
deb43295c50cbcfc58ea949db128b2f8,S028,4
deb43295c50cbcfc58ea949db128b2f8,S027,4
deb43295c50cbcfc58ea949db128b2f8,S005,4
deb43295c50cbcfc58ea949db128b2f8,S004,3
deb43295c50cbcfc58ea949db128b2f8,S044,2
0db3df92318c8eabb58ec78353c6333b,S019,5
0db3df92318c8eabb58ec78353c6333b,S016,4
0db3df92318c8eabb58ec78353c6333b,S036,4
0db3df92318c8eabb58ec78353c6333b,S005,4
0db3df92318c8eabb58ec78353c6333b,S031,4
0db3df92318c8eabb58ec78353c6333b,S045,4
0db3df92318c8eabb58ec78353c6333b,S037,4
0db3df92318c8eabb58ec78353c6333b,S024,3
0db3df92318c8eabb58ec78353c6333b,S033,4
0db3df92318c8eabb58ec78353c6333b,S004,4
0db3df92318c8eabb58ec78353c6333b,S013,5
0db3df92318c8eabb58ec78353c6333b,S030,3
0db3df92318c8eabb58ec78353c6333b,S003,4
fe8e03a58134bb6280757e245f1508ab,S013,5
fe8e03a58134bb6280757e245f1508ab,S009,4
fe8e03a58134bb6280757e245f1508ab,S011,5
fe8e03a58134bb6280757e245f1508ab,S012,3
fe8e03a58134bb6280757e245f1508ab,S001,5
fe8e03a58134bb6280757e245f1508ab,S043,4
fe8e03a58134bb6280757e245f1508ab,S021,4
fe8e03a58134bb6280757e245f1508ab,S039,4
fe8e03a58134bb6280757e245f1508ab,S017,4
fe8e03a58134bb6280757e245f1508ab,S029,4
fe8e03a58134bb6280757e245f1508ab,S045,4
fe8e03a58134bb6280757e245f1508ab,S036,4
fe8e03a58134bb6280757e245f1508ab,S041,2
fe8e03a58134bb6280757e245f1508ab,S031,4
3e66ab50679de2ab09e1579d61882561,S019,4
3e66ab50679de2ab09e1579d61882561,S045,4
3e66ab50679de2ab09e1579d61882561,S012,5
3e66ab50679de2ab09e1579d61882561,S039,3
3e66ab50679de2ab09e1579d61882561,S014,4
3e66ab50679de2ab09e1579d61882561,S023,3
3e66ab50679de2ab09e1579d61882561,S022,5
3e66ab50679de2ab09e1579d61882561,S029,4
3e66ab50679de2ab09e1579d61882561,S042,4
3e66ab50679de2ab09e1579d61882561,S018,3
3e66ab50679de2ab09e1579d61882561,S031,4
9e65292cea2b346d3a53ea31a5c1cbf4,S042,4
9e65292cea2b346d3a53ea31a5c1cbf4,S003,4
9e65292cea2b346d3a53ea31a5c1cbf4,S037,4
9e65292cea2b346d3a53ea31a5c1cbf4,S032,4
9e65292cea2b346d3a53ea31a5c1cbf4,S027,4
9e65292cea2b346d3a53ea31a5c1cbf4,S023,3
9e65292cea2b346d3a53ea31a5c1cbf4,S016,5
9e65292cea2b346d3a53ea31a5c1cbf4,S031,4
9e65292cea2b346d3a53ea31a5c1cbf4,S008,4
9e65292cea2b346d3a53ea31a5c1cbf4,S014,3
9e65292cea2b346d3a53ea31a5c1cbf4,S009,4
f8dadc90e433ec29cb581549ee23ef2c,S017,2
f8dadc90e433ec29cb581549ee23ef2c,S028,4
f8dadc90e433ec29cb581549ee23ef2c,S040,5
f8dadc90e433ec29cb581549ee23ef2c,S013,3
f8dadc90e433ec29cb581549ee23ef2c,S010,3
f8dadc90e433ec29cb581549ee23ef2c,S042,2
f8dadc90e433ec29cb581549ee23ef2c,S043,3
f8dadc90e433ec29cb581549ee23ef2c,S041,3
f8dadc90e433ec29cb581549ee23ef2c,S021,4
6dd217e8787c3d01d3745e67ca5dd14e,S017,4
6dd217e8787c3d01d3745e67ca5dd14e,S008,3
6dd217e8787c3d01d3745e67ca5dd14e,S006,4
6dd217e8787c3d01d3745e67ca5dd14e,S010,5
6dd217e8787c3d01d3745e67ca5dd14e,S003,4
6dd217e8787c3d01d3745e67ca5dd14e,S040,5
6dd217e8787c3d01d3745e67ca5dd14e,S035,5
6dd217e8787c3d01d3745e67ca5dd14e,S025,3
6dd217e8787c3d01d3745e67ca5dd14e,S036,5
6dd217e8787c3d01d3745e67ca5dd14e,S029,5
6dd217e8787c3d01d3745e67ca5dd14e,S009,4
6dd217e8787c3d01d3745e67ca5dd14e,S031,4
6dd217e8787c3d01d3745e67ca5dd14e,S020,2
23809fbe296f8bb4c6437f7f19d4d9f3,S013,3
23809fbe296f8bb4c6437f7f19d4d9f3,S032,4
23809fbe296f8bb4c6437f7f19d4d9f3,S018,3
23809fbe296f8bb4c6437f7f19d4d9f3,S004,4
23809fbe296f8bb4c6437f7f19d4d9f3,S016,3
23809fbe296f8bb4c6437f7f19d4d9f3,S007,3
23809fbe296f8bb4c6437f7f19d4d9f3,S028,4
23809fbe296f8bb4c6437f7f19d4d9f3,S010,4
23809fbe296f8bb4c6437f7f19d4d9f3,S033,2
23809fbe296f8bb4c6437f7f19d4d9f3,S025,5
23809fbe296f8bb4c6437f7f19d4d9f3,S012,3
a33636730fa2d2b97c49c0e7d1dd6859,S031,3
a33636730fa2d2b97c49c0e7d1dd6859,S015,4
a33636730fa2d2b97c49c0e7d1dd6859,S005,3
a33636730fa2d2b97c49c0e7d1dd6859,S018,3
a33636730fa2d2b97c49c0e7d1dd6859,S019,3
a33636730fa2d2b97c49c0e7d1dd6859,S013,3
a33636730fa2d2b97c49c0e7d1dd6859,S002,2
a33636730fa2d2b97c49c0e7d1dd6859,S028,2
6b182dcceabe622aafd6b175c204f568,S006,2
6b182dcceabe622aafd6b175c204f568,S016,1
6b182dcceabe622aafd6b175c204f568,S022,3
6b182dcceabe622aafd6b175c204f568,S017,2
6b182dcceabe622aafd6b175c204f568,S035,1
6b182dcceabe622aafd6b175c204f568,S040,2
6b182dcceabe622aafd6b175c204f568,S011,1
6b182dcceabe622aafd6b175c204f568,S005,1
4d36e0f2ef8b5f718e0183345950c867,S025,2
4d36e0f2ef8b5f718e0183345950c867,S030,2
4d36e0f2ef8b5f718e0183345950c867,S005,1
4d36e0f2ef8b5f718e0183345950c867,S044,1
4d36e0f2ef8b5f718e0183345950c867,S033,2
4d36e0f2ef8b5f718e0183345950c867,S041,2
318401e75bfadff4b20099ca2679d990,S022,5
318401e75bfadff4b20099ca2679d990,S028,4
318401e75bfadff4b20099ca2679d990,S020,4
318401e75bfadff4b20099ca2679d990,S045,5
318401e75bfadff4b20099ca2679d990,S043,5
318401e75bfadff4b20099ca2679d990,S036,5
318401e75bfadff4b20099ca2679d990,S016,5
318401e75bfadff4b20099ca2679d990,S037,5
318401e75bfadff4b20099ca2679d990,S008,5
318401e75bfadff4b20099ca2679d990,S018,2
318401e75bfadff4b20099ca2679d990,S021,4
6285483e6ef0d8fdf5d76ee7a00cb64f,S040,3
6285483e6ef0d8fdf5d76ee7a00cb64f,S039,3
6285483e6ef0d8fdf5d76ee7a00cb64f,S035,3
6285483e6ef0d8fdf5d76ee7a00cb64f,S023,4
6285483e6ef0d8fdf5d76ee7a00cb64f,S008,2
6285483e6ef0d8fdf5d76ee7a00cb64f,S009,4
6285483e6ef0d8fdf5d76ee7a00cb64f,S016,2
6285483e6ef0d8fdf5d76ee7a00cb64f,S021,3
6285483e6ef0d8fdf5d76ee7a00cb64f,S028,3
6285483e6ef0d8fdf5d76ee7a00cb64f,S013,3
6285483e6ef0d8fdf5d76ee7a00cb64f,S002,3
bc671784a6e0c17e9b64a09d6fd64acc,S035,2
bc671784a6e0c17e9b64a09d6fd64acc,S001,3
bc671784a6e0c17e9b64a09d6fd64acc,S008,2
bc671784a6e0c17e9b64a09d6fd64acc,S025,1
bc671784a6e0c17e9b64a09d6fd64acc,S002,4
bc671784a6e0c17e9b64a09d6fd64acc,S011,2
bc671784a6e0c17e9b64a09d6fd64acc,S029,1
5ef7451c660b94fbe9953aafd50dc201,S025,3
5ef7451c660b94fbe9953aafd50dc201,S035,3
5ef7451c660b94fbe9953aafd50dc201,S013,2
5ef7451c660b94fbe9953aafd50dc201,S005,2
5ef7451c660b94fbe9953aafd50dc201,S037,3
5ef7451c660b94fbe9953aafd50dc201,S016,3
5ef7451c660b94fbe9953aafd50dc201,S004,2
5ef7451c660b94fbe9953aafd50dc201,S002,2
af5ba5ba5c8c4766361fadb983c9bcbb,S041,3
af5ba5ba5c8c4766361fadb983c9bcbb,S004,4
af5ba5ba5c8c4766361fadb983c9bcbb,S036,2
af5ba5ba5c8c4766361fadb983c9bcbb,S044,5
af5ba5ba5c8c4766361fadb983c9bcbb,S042,4
af5ba5ba5c8c4766361fadb983c9bcbb,S032,2
af5ba5ba5c8c4766361fadb983c9bcbb,S022,4
af5ba5ba5c8c4766361fadb983c9bcbb,S013,4
af5ba5ba5c8c4766361fadb983c9bcbb,S006,3
af5ba5ba5c8c4766361fadb983c9bcbb,S011,4
e9b16db289184e6ff409f32f03ebcdf4,S011,5
e9b16db289184e6ff409f32f03ebcdf4,S001,4
e9b16db289184e6ff409f32f03ebcdf4,S027,4
e9b16db289184e6ff409f32f03ebcdf4,S018,5
e9b16db289184e6ff409f32f03ebcdf4,S014,4
e9b16db289184e6ff409f32f03ebcdf4,S003,3
e9b16db289184e6ff409f32f03ebcdf4,S019,4
e9b16db289184e6ff409f32f03ebcdf4,S029,3
e9b16db289184e6ff409f32f03ebcdf4,S045,5
e9b16db289184e6ff409f32f03ebcdf4,S041,4
e9b16db289184e6ff409f32f03ebcdf4,S033,4
e9b16db289184e6ff409f32f03ebcdf4,S032,4
e9b16db289184e6ff409f32f03ebcdf4,S002,4
ee5ea5d3fad9c7446cf8241bcdfa7a67,S007,2
ee5ea5d3fad9c7446cf8241bcdfa7a67,S002,2
ee5ea5d3fad9c7446cf8241bcdfa7a67,S042,2
ee5ea5d3fad9c7446cf8241bcdfa7a67,S025,3
ee5ea5d3fad9c7446cf8241bcdfa7a67,S037,2
ee5ea5d3fad9c7446cf8241bcdfa7a67,S040,1
51752558f9b49ab0debcda947d69cc2b,S028,2
51752558f9b49ab0debcda947d69cc2b,S035,4
51752558f9b49ab0debcda947d69cc2b,S024,3
51752558f9b49ab0debcda947d69cc2b,S016,3
51752558f9b49ab0debcda947d69cc2b,S002,3
51752558f9b49ab0debcda947d69cc2b,S013,2
51752558f9b49ab0debcda947d69cc2b,S037,3
51752558f9b49ab0debcda947d69cc2b,S025,4
51752558f9b49ab0debcda947d69cc2b,S032,3
51752558f9b49ab0debcda947d69cc2b,S036,4
2e3b447fba4b2afa7da0dd6d254a8e2c,S040,2
2e3b447fba4b2afa7da0dd6d254a8e2c,S031,2
2e3b447fba4b2afa7da0dd6d254a8e2c,S034,3
2e3b447fba4b2afa7da0dd6d254a8e2c,S044,4
2e3b447fba4b2afa7da0dd6d254a8e2c,S021,3
2e3b447fba4b2afa7da0dd6d254a8e2c,S043,2
2e3b447fba4b2afa7da0dd6d254a8e2c,S018,3
2e3b447fba4b2afa7da0dd6d254a8e2c,S045,4
2e3b447fba4b2afa7da0dd6d254a8e2c,S011,4
2e3b447fba4b2afa7da0dd6d254a8e2c,S010,3
2e3b447fba4b2afa7da0dd6d254a8e2c,S001,3
b2c8c2f8a71d7e8e9b6cc8cbd962371d,S041,2
b2c8c2f8a71d7e8e9b6cc8cbd962371d,S033,2
b2c8c2f8a71d7e8e9b6cc8cbd962371d,S016,3
b2c8c2f8a71d7e8e9b6cc8cbd962371d,S038,2
b2c8c2f8a71d7e8e9b6cc8cbd962371d,S003,4
b2c8c2f8a71d7e8e9b6cc8cbd962371d,S045,5
b2c8c2f8a71d7e8e9b6cc8cbd962371d,S042,3
b2c8c2f8a71d7e8e9b6cc8cbd962371d,S020,2
b2c8c2f8a71d7e8e9b6cc8cbd962371d,S009,3
b2c8c2f8a71d7e8e9b6cc8cbd962371d,S010,3
e803558cb167d44f33dd38f12bdf53bb,S016,2
e803558cb167d44f33dd38f12bdf53bb,S023,1
e803558cb167d44f33dd38f12bdf53bb,S007,1
e803558cb167d44f33dd38f12bdf53bb,S020,1
e803558cb167d44f33dd38f12bdf53bb,S010,1
e803558cb167d44f33dd38f12bdf53bb,S045,2
e803558cb167d44f33dd38f12bdf53bb,S004,1
98121f44e657a607ecc3a3c09580a8c9,S029,4
98121f44e657a607ecc3a3c09580a8c9,S031,5
98121f44e657a607ecc3a3c09580a8c9,S044,5
98121f44e657a607ecc3a3c09580a8c9,S030,3
98121f44e657a607ecc3a3c09580a8c9,S043,5
98121f44e657a607ecc3a3c09580a8c9,S011,4
98121f44e657a607ecc3a3c09580a8c9,S042,3
98121f44e657a607ecc3a3c09580a8c9,S041,5
98121f44e657a607ecc3a3c09580a8c9,S045,4
98121f44e657a607ecc3a3c09580a8c9,S005,2
98121f44e657a607ecc3a3c09580a8c9,S033,3
98121f44e657a607ecc3a3c09580a8c9,S023,3
7510c982e969c519c2faa442a0d5ceea,S002,3
7510c982e969c519c2faa442a0d5ceea,S001,4
7510c982e969c519c2faa442a0d5ceea,S023,5
7510c982e969c519c2faa442a0d5ceea,S044,4
7510c982e969c519c2faa442a0d5ceea,S007,4
7510c982e969c519c2faa442a0d5ceea,S043,5
7510c982e969c519c2faa442a0d5ceea,S035,4
7510c982e969c519c2faa442a0d5ceea,S017,5
7510c982e969c519c2faa442a0d5ceea,S016,4
7510c982e969c519c2faa442a0d5ceea,S026,5
7510c982e969c519c2faa442a0d5ceea,S033,3
7510c982e969c519c2faa442a0d5ceea,S021,5
7510c982e969c519c2faa442a0d5ceea,S025,5
1e7de4f86f76e6acc06f91d84a601f7b,S020,4
1e7de4f86f76e6acc06f91d84a601f7b,S015,4
1e7de4f86f76e6acc06f91d84a601f7b,S037,3
1e7de4f86f76e6acc06f91d84a601f7b,S005,3
1e7de4f86f76e6acc06f91d84a601f7b,S034,3
1e7de4f86f76e6acc06f91d84a601f7b,S035,4
1e7de4f86f76e6acc06f91d84a601f7b,S041,4
1e7de4f86f76e6acc06f91d84a601f7b,S014,3
1e7de4f86f76e6acc06f91d84a601f7b,S007,4
1e7de4f86f76e6acc06f91d84a601f7b,S012,5
4bf040e58f34679bc9e60bfdd3f20b49,S003,2
4bf040e58f34679bc9e60bfdd3f20b49,S019,3
4bf040e58f34679bc9e60bfdd3f20b49,S022,2
4bf040e58f34679bc9e60bfdd3f20b49,S014,3
4bf040e58f34679bc9e60bfdd3f20b49,S029,2
4bf040e58f34679bc9e60bfdd3f20b49,S012,3
4bf040e58f34679bc9e60bfdd3f20b49,S038,3
4bf040e58f34679bc9e60bfdd3f20b49,S023,3
4bf040e58f34679bc9e60bfdd3f20b49,S041,3
4bf040e58f34679bc9e60bfdd3f20b49,S036,3
ca1463adb0733c22272d44d653a325ef,S022,3
ca1463adb0733c22272d44d653a325ef,S016,3
ca1463adb0733c22272d44d653a325ef,S043,4
ca1463adb0733c22272d44d653a325ef,S008,3
ca1463adb0733c22272d44d653a325ef,S011,3
ca1463adb0733c22272d44d653a325ef,S003,4
ca1463adb0733c22272d44d653a325ef,S038,2
ca1463adb0733c22272d44d653a325ef,S013,4
d45a61881be8818fb650b578355f62df,S016,3
d45a61881be8818fb650b578355f62df,S020,2
d45a61881be8818fb650b578355f62df,S023,4
d45a61881be8818fb650b578355f62df,S001,4
d45a61881be8818fb650b578355f62df,S004,4
d45a61881be8818fb650b578355f62df,S028,5
d45a61881be8818fb650b578355f62df,S031,3
d45a61881be8818fb650b578355f62df,S024,3
27639f8b6c9994e82605ac5ea005c38b,S021,1
27639f8b6c9994e82605ac5ea005c38b,S041,3
27639f8b6c9994e82605ac5ea005c38b,S045,1
27639f8b6c9994e82605ac5ea005c38b,S026,2
27639f8b6c9994e82605ac5ea005c38b,S023,2
27639f8b6c9994e82605ac5ea005c38b,S040,3
27639f8b6c9994e82605ac5ea005c38b,S030,2
27639f8b6c9994e82605ac5ea005c38b,S022,3
27639f8b6c9994e82605ac5ea005c38b,S004,2
84bba54fe9af87dfe8937a54a75c1f9f,S036,5
84bba54fe9af87dfe8937a54a75c1f9f,S015,4
84bba54fe9af87dfe8937a54a75c1f9f,S038,4
84bba54fe9af87dfe8937a54a75c1f9f,S017,3
84bba54fe9af87dfe8937a54a75c1f9f,S014,4
84bba54fe9af87dfe8937a54a75c1f9f,S003,3
84bba54fe9af87dfe8937a54a75c1f9f,S002,3
84bba54fe9af87dfe8937a54a75c1f9f,S001,4
84bba54fe9af87dfe8937a54a75c1f9f,S011,4
84bba54fe9af87dfe8937a54a75c1f9f,S022,4
84bba54fe9af87dfe8937a54a75c1f9f,S005,3
84bba54fe9af87dfe8937a54a75c1f9f,S040,3
c09f888da8f0733d2b6bb7743937a9af,S036,4
c09f888da8f0733d2b6bb7743937a9af,S035,3
c09f888da8f0733d2b6bb7743937a9af,S034,3
c09f888da8f0733d2b6bb7743937a9af,S005,5
c09f888da8f0733d2b6bb7743937a9af,S015,4
c09f888da8f0733d2b6bb7743937a9af,S009,4
c09f888da8f0733d2b6bb7743937a9af,S041,5
c09f888da8f0733d2b6bb7743937a9af,S001,5
c09f888da8f0733d2b6bb7743937a9af,S010,2
c09f888da8f0733d2b6bb7743937a9af,S044,4
c09f888da8f0733d2b6bb7743937a9af,S042,3
5385f874d6405cb5f29d6f6e120428ba,S043,3
5385f874d6405cb5f29d6f6e120428ba,S039,1
5385f874d6405cb5f29d6f6e120428ba,S011,2
5385f874d6405cb5f29d6f6e120428ba,S032,3
5385f874d6405cb5f29d6f6e120428ba,S026,3
0a006c3d1428e22a0553994457f2769f,S045,4
0a006c3d1428e22a0553994457f2769f,S015,4
0a006c3d1428e22a0553994457f2769f,S021,5
0a006c3d1428e22a0553994457f2769f,S003,4
0a006c3d1428e22a0553994457f2769f,S001,3
0a006c3d1428e22a0553994457f2769f,S006,5
0a006c3d1428e22a0553994457f2769f,S041,4
0a006c3d1428e22a0553994457f2769f,S008,4
0a006c3d1428e22a0553994457f2769f,S005,3
0a006c3d1428e22a0553994457f2769f,S040,3
0a006c3d1428e22a0553994457f2769f,S031,3
0a006c3d1428e22a0553994457f2769f,S027,3
b007bcb10aaf1a9e228d6b065526f8e3,S012,1
b007bcb10aaf1a9e228d6b065526f8e3,S010,4
b007bcb10aaf1a9e228d6b065526f8e3,S041,3
b007bcb10aaf1a9e228d6b065526f8e3,S007,2
b007bcb10aaf1a9e228d6b065526f8e3,S026,2
b007bcb10aaf1a9e228d6b065526f8e3,S019,3
b007bcb10aaf1a9e228d6b065526f8e3,S017,3
b007bcb10aaf1a9e228d6b065526f8e3,S003,2
b007bcb10aaf1a9e228d6b065526f8e3,S020,2
b007bcb10aaf1a9e228d6b065526f8e3,S029,2
00c9234173c1f494557cbae6e78fd402,S017,3
00c9234173c1f494557cbae6e78fd402,S004,1
00c9234173c1f494557cbae6e78fd402,S014,2
00c9234173c1f494557cbae6e78fd402,S029,2
00c9234173c1f494557cbae6e78fd402,S008,3
00c9234173c1f494557cbae6e78fd402,S027,3
00c9234173c1f494557cbae6e78fd402,S005,1
00c9234173c1f494557cbae6e78fd402,S009,2
00c9234173c1f494557cbae6e78fd402,S035,3
00c9234173c1f494557cbae6e78fd402,S044,2
4aaa09180f50928f8fb571e809c4c3ea,S030,3
4aaa09180f50928f8fb571e809c4c3ea,S011,3
4aaa09180f50928f8fb571e809c4c3ea,S007,4
4aaa09180f50928f8fb571e809c4c3ea,S004,3
4aaa09180f50928f8fb571e809c4c3ea,S022,4
4aaa09180f50928f8fb571e809c4c3ea,S038,4
4aaa09180f50928f8fb571e809c4c3ea,S029,3
4aaa09180f50928f8fb571e809c4c3ea,S044,3
4aaa09180f50928f8fb571e809c4c3ea,S019,4
4aaa09180f50928f8fb571e809c4c3ea,S026,4
4aaa09180f50928f8fb571e809c4c3ea,S037,3
4aaa09180f50928f8fb571e809c4c3ea,S006,4
4aaa09180f50928f8fb571e809c4c3ea,S009,4
4aaa09180f50928f8fb571e809c4c3ea,S043,3
80a9df4b75af2f742290bcb09b8aa953,S006,4
80a9df4b75af2f742290bcb09b8aa953,S002,3
80a9df4b75af2f742290bcb09b8aa953,S004,4
80a9df4b75af2f742290bcb09b8aa953,S022,2
80a9df4b75af2f742290bcb09b8aa953,S038,3
80a9df4b75af2f742290bcb09b8aa953,S042,2
80a9df4b75af2f742290bcb09b8aa953,S029,2
80a9df4b75af2f742290bcb09b8aa953,S013,4
80a9df4b75af2f742290bcb09b8aa953,S026,4
80a9df4b75af2f742290bcb09b8aa953,S010,4
80a9df4b75af2f742290bcb09b8aa953,S011,4
80a9df4b75af2f742290bcb09b8aa953,S014,4
5db9c330f7e0fb51e385d89026ac417c,S032,1
5db9c330f7e0fb51e385d89026ac417c,S030,3
5db9c330f7e0fb51e385d89026ac417c,S029,2
5db9c330f7e0fb51e385d89026ac417c,S041,2
5db9c330f7e0fb51e385d89026ac417c,S042,3
5db9c330f7e0fb51e385d89026ac417c,S026,4
5db9c330f7e0fb51e385d89026ac417c,S025,4
5db9c330f7e0fb51e385d89026ac417c,S021,2
5db9c330f7e0fb51e385d89026ac417c,S007,2
a1cd794bd6a836fb79c779c9f138c7db,S013,1
a1cd794bd6a836fb79c779c9f138c7db,S001,1
a1cd794bd6a836fb79c779c9f138c7db,S019,2
a1cd794bd6a836fb79c779c9f138c7db,S030,1
a1cd794bd6a836fb79c779c9f138c7db,S039,1
e65bc4817f889225c02e78e89ec8b759,S016,2
e65bc4817f889225c02e78e89ec8b759,S029,1
e65bc4817f889225c02e78e89ec8b759,S038,2
e65bc4817f889225c02e78e89ec8b759,S035,1
e65bc4817f889225c02e78e89ec8b759,S014,2
e65bc4817f889225c02e78e89ec8b759,S044,3
e65bc4817f889225c02e78e89ec8b759,S007,2
0471c8a71a1ddf372831ec92e9cc438b,S017,3
0471c8a71a1ddf372831ec92e9cc438b,S029,2
0471c8a71a1ddf372831ec92e9cc438b,S024,2
0471c8a71a1ddf372831ec92e9cc438b,S034,2
0471c8a71a1ddf372831ec92e9cc438b,S004,3
0471c8a71a1ddf372831ec92e9cc438b,S016,2
0471c8a71a1ddf372831ec92e9cc438b,S030,1
fccb91907027886fc93e5dc74d2b5210,S010,1
fccb91907027886fc93e5dc74d2b5210,S032,1
fccb91907027886fc93e5dc74d2b5210,S038,2
fccb91907027886fc93e5dc74d2b5210,S036,1
fccb91907027886fc93e5dc74d2b5210,S030,1
fccb91907027886fc93e5dc74d2b5210,S006,1
de125c2d608b1867683990ba2198a63a,S023,5
de125c2d608b1867683990ba2198a63a,S039,3
de125c2d608b1867683990ba2198a63a,S035,2
de125c2d608b1867683990ba2198a63a,S042,1
de125c2d608b1867683990ba2198a63a,S027,3
de125c2d608b1867683990ba2198a63a,S034,3
de125c2d608b1867683990ba2198a63a,S006,2
de125c2d608b1867683990ba2198a63a,S022,3
16406fa0fcb7ea816224deca24137780,S029,4
16406fa0fcb7ea816224deca24137780,S007,4
16406fa0fcb7ea816224deca24137780,S027,5
16406fa0fcb7ea816224deca24137780,S028,4
16406fa0fcb7ea816224deca24137780,S001,3
16406fa0fcb7ea816224deca24137780,S024,5
16406fa0fcb7ea816224deca24137780,S038,4
16406fa0fcb7ea816224deca24137780,S012,4
16406fa0fcb7ea816224deca24137780,S019,4
16406fa0fcb7ea816224deca24137780,S042,4
16406fa0fcb7ea816224deca24137780,S009,3
16406fa0fcb7ea816224deca24137780,S011,2
e601279b87d976650007a92aca1e6d52,S039,3
e601279b87d976650007a92aca1e6d52,S002,4
e601279b87d976650007a92aca1e6d52,S022,4
e601279b87d976650007a92aca1e6d52,S044,2
e601279b87d976650007a92aca1e6d52,S043,5
e601279b87d976650007a92aca1e6d52,S041,3
e601279b87d976650007a92aca1e6d52,S028,3
e601279b87d976650007a92aca1e6d52,S018,3
e601279b87d976650007a92aca1e6d52,S014,3
e7fa09ed981dbd8cb49c61051112e191,S001,4
e7fa09ed981dbd8cb49c61051112e191,S044,4
e7fa09ed981dbd8cb49c61051112e191,S016,5
e7fa09ed981dbd8cb49c61051112e191,S035,4
e7fa09ed981dbd8cb49c61051112e191,S026,5
e7fa09ed981dbd8cb49c61051112e191,S034,3
e7fa09ed981dbd8cb49c61051112e191,S021,5
e7fa09ed981dbd8cb49c61051112e191,S015,4
e7fa09ed981dbd8cb49c61051112e191,S008,5
e7fa09ed981dbd8cb49c61051112e191,S012,3
e7fa09ed981dbd8cb49c61051112e191,S045,4
e7fa09ed981dbd8cb49c61051112e191,S010,5
e7fa09ed981dbd8cb49c61051112e191,S031,5
e7fa09ed981dbd8cb49c61051112e191,S043,4
e7fa09ed981dbd8cb49c61051112e191,S024,5
eb8af95802c01d57b8f46d143bd81592,S016,4
eb8af95802c01d57b8f46d143bd81592,S006,5
eb8af95802c01d57b8f46d143bd81592,S005,4
eb8af95802c01d57b8f46d143bd81592,S033,4
eb8af95802c01d57b8f46d143bd81592,S030,4
eb8af95802c01d57b8f46d143bd81592,S003,3
eb8af95802c01d57b8f46d143bd81592,S019,4
eb8af95802c01d57b8f46d143bd81592,S010,3
eb8af95802c01d57b8f46d143bd81592,S018,4
eb8af95802c01d57b8f46d143bd81592,S034,4
2ba99cb38e31984fe3a5590ddf4486b2,S015,2
2ba99cb38e31984fe3a5590ddf4486b2,S036,3
2ba99cb38e31984fe3a5590ddf4486b2,S034,4
2ba99cb38e31984fe3a5590ddf4486b2,S003,3
2ba99cb38e31984fe3a5590ddf4486b2,S038,3
2ba99cb38e31984fe3a5590ddf4486b2,S001,4
2ba99cb38e31984fe3a5590ddf4486b2,S028,4
2ba99cb38e31984fe3a5590ddf4486b2,S005,4
69183227087a21a18cc7be6ec92c9941,S025,4
69183227087a21a18cc7be6ec92c9941,S030,2
69183227087a21a18cc7be6ec92c9941,S028,3
69183227087a21a18cc7be6ec92c9941,S033,3
69183227087a21a18cc7be6ec92c9941,S014,3
69183227087a21a18cc7be6ec92c9941,S013,3
69183227087a21a18cc7be6ec92c9941,S037,4
69183227087a21a18cc7be6ec92c9941,S039,2
69183227087a21a18cc7be6ec92c9941,S024,2
69183227087a21a18cc7be6ec92c9941,S020,3
69183227087a21a18cc7be6ec92c9941,S002,2
bf8c469c1520c34b85de31917fdd2c07,S029,3
bf8c469c1520c34b85de31917fdd2c07,S031,1
bf8c469c1520c34b85de31917fdd2c07,S042,3
bf8c469c1520c34b85de31917fdd2c07,S028,2
bf8c469c1520c34b85de31917fdd2c07,S034,3
bf8c469c1520c34b85de31917fdd2c07,S023,1
bf8c469c1520c34b85de31917fdd2c07,S027,4
bf8c469c1520c34b85de31917fdd2c07,S036,2
9040c0c2922a6b1ee3e0953aace43756,S029,4
9040c0c2922a6b1ee3e0953aace43756,S028,1
9040c0c2922a6b1ee3e0953aace43756,S041,3
9040c0c2922a6b1ee3e0953aace43756,S024,3
9040c0c2922a6b1ee3e0953aace43756,S038,3
9040c0c2922a6b1ee3e0953aace43756,S045,3
9040c0c2922a6b1ee3e0953aace43756,S042,3
9040c0c2922a6b1ee3e0953aace43756,S018,3
9040c0c2922a6b1ee3e0953aace43756,S010,3
1de190e7dd2ea21e5b157c86d65b31ba,S013,3
1de190e7dd2ea21e5b157c86d65b31ba,S015,1
1de190e7dd2ea21e5b157c86d65b31ba,S039,3
1de190e7dd2ea21e5b157c86d65b31ba,S032,3
1de190e7dd2ea21e5b157c86d65b31ba,S017,4
1de190e7dd2ea21e5b157c86d65b31ba,S029,3
1de190e7dd2ea21e5b157c86d65b31ba,S002,4
1de190e7dd2ea21e5b157c86d65b31ba,S010,2
1de190e7dd2ea21e5b157c86d65b31ba,S012,3
1de190e7dd2ea21e5b157c86d65b31ba,S006,2
282babfd32ed384cf015a60186e04245,S020,3
282babfd32ed384cf015a60186e04245,S026,5
282babfd32ed384cf015a60186e04245,S025,2
282babfd32ed384cf015a60186e04245,S012,4
282babfd32ed384cf015a60186e04245,S010,3
282babfd32ed384cf015a60186e04245,S029,5
282babfd32ed384cf015a60186e04245,S018,4
282babfd32ed384cf015a60186e04245,S043,4
282babfd32ed384cf015a60186e04245,S036,5
282babfd32ed384cf015a60186e04245,S041,3
282babfd32ed384cf015a60186e04245,S003,4
282babfd32ed384cf015a60186e04245,S028,5
c445bab0c7aab9f6e21e6c003ed79ba8,S005,2
c445bab0c7aab9f6e21e6c003ed79ba8,S042,2
c445bab0c7aab9f6e21e6c003ed79ba8,S023,3
c445bab0c7aab9f6e21e6c003ed79ba8,S015,3
c445bab0c7aab9f6e21e6c003ed79ba8,S020,3
c445bab0c7aab9f6e21e6c003ed79ba8,S012,3
c445bab0c7aab9f6e21e6c003ed79ba8,S003,2
c445bab0c7aab9f6e21e6c003ed79ba8,S044,2
4a638117e5582aa25ec02df8d8f7e51c,S010,2
4a638117e5582aa25ec02df8d8f7e51c,S023,2
4a638117e5582aa25ec02df8d8f7e51c,S020,2
4a638117e5582aa25ec02df8d8f7e51c,S004,3
4a638117e5582aa25ec02df8d8f7e51c,S003,1
4a638117e5582aa25ec02df8d8f7e51c,S033,1
c9b7d37f19f211bbace19b69397e9890,S011,1
c9b7d37f19f211bbace19b69397e9890,S025,2
c9b7d37f19f211bbace19b69397e9890,S041,1
c9b7d37f19f211bbace19b69397e9890,S005,1
c9b7d37f19f211bbace19b69397e9890,S008,1
c9b7d37f19f211bbace19b69397e9890,S003,2
c9b7d37f19f211bbace19b69397e9890,S044,1
fad0b0540842fc9673c800c029d9d699,S039,5
fad0b0540842fc9673c800c029d9d699,S024,4
fad0b0540842fc9673c800c029d9d699,S030,5
fad0b0540842fc9673c800c029d9d699,S004,5
fad0b0540842fc9673c800c029d9d699,S019,5
fad0b0540842fc9673c800c029d9d699,S028,4
fad0b0540842fc9673c800c029d9d699,S037,5
fad0b0540842fc9673c800c029d9d699,S016,5
fad0b0540842fc9673c800c029d9d699,S021,5
fad0b0540842fc9673c800c029d9d699,S026,4
fad0b0540842fc9673c800c029d9d699,S015,5
fad0b0540842fc9673c800c029d9d699,S002,5
fad0b0540842fc9673c800c029d9d699,S033,4
b3a00f031280923e32a0767843326a47,S018,1
b3a00f031280923e32a0767843326a47,S008,2
b3a00f031280923e32a0767843326a47,S011,2
b3a00f031280923e32a0767843326a47,S035,1
b3a00f031280923e32a0767843326a47,S031,1
b3a00f031280923e32a0767843326a47,S032,2
b3a00f031280923e32a0767843326a47,S001,1
94dcbda50050b7216ff6cbf370e755a6,S012,2
94dcbda50050b7216ff6cbf370e755a6,S036,1
94dcbda50050b7216ff6cbf370e755a6,S035,3
94dcbda50050b7216ff6cbf370e755a6,S020,3
94dcbda50050b7216ff6cbf370e755a6,S044,3
94dcbda50050b7216ff6cbf370e755a6,S015,3
94dcbda50050b7216ff6cbf370e755a6,S038,2
5ba464b1005558a0f7f5001623df6027,S010,3
5ba464b1005558a0f7f5001623df6027,S025,4
5ba464b1005558a0f7f5001623df6027,S021,5
5ba464b1005558a0f7f5001623df6027,S004,5
5ba464b1005558a0f7f5001623df6027,S019,5
5ba464b1005558a0f7f5001623df6027,S012,4
5ba464b1005558a0f7f5001623df6027,S023,5
5ba464b1005558a0f7f5001623df6027,S008,3
5ba464b1005558a0f7f5001623df6027,S033,4
5ba464b1005558a0f7f5001623df6027,S044,5
5ba464b1005558a0f7f5001623df6027,S032,5
f2b8ff11a491885581f22c56712355bc,S044,2
f2b8ff11a491885581f22c56712355bc,S040,2
f2b8ff11a491885581f22c56712355bc,S011,2
f2b8ff11a491885581f22c56712355bc,S006,1
f2b8ff11a491885581f22c56712355bc,S035,2
f2b8ff11a491885581f22c56712355bc,S018,1
cd6cc6fe87f4382733c90993aceaa9d4,S038,5
cd6cc6fe87f4382733c90993aceaa9d4,S036,4
cd6cc6fe87f4382733c90993aceaa9d4,S009,3
cd6cc6fe87f4382733c90993aceaa9d4,S041,3
cd6cc6fe87f4382733c90993aceaa9d4,S019,4
cd6cc6fe87f4382733c90993aceaa9d4,S006,4
cd6cc6fe87f4382733c90993aceaa9d4,S027,3
cd6cc6fe87f4382733c90993aceaa9d4,S043,5
cd6cc6fe87f4382733c90993aceaa9d4,S001,4
cd6cc6fe87f4382733c90993aceaa9d4,S035,5
cd6cc6fe87f4382733c90993aceaa9d4,S030,4
3622b051081f64745d2fa261725619ad,S025,3
3622b051081f64745d2fa261725619ad,S045,5
3622b051081f64745d2fa261725619ad,S041,3
3622b051081f64745d2fa261725619ad,S035,3
3622b051081f64745d2fa261725619ad,S032,4
3622b051081f64745d2fa261725619ad,S034,4
3622b051081f64745d2fa261725619ad,S016,3
3622b051081f64745d2fa261725619ad,S010,3
3622b051081f64745d2fa261725619ad,S030,2
3622b051081f64745d2fa261725619ad,S027,4
3622b051081f64745d2fa261725619ad,S022,5
3622b051081f64745d2fa261725619ad,S018,3
3622b051081f64745d2fa261725619ad,S009,3
729b82b2b5737015c56b380b1c7dfdf3,S041,4
729b82b2b5737015c56b380b1c7dfdf3,S045,4
729b82b2b5737015c56b380b1c7dfdf3,S026,5
729b82b2b5737015c56b380b1c7dfdf3,S032,3
729b82b2b5737015c56b380b1c7dfdf3,S021,4
729b82b2b5737015c56b380b1c7dfdf3,S007,4
729b82b2b5737015c56b380b1c7dfdf3,S003,5
729b82b2b5737015c56b380b1c7dfdf3,S013,4
729b82b2b5737015c56b380b1c7dfdf3,S012,4
729b82b2b5737015c56b380b1c7dfdf3,S029,5
729b82b2b5737015c56b380b1c7dfdf3,S043,5
729b82b2b5737015c56b380b1c7dfdf3,S037,5
8063ac54dc66b6b26961070965241888,S030,1
8063ac54dc66b6b26961070965241888,S029,2
8063ac54dc66b6b26961070965241888,S006,1
8063ac54dc66b6b26961070965241888,S040,2
8063ac54dc66b6b26961070965241888,S027,3
8063ac54dc66b6b26961070965241888,S033,1
8063ac54dc66b6b26961070965241888,S032,1
efc3e7c1ca38059e28d0ec7302e21c26,S019,5
efc3e7c1ca38059e28d0ec7302e21c26,S008,5
efc3e7c1ca38059e28d0ec7302e21c26,S031,5
efc3e7c1ca38059e28d0ec7302e21c26,S016,4
efc3e7c1ca38059e28d0ec7302e21c26,S038,4
efc3e7c1ca38059e28d0ec7302e21c26,S009,4
efc3e7c1ca38059e28d0ec7302e21c26,S020,5
efc3e7c1ca38059e28d0ec7302e21c26,S001,4
efc3e7c1ca38059e28d0ec7302e21c26,S036,5
efc3e7c1ca38059e28d0ec7302e21c26,S010,4
efc3e7c1ca38059e28d0ec7302e21c26,S039,5
efc3e7c1ca38059e28d0ec7302e21c26,S035,5
05f57a703839502a597af018b22fb6e9,S042,3
05f57a703839502a597af018b22fb6e9,S007,4
05f57a703839502a597af018b22fb6e9,S038,3
05f57a703839502a597af018b22fb6e9,S033,3
05f57a703839502a597af018b22fb6e9,S036,3
05f57a703839502a597af018b22fb6e9,S020,3
05f57a703839502a597af018b22fb6e9,S023,4
05f57a703839502a597af018b22fb6e9,S030,2
05f57a703839502a597af018b22fb6e9,S004,3
438729e34f47cf21f2675c83e985e531,S043,4
438729e34f47cf21f2675c83e985e531,S010,4
438729e34f47cf21f2675c83e985e531,S014,4
438729e34f47cf21f2675c83e985e531,S040,3
438729e34f47cf21f2675c83e985e531,S006,4
438729e34f47cf21f2675c83e985e531,S037,4
438729e34f47cf21f2675c83e985e531,S035,3
438729e34f47cf21f2675c83e985e531,S027,3
438729e34f47cf21f2675c83e985e531,S005,4
438729e34f47cf21f2675c83e985e531,S045,3
438729e34f47cf21f2675c83e985e531,S012,4
438729e34f47cf21f2675c83e985e531,S009,3
438729e34f47cf21f2675c83e985e531,S020,4
8c5f350a1182d11f96ed9d739c240610,S031,2
8c5f350a1182d11f96ed9d739c240610,S019,2
8c5f350a1182d11f96ed9d739c240610,S028,2
8c5f350a1182d11f96ed9d739c240610,S043,2
8c5f350a1182d11f96ed9d739c240610,S023,2
8c5f350a1182d11f96ed9d739c240610,S004,1
8c5f350a1182d11f96ed9d739c240610,S022,1
8c5f350a1182d11f96ed9d739c240610,S010,2
788765de4b069f8c212ae6c44aefd59d,S003,2
788765de4b069f8c212ae6c44aefd59d,S002,2
788765de4b069f8c212ae6c44aefd59d,S007,3
788765de4b069f8c212ae6c44aefd59d,S006,3
788765de4b069f8c212ae6c44aefd59d,S008,2
788765de4b069f8c212ae6c44aefd59d,S012,4
788765de4b069f8c212ae6c44aefd59d,S020,3
788765de4b069f8c212ae6c44aefd59d,S016,2
0af82600d34646efee120be775032b2c,S031,4
0af82600d34646efee120be775032b2c,S011,2
0af82600d34646efee120be775032b2c,S020,4
0af82600d34646efee120be775032b2c,S018,4
0af82600d34646efee120be775032b2c,S005,5
0af82600d34646efee120be775032b2c,S043,2
0af82600d34646efee120be775032b2c,S022,5
0af82600d34646efee120be775032b2c,S013,4
0af82600d34646efee120be775032b2c,S001,5
0af82600d34646efee120be775032b2c,S037,4
0af82600d34646efee120be775032b2c,S045,3
0c07fb4f7bfb8f94b9783253f4917982,S013,4
0c07fb4f7bfb8f94b9783253f4917982,S021,5
0c07fb4f7bfb8f94b9783253f4917982,S034,4
0c07fb4f7bfb8f94b9783253f4917982,S023,4
0c07fb4f7bfb8f94b9783253f4917982,S039,5
0c07fb4f7bfb8f94b9783253f4917982,S022,4
0c07fb4f7bfb8f94b9783253f4917982,S028,3
0c07fb4f7bfb8f94b9783253f4917982,S007,5
0c07fb4f7bfb8f94b9783253f4917982,S002,5
0c07fb4f7bfb8f94b9783253f4917982,S042,4
0c07fb4f7bfb8f94b9783253f4917982,S037,4
0c07fb4f7bfb8f94b9783253f4917982,S031,3
0c07fb4f7bfb8f94b9783253f4917982,S014,3
0c07fb4f7bfb8f94b9783253f4917982,S025,4
fedbd262419a03040eacf3c7a326e3e6,S011,4
fedbd262419a03040eacf3c7a326e3e6,S025,4
fedbd262419a03040eacf3c7a326e3e6,S010,5
fedbd262419a03040eacf3c7a326e3e6,S027,5
fedbd262419a03040eacf3c7a326e3e6,S029,3
fedbd262419a03040eacf3c7a326e3e6,S045,4
fedbd262419a03040eacf3c7a326e3e6,S037,3
fedbd262419a03040eacf3c7a326e3e6,S033,4
fedbd262419a03040eacf3c7a326e3e6,S041,3
fedbd262419a03040eacf3c7a326e3e6,S023,4
fedbd262419a03040eacf3c7a326e3e6,S005,3
fedbd262419a03040eacf3c7a326e3e6,S009,5
eed603e519805a24abbde84d409fa48f,S035,2
eed603e519805a24abbde84d409fa48f,S011,2
eed603e519805a24abbde84d409fa48f,S022,3
eed603e519805a24abbde84d409fa48f,S030,1
eed603e519805a24abbde84d409fa48f,S007,1
4b5e6ccebec7513c67152a9f37a10676,S035,1
4b5e6ccebec7513c67152a9f37a10676,S001,2
4b5e6ccebec7513c67152a9f37a10676,S007,1
4b5e6ccebec7513c67152a9f37a10676,S040,2
4b5e6ccebec7513c67152a9f37a10676,S036,3
60595aad317cd484d5f246828f88ca36,S017,3
60595aad317cd484d5f246828f88ca36,S015,4
60595aad317cd484d5f246828f88ca36,S026,3
60595aad317cd484d5f246828f88ca36,S021,3
60595aad317cd484d5f246828f88ca36,S019,2
60595aad317cd484d5f246828f88ca36,S018,3
60595aad317cd484d5f246828f88ca36,S041,3
60595aad317cd484d5f246828f88ca36,S004,2
60595aad317cd484d5f246828f88ca36,S040,3
60595aad317cd484d5f246828f88ca36,S012,4
1f2dbbff99a24c5d271f54c4956702cd,S029,4
1f2dbbff99a24c5d271f54c4956702cd,S016,5
1f2dbbff99a24c5d271f54c4956702cd,S032,4
1f2dbbff99a24c5d271f54c4956702cd,S033,4
1f2dbbff99a24c5d271f54c4956702cd,S021,5
1f2dbbff99a24c5d271f54c4956702cd,S037,5
1f2dbbff99a24c5d271f54c4956702cd,S038,5
1f2dbbff99a24c5d271f54c4956702cd,S015,4
1f2dbbff99a24c5d271f54c4956702cd,S041,5
1f2dbbff99a24c5d271f54c4956702cd,S042,4
1f2dbbff99a24c5d271f54c4956702cd,S030,5
1f2dbbff99a24c5d271f54c4956702cd,S045,5
1f2dbbff99a24c5d271f54c4956702cd,S020,4
1f2dbbff99a24c5d271f54c4956702cd,S011,5
1f2dbbff99a24c5d271f54c4956702cd,S039,3
2ee414df1c00c3e4921cff638b8d1087,S040,3
2ee414df1c00c3e4921cff638b8d1087,S026,4
2ee414df1c00c3e4921cff638b8d1087,S008,5
2ee414df1c00c3e4921cff638b8d1087,S038,4
2ee414df1c00c3e4921cff638b8d1087,S030,3
2ee414df1c00c3e4921cff638b8d1087,S023,5
2ee414df1c00c3e4921cff638b8d1087,S022,3
2ee414df1c00c3e4921cff638b8d1087,S039,4
2ee414df1c00c3e4921cff638b8d1087,S032,5
2ee414df1c00c3e4921cff638b8d1087,S031,4
2ee414df1c00c3e4921cff638b8d1087,S025,5
2ee414df1c00c3e4921cff638b8d1087,S002,5
f51fc4e4bff870d08bfe566dab932a61,S036,2
f51fc4e4bff870d08bfe566dab932a61,S021,4
f51fc4e4bff870d08bfe566dab932a61,S004,3
f51fc4e4bff870d08bfe566dab932a61,S015,3
f51fc4e4bff870d08bfe566dab932a61,S005,2
f51fc4e4bff870d08bfe566dab932a61,S001,3
f51fc4e4bff870d08bfe566dab932a61,S023,5
f51fc4e4bff870d08bfe566dab932a61,S018,3
f51fc4e4bff870d08bfe566dab932a61,S033,3
f51fc4e4bff870d08bfe566dab932a61,S014,4
bacaa5c0d082b3122182c3cb620d22b8,S042,2
bacaa5c0d082b3122182c3cb620d22b8,S012,2
bacaa5c0d082b3122182c3cb620d22b8,S016,2
bacaa5c0d082b3122182c3cb620d22b8,S019,1
bacaa5c0d082b3122182c3cb620d22b8,S006,3
bacaa5c0d082b3122182c3cb620d22b8,S001,2
bacaa5c0d082b3122182c3cb620d22b8,S029,2
fbc4fd9d2bca03420e31ef399aeb83c9,S021,4
fbc4fd9d2bca03420e31ef399aeb83c9,S034,4
fbc4fd9d2bca03420e31ef399aeb83c9,S043,3
fbc4fd9d2bca03420e31ef399aeb83c9,S040,5
fbc4fd9d2bca03420e31ef399aeb83c9,S027,5
fbc4fd9d2bca03420e31ef399aeb83c9,S008,4
fbc4fd9d2bca03420e31ef399aeb83c9,S018,3
fbc4fd9d2bca03420e31ef399aeb83c9,S032,5
fbc4fd9d2bca03420e31ef399aeb83c9,S036,5
fbc4fd9d2bca03420e31ef399aeb83c9,S037,5
5a519f1725674ea0e1736dab4d139751,S023,3
5a519f1725674ea0e1736dab4d139751,S029,3
5a519f1725674ea0e1736dab4d139751,S019,3
5a519f1725674ea0e1736dab4d139751,S020,2
5a519f1725674ea0e1736dab4d139751,S011,4
5a519f1725674ea0e1736dab4d139751,S037,3
5a519f1725674ea0e1736dab4d139751,S003,4
5a519f1725674ea0e1736dab4d139751,S035,3
5a519f1725674ea0e1736dab4d139751,S005,4
ca9defa482c8cb054a790130a4ed3bc9,S015,2
ca9defa482c8cb054a790130a4ed3bc9,S022,3
ca9defa482c8cb054a790130a4ed3bc9,S045,2
ca9defa482c8cb054a790130a4ed3bc9,S016,3
ca9defa482c8cb054a790130a4ed3bc9,S025,2
ca9defa482c8cb054a790130a4ed3bc9,S042,2
ca9defa482c8cb054a790130a4ed3bc9,S018,2
ca9defa482c8cb054a790130a4ed3bc9,S011,2
ca9defa482c8cb054a790130a4ed3bc9,S028,3
ca9defa482c8cb054a790130a4ed3bc9,S007,2
e5f47c81c4ac477e4e06369f2b9389eb,S045,3
e5f47c81c4ac477e4e06369f2b9389eb,S006,1
e5f47c81c4ac477e4e06369f2b9389eb,S013,1
e5f47c81c4ac477e4e06369f2b9389eb,S003,3
e5f47c81c4ac477e4e06369f2b9389eb,S011,3
e5f47c81c4ac477e4e06369f2b9389eb,S042,3
1058d76de088a1a0305947d5b381ec99,S011,2
1058d76de088a1a0305947d5b381ec99,S007,4
1058d76de088a1a0305947d5b381ec99,S030,3
1058d76de088a1a0305947d5b381ec99,S033,4
1058d76de088a1a0305947d5b381ec99,S008,4
1058d76de088a1a0305947d5b381ec99,S005,3
1058d76de088a1a0305947d5b381ec99,S036,4
1058d76de088a1a0305947d5b381ec99,S024,4
1058d76de088a1a0305947d5b381ec99,S022,3
1058d76de088a1a0305947d5b381ec99,S045,3
1058d76de088a1a0305947d5b381ec99,S014,5
1058d76de088a1a0305947d5b381ec99,S031,5
1058d76de088a1a0305947d5b381ec99,S015,3
1058d76de088a1a0305947d5b381ec99,S023,4
1d7cd6f47761fdb94a24a4d2ca31ad45,S024,3
1d7cd6f47761fdb94a24a4d2ca31ad45,S028,4
1d7cd6f47761fdb94a24a4d2ca31ad45,S004,4
1d7cd6f47761fdb94a24a4d2ca31ad45,S011,4
1d7cd6f47761fdb94a24a4d2ca31ad45,S020,4
1d7cd6f47761fdb94a24a4d2ca31ad45,S040,2
1d7cd6f47761fdb94a24a4d2ca31ad45,S018,5
1d7cd6f47761fdb94a24a4d2ca31ad45,S001,4
1d7cd6f47761fdb94a24a4d2ca31ad45,S019,4
1d7cd6f47761fdb94a24a4d2ca31ad45,S025,4
1d7cd6f47761fdb94a24a4d2ca31ad45,S027,3
1d7cd6f47761fdb94a24a4d2ca31ad45,S010,5
fe82a51c97de2cb32178394323de87b8,S021,3
fe82a51c97de2cb32178394323de87b8,S012,3
fe82a51c97de2cb32178394323de87b8,S022,3
fe82a51c97de2cb32178394323de87b8,S017,3
fe82a51c97de2cb32178394323de87b8,S039,3
fe82a51c97de2cb32178394323de87b8,S036,3
fe82a51c97de2cb32178394323de87b8,S043,3
fe82a51c97de2cb32178394323de87b8,S001,3
fe82a51c97de2cb32178394323de87b8,S013,3
fe82a51c97de2cb32178394323de87b8,S035,4
08404744693c0a319afb2c8e8439423d,S024,2
08404744693c0a319afb2c8e8439423d,S042,2
08404744693c0a319afb2c8e8439423d,S004,3
08404744693c0a319afb2c8e8439423d,S041,2
08404744693c0a319afb2c8e8439423d,S002,1
08404744693c0a319afb2c8e8439423d,S014,1
08404744693c0a319afb2c8e8439423d,S027,1
ddf80b4cb0d0f20b8e1ca1e02a0b32fa,S032,3
ddf80b4cb0d0f20b8e1ca1e02a0b32fa,S038,4
ddf80b4cb0d0f20b8e1ca1e02a0b32fa,S015,4
ddf80b4cb0d0f20b8e1ca1e02a0b32fa,S012,4
ddf80b4cb0d0f20b8e1ca1e02a0b32fa,S030,5
ddf80b4cb0d0f20b8e1ca1e02a0b32fa,S042,4
ddf80b4cb0d0f20b8e1ca1e02a0b32fa,S037,5
ddf80b4cb0d0f20b8e1ca1e02a0b32fa,S016,5
ddf80b4cb0d0f20b8e1ca1e02a0b32fa,S009,3
ddf80b4cb0d0f20b8e1ca1e02a0b32fa,S018,4
ddf80b4cb0d0f20b8e1ca1e02a0b32fa,S040,3
ddf80b4cb0d0f20b8e1ca1e02a0b32fa,S008,5
ddf80b4cb0d0f20b8e1ca1e02a0b32fa,S022,5
d67fbb36af14cf67e56d0b15e4034e61,S018,1
d67fbb36af14cf67e56d0b15e4034e61,S014,2
d67fbb36af14cf67e56d0b15e4034e61,S007,1
d67fbb36af14cf67e56d0b15e4034e61,S029,1
d67fbb36af14cf67e56d0b15e4034e61,S040,2
7ca4b2c5ff4b5347e985f797cf3b442d,S027,3
7ca4b2c5ff4b5347e985f797cf3b442d,S019,4
7ca4b2c5ff4b5347e985f797cf3b442d,S031,3
7ca4b2c5ff4b5347e985f797cf3b442d,S036,4
7ca4b2c5ff4b5347e985f797cf3b442d,S043,2
7ca4b2c5ff4b5347e985f797cf3b442d,S029,4
7ca4b2c5ff4b5347e985f797cf3b442d,S011,3
7ca4b2c5ff4b5347e985f797cf3b442d,S015,2
7ca4b2c5ff4b5347e985f797cf3b442d,S045,1
7ca4b2c5ff4b5347e985f797cf3b442d,S001,2
7ca4b2c5ff4b5347e985f797cf3b442d,S033,4
e9ec841013976627024555a1caac22f2,S045,5
e9ec841013976627024555a1caac22f2,S026,3
e9ec841013976627024555a1caac22f2,S001,4
e9ec841013976627024555a1caac22f2,S024,4
e9ec841013976627024555a1caac22f2,S037,4
e9ec841013976627024555a1caac22f2,S031,4
e9ec841013976627024555a1caac22f2,S012,4
e9ec841013976627024555a1caac22f2,S014,4
e9ec841013976627024555a1caac22f2,S011,5
e9ec841013976627024555a1caac22f2,S029,3
e9ec841013976627024555a1caac22f2,S030,3
e2483d8b2441cd8c6e3d29fc02506c3e,S029,3
e2483d8b2441cd8c6e3d29fc02506c3e,S010,5
e2483d8b2441cd8c6e3d29fc02506c3e,S033,4
e2483d8b2441cd8c6e3d29fc02506c3e,S011,4
e2483d8b2441cd8c6e3d29fc02506c3e,S003,3
e2483d8b2441cd8c6e3d29fc02506c3e,S015,4
e2483d8b2441cd8c6e3d29fc02506c3e,S040,3
e2483d8b2441cd8c6e3d29fc02506c3e,S012,3
e2483d8b2441cd8c6e3d29fc02506c3e,S005,4
e2483d8b2441cd8c6e3d29fc02506c3e,S045,4
e2483d8b2441cd8c6e3d29fc02506c3e,S014,3
e2483d8b2441cd8c6e3d29fc02506c3e,S006,4
99a8558ed5b65dc72ec6ffc2f294a5c7,S009,3
99a8558ed5b65dc72ec6ffc2f294a5c7,S019,3
99a8558ed5b65dc72ec6ffc2f294a5c7,S028,2
99a8558ed5b65dc72ec6ffc2f294a5c7,S042,3
99a8558ed5b65dc72ec6ffc2f294a5c7,S026,2
99a8558ed5b65dc72ec6ffc2f294a5c7,S025,3
99a8558ed5b65dc72ec6ffc2f294a5c7,S013,4
99a8558ed5b65dc72ec6ffc2f294a5c7,S037,3
99a8558ed5b65dc72ec6ffc2f294a5c7,S015,2
9f6fda8ab4fcd69337d85b00d8a900ca,S037,3
9f6fda8ab4fcd69337d85b00d8a900ca,S024,2
9f6fda8ab4fcd69337d85b00d8a900ca,S007,4
9f6fda8ab4fcd69337d85b00d8a900ca,S040,4
9f6fda8ab4fcd69337d85b00d8a900ca,S003,2
9f6fda8ab4fcd69337d85b00d8a900ca,S012,5
9f6fda8ab4fcd69337d85b00d8a900ca,S016,3
9f6fda8ab4fcd69337d85b00d8a900ca,S005,4
9f6fda8ab4fcd69337d85b00d8a900ca,S025,2
9f6fda8ab4fcd69337d85b00d8a900ca,S001,5
a913260aca253aa588cf43694640f85e,S043,3
a913260aca253aa588cf43694640f85e,S007,2
a913260aca253aa588cf43694640f85e,S030,5
a913260aca253aa588cf43694640f85e,S016,4
a913260aca253aa588cf43694640f85e,S003,3
a913260aca253aa588cf43694640f85e,S031,4
a913260aca253aa588cf43694640f85e,S029,4
a913260aca253aa588cf43694640f85e,S014,5
a913260aca253aa588cf43694640f85e,S008,4
a913260aca253aa588cf43694640f85e,S017,3
15a7cfcdd94cccb658d4692d4d1bebe9,S001,3
15a7cfcdd94cccb658d4692d4d1bebe9,S037,2
15a7cfcdd94cccb658d4692d4d1bebe9,S019,2
15a7cfcdd94cccb658d4692d4d1bebe9,S015,2
15a7cfcdd94cccb658d4692d4d1bebe9,S033,1
15a7cfcdd94cccb658d4692d4d1bebe9,S036,1
15a7cfcdd94cccb658d4692d4d1bebe9,S013,2
ae283cc39cb32bbf8671ab0894e07762,S034,3
ae283cc39cb32bbf8671ab0894e07762,S023,1
ae283cc39cb32bbf8671ab0894e07762,S018,3
ae283cc39cb32bbf8671ab0894e07762,S043,4
ae283cc39cb32bbf8671ab0894e07762,S029,3
ae283cc39cb32bbf8671ab0894e07762,S020,1
ae283cc39cb32bbf8671ab0894e07762,S026,3
ae283cc39cb32bbf8671ab0894e07762,S045,3
ae283cc39cb32bbf8671ab0894e07762,S002,3
ae283cc39cb32bbf8671ab0894e07762,S011,3
392fc9e1a4bc9df2cf481831b7547f3c,S004,2
392fc9e1a4bc9df2cf481831b7547f3c,S012,3
392fc9e1a4bc9df2cf481831b7547f3c,S038,2
392fc9e1a4bc9df2cf481831b7547f3c,S030,2
392fc9e1a4bc9df2cf481831b7547f3c,S043,4
392fc9e1a4bc9df2cf481831b7547f3c,S042,2
392fc9e1a4bc9df2cf481831b7547f3c,S008,1
323c35498b12f4464199e6ac51d7856d,S021,5
323c35498b12f4464199e6ac51d7856d,S002,4
323c35498b12f4464199e6ac51d7856d,S027,3
323c35498b12f4464199e6ac51d7856d,S005,3
323c35498b12f4464199e6ac51d7856d,S029,4
323c35498b12f4464199e6ac51d7856d,S033,4
323c35498b12f4464199e6ac51d7856d,S018,2
323c35498b12f4464199e6ac51d7856d,S040,5
323c35498b12f4464199e6ac51d7856d,S019,4
323c35498b12f4464199e6ac51d7856d,S042,3
fcd5dc5852b2b27fa5c7104d8fdb7a18,S039,5
fcd5dc5852b2b27fa5c7104d8fdb7a18,S005,4
fcd5dc5852b2b27fa5c7104d8fdb7a18,S033,5
fcd5dc5852b2b27fa5c7104d8fdb7a18,S001,4
fcd5dc5852b2b27fa5c7104d8fdb7a18,S019,5
fcd5dc5852b2b27fa5c7104d8fdb7a18,S045,5
fcd5dc5852b2b27fa5c7104d8fdb7a18,S006,4
fcd5dc5852b2b27fa5c7104d8fdb7a18,S023,5
fcd5dc5852b2b27fa5c7104d8fdb7a18,S028,4
fcd5dc5852b2b27fa5c7104d8fdb7a18,S041,4
fcd5dc5852b2b27fa5c7104d8fdb7a18,S034,4
fcd5dc5852b2b27fa5c7104d8fdb7a18,S035,5
fcd5dc5852b2b27fa5c7104d8fdb7a18,S036,2
fcd5dc5852b2b27fa5c7104d8fdb7a18,S038,5
fcd5dc5852b2b27fa5c7104d8fdb7a18,S020,5
db4bd6ad5ba0c5612e46b1ef8a498c07,S030,5
db4bd6ad5ba0c5612e46b1ef8a498c07,S015,5
db4bd6ad5ba0c5612e46b1ef8a498c07,S006,3
db4bd6ad5ba0c5612e46b1ef8a498c07,S007,4
db4bd6ad5ba0c5612e46b1ef8a498c07,S018,5
db4bd6ad5ba0c5612e46b1ef8a498c07,S039,4
db4bd6ad5ba0c5612e46b1ef8a498c07,S023,5
db4bd6ad5ba0c5612e46b1ef8a498c07,S021,4
db4bd6ad5ba0c5612e46b1ef8a498c07,S026,5
db4bd6ad5ba0c5612e46b1ef8a498c07,S043,4
db4bd6ad5ba0c5612e46b1ef8a498c07,S017,2
58e4747920cc3aa62a66ef01e8ef1cf4,S031,3
58e4747920cc3aa62a66ef01e8ef1cf4,S043,4
58e4747920cc3aa62a66ef01e8ef1cf4,S041,4
58e4747920cc3aa62a66ef01e8ef1cf4,S001,1
58e4747920cc3aa62a66ef01e8ef1cf4,S030,2
58e4747920cc3aa62a66ef01e8ef1cf4,S020,2
58e4747920cc3aa62a66ef01e8ef1cf4,S035,4
58e4747920cc3aa62a66ef01e8ef1cf4,S040,4
58e4747920cc3aa62a66ef01e8ef1cf4,S008,4
58e4747920cc3aa62a66ef01e8ef1cf4,S019,1
58e4747920cc3aa62a66ef01e8ef1cf4,S007,4
5f8e384675ef6ce1876d4777c383096b,S005,3
5f8e384675ef6ce1876d4777c383096b,S027,2
5f8e384675ef6ce1876d4777c383096b,S031,1
5f8e384675ef6ce1876d4777c383096b,S020,1
5f8e384675ef6ce1876d4777c383096b,S038,2
5f8e384675ef6ce1876d4777c383096b,S008,2
5f8e384675ef6ce1876d4777c383096b,S035,3
d51cfcb1989e121938674225ea0da1b7,S026,2
d51cfcb1989e121938674225ea0da1b7,S029,2
d51cfcb1989e121938674225ea0da1b7,S001,3
d51cfcb1989e121938674225ea0da1b7,S040,2
d51cfcb1989e121938674225ea0da1b7,S025,2
721f5a4f4725beec4dda204bcd572f9a,S045,2
721f5a4f4725beec4dda204bcd572f9a,S026,3
721f5a4f4725beec4dda204bcd572f9a,S032,1
721f5a4f4725beec4dda204bcd572f9a,S041,3
721f5a4f4725beec4dda204bcd572f9a,S043,2
721f5a4f4725beec4dda204bcd572f9a,S040,2
721f5a4f4725beec4dda204bcd572f9a,S023,1
721f5a4f4725beec4dda204bcd572f9a,S013,1
721f5a4f4725beec4dda204bcd572f9a,S009,2
c3a1fc67745386ec1e15c6cace521892,S009,5
c3a1fc67745386ec1e15c6cace521892,S016,3
c3a1fc67745386ec1e15c6cace521892,S037,3
c3a1fc67745386ec1e15c6cace521892,S041,3
c3a1fc67745386ec1e15c6cace521892,S035,4
c3a1fc67745386ec1e15c6cace521892,S039,2
c3a1fc67745386ec1e15c6cace521892,S001,3
c3a1fc67745386ec1e15c6cace521892,S002,2
c3a1fc67745386ec1e15c6cace521892,S038,3
7af0034cbcd98124a62ba5eb20c4b5e1,S028,1
7af0034cbcd98124a62ba5eb20c4b5e1,S030,1
7af0034cbcd98124a62ba5eb20c4b5e1,S042,2
7af0034cbcd98124a62ba5eb20c4b5e1,S032,1
7af0034cbcd98124a62ba5eb20c4b5e1,S039,2
7af0034cbcd98124a62ba5eb20c4b5e1,S010,1
7af0034cbcd98124a62ba5eb20c4b5e1,S005,2
e63b723371d215fc54d399993ec65149,S040,3
e63b723371d215fc54d399993ec65149,S034,3
e63b723371d215fc54d399993ec65149,S030,4
e63b723371d215fc54d399993ec65149,S023,3
e63b723371d215fc54d399993ec65149,S037,4
e63b723371d215fc54d399993ec65149,S012,1
e63b723371d215fc54d399993ec65149,S008,2
e63b723371d215fc54d399993ec65149,S042,3
e63b723371d215fc54d399993ec65149,S019,3
e63b723371d215fc54d399993ec65149,S005,2
2e93e55122b90b387b5282e6be3048f0,S039,5
2e93e55122b90b387b5282e6be3048f0,S020,5
2e93e55122b90b387b5282e6be3048f0,S044,4
2e93e55122b90b387b5282e6be3048f0,S028,5
2e93e55122b90b387b5282e6be3048f0,S003,5
2e93e55122b90b387b5282e6be3048f0,S023,4
2e93e55122b90b387b5282e6be3048f0,S025,5
2e93e55122b90b387b5282e6be3048f0,S029,4
2e93e55122b90b387b5282e6be3048f0,S009,5
2e93e55122b90b387b5282e6be3048f0,S014,4
2e93e55122b90b387b5282e6be3048f0,S035,5
2e93e55122b90b387b5282e6be3048f0,S019,5
2e93e55122b90b387b5282e6be3048f0,S002,4
7d948c10c51d211e09b435ac89bd7c31,S019,1
7d948c10c51d211e09b435ac89bd7c31,S041,1
7d948c10c51d211e09b435ac89bd7c31,S006,2
7d948c10c51d211e09b435ac89bd7c31,S018,2
7d948c10c51d211e09b435ac89bd7c31,S008,1
7d948c10c51d211e09b435ac89bd7c31,S037,1
7d948c10c51d211e09b435ac89bd7c31,S002,2
2e12df592ac01ce408f3f55328bf180c,S013,2
2e12df592ac01ce408f3f55328bf180c,S029,2
2e12df592ac01ce408f3f55328bf180c,S010,2
2e12df592ac01ce408f3f55328bf180c,S021,2
2e12df592ac01ce408f3f55328bf180c,S017,2
2e12df592ac01ce408f3f55328bf180c,S012,2
2e12df592ac01ce408f3f55328bf180c,S022,2
b17dc9af2e5c3026d57c889e4036a72b,S025,4
b17dc9af2e5c3026d57c889e4036a72b,S009,2
b17dc9af2e5c3026d57c889e4036a72b,S004,3
b17dc9af2e5c3026d57c889e4036a72b,S011,4
b17dc9af2e5c3026d57c889e4036a72b,S032,2
b17dc9af2e5c3026d57c889e4036a72b,S001,4
b17dc9af2e5c3026d57c889e4036a72b,S016,2
b17dc9af2e5c3026d57c889e4036a72b,S029,3
b17dc9af2e5c3026d57c889e4036a72b,S023,2
b17dc9af2e5c3026d57c889e4036a72b,S024,4
b17dc9af2e5c3026d57c889e4036a72b,S040,2
211a1712e53ecf06b7c5ff3f4bb6d4c5,S008,3
211a1712e53ecf06b7c5ff3f4bb6d4c5,S039,3
211a1712e53ecf06b7c5ff3f4bb6d4c5,S035,3
211a1712e53ecf06b7c5ff3f4bb6d4c5,S038,4
211a1712e53ecf06b7c5ff3f4bb6d4c5,S019,4
211a1712e53ecf06b7c5ff3f4bb6d4c5,S009,4
211a1712e53ecf06b7c5ff3f4bb6d4c5,S043,4
211a1712e53ecf06b7c5ff3f4bb6d4c5,S010,4
211a1712e53ecf06b7c5ff3f4bb6d4c5,S011,3
211a1712e53ecf06b7c5ff3f4bb6d4c5,S026,4
211a1712e53ecf06b7c5ff3f4bb6d4c5,S030,5
84ee69ef9b0ca9409697aa495a6f86dc,S012,3
84ee69ef9b0ca9409697aa495a6f86dc,S004,1
84ee69ef9b0ca9409697aa495a6f86dc,S001,2
84ee69ef9b0ca9409697aa495a6f86dc,S039,1
84ee69ef9b0ca9409697aa495a6f86dc,S045,1
c6c11ee31532d2b73f5acf68c92e4206,S041,2
c6c11ee31532d2b73f5acf68c92e4206,S034,2
c6c11ee31532d2b73f5acf68c92e4206,S032,3
c6c11ee31532d2b73f5acf68c92e4206,S039,4
c6c11ee31532d2b73f5acf68c92e4206,S017,2
c6c11ee31532d2b73f5acf68c92e4206,S001,4
c6c11ee31532d2b73f5acf68c92e4206,S018,3
c6c11ee31532d2b73f5acf68c92e4206,S029,5
5c7a492fae00059f2c55c7cfb47b7884,S035,5
5c7a492fae00059f2c55c7cfb47b7884,S030,3
5c7a492fae00059f2c55c7cfb47b7884,S019,2
5c7a492fae00059f2c55c7cfb47b7884,S004,3
5c7a492fae00059f2c55c7cfb47b7884,S002,5
5c7a492fae00059f2c55c7cfb47b7884,S027,2
5c7a492fae00059f2c55c7cfb47b7884,S042,4
5c7a492fae00059f2c55c7cfb47b7884,S040,2
5c7a492fae00059f2c55c7cfb47b7884,S028,5
5c7a492fae00059f2c55c7cfb47b7884,S015,2
012db6b8c0425fc734ca3203be99248f,S036,2
012db6b8c0425fc734ca3203be99248f,S024,4
012db6b8c0425fc734ca3203be99248f,S038,5
012db6b8c0425fc734ca3203be99248f,S015,5
012db6b8c0425fc734ca3203be99248f,S043,4
012db6b8c0425fc734ca3203be99248f,S016,5
012db6b8c0425fc734ca3203be99248f,S009,3
012db6b8c0425fc734ca3203be99248f,S008,4
012db6b8c0425fc734ca3203be99248f,S012,5
012db6b8c0425fc734ca3203be99248f,S020,4
012db6b8c0425fc734ca3203be99248f,S044,4
d6eb7b985e1b71be135cd49f0d4a81ef,S033,2
d6eb7b985e1b71be135cd49f0d4a81ef,S030,4
d6eb7b985e1b71be135cd49f0d4a81ef,S015,4
d6eb7b985e1b71be135cd49f0d4a81ef,S022,3
d6eb7b985e1b71be135cd49f0d4a81ef,S018,4
d6eb7b985e1b71be135cd49f0d4a81ef,S013,4
d6eb7b985e1b71be135cd49f0d4a81ef,S007,3
d6eb7b985e1b71be135cd49f0d4a81ef,S043,4
d6eb7b985e1b71be135cd49f0d4a81ef,S001,4
d6eb7b985e1b71be135cd49f0d4a81ef,S027,4
d6eb7b985e1b71be135cd49f0d4a81ef,S039,1
1c3bfbabdfb8ed9cbbc1caa3aac950b8,S018,1
1c3bfbabdfb8ed9cbbc1caa3aac950b8,S013,2
1c3bfbabdfb8ed9cbbc1caa3aac950b8,S029,1
1c3bfbabdfb8ed9cbbc1caa3aac950b8,S032,2
1c3bfbabdfb8ed9cbbc1caa3aac950b8,S002,2
1c3bfbabdfb8ed9cbbc1caa3aac950b8,S017,1
3cc983c09170a956f520f0bd6d292d27,S027,4
3cc983c09170a956f520f0bd6d292d27,S026,5
3cc983c09170a956f520f0bd6d292d27,S030,4
3cc983c09170a956f520f0bd6d292d27,S020,5
3cc983c09170a956f520f0bd6d292d27,S025,3
3cc983c09170a956f520f0bd6d292d27,S019,3
3cc983c09170a956f520f0bd6d292d27,S032,5
3cc983c09170a956f520f0bd6d292d27,S043,4
3cc983c09170a956f520f0bd6d292d27,S010,4
3cc983c09170a956f520f0bd6d292d27,S005,5
b27594cba5045da7d3df3ba180223c3c,S008,3
b27594cba5045da7d3df3ba180223c3c,S018,4
b27594cba5045da7d3df3ba180223c3c,S024,3
b27594cba5045da7d3df3ba180223c3c,S032,2
b27594cba5045da7d3df3ba180223c3c,S035,3
b27594cba5045da7d3df3ba180223c3c,S038,3
b27594cba5045da7d3df3ba180223c3c,S012,4
b27594cba5045da7d3df3ba180223c3c,S003,3
b27594cba5045da7d3df3ba180223c3c,S042,3
5c3b4f103f6070e98bbce71d2626cdf3,S031,4
5c3b4f103f6070e98bbce71d2626cdf3,S041,4
5c3b4f103f6070e98bbce71d2626cdf3,S033,4
5c3b4f103f6070e98bbce71d2626cdf3,S006,3
5c3b4f103f6070e98bbce71d2626cdf3,S002,4
5c3b4f103f6070e98bbce71d2626cdf3,S011,4
5c3b4f103f6070e98bbce71d2626cdf3,S004,5
5c3b4f103f6070e98bbce71d2626cdf3,S045,3
5c3b4f103f6070e98bbce71d2626cdf3,S019,4
5c3b4f103f6070e98bbce71d2626cdf3,S025,4
5c3b4f103f6070e98bbce71d2626cdf3,S032,5
5c3b4f103f6070e98bbce71d2626cdf3,S039,5
cd1c202491a03aef566072b665b76999,S004,2
cd1c202491a03aef566072b665b76999,S001,3
cd1c202491a03aef566072b665b76999,S034,3
cd1c202491a03aef566072b665b76999,S015,4
cd1c202491a03aef566072b665b76999,S008,2
cd1c202491a03aef566072b665b76999,S039,3
cd1c202491a03aef566072b665b76999,S019,3
cd1c202491a03aef566072b665b76999,S033,2
1aa24f7958b22de61cce101d1ff0e440,S033,4
1aa24f7958b22de61cce101d1ff0e440,S045,4
1aa24f7958b22de61cce101d1ff0e440,S012,2
1aa24f7958b22de61cce101d1ff0e440,S009,2
1aa24f7958b22de61cce101d1ff0e440,S042,3
1aa24f7958b22de61cce101d1ff0e440,S008,4
1aa24f7958b22de61cce101d1ff0e440,S007,3
1aa24f7958b22de61cce101d1ff0e440,S034,2
376b7f8cb68f01a9429d1fff65f299da,S028,2
376b7f8cb68f01a9429d1fff65f299da,S017,3
376b7f8cb68f01a9429d1fff65f299da,S041,3
376b7f8cb68f01a9429d1fff65f299da,S025,2
376b7f8cb68f01a9429d1fff65f299da,S045,3
376b7f8cb68f01a9429d1fff65f299da,S035,3
376b7f8cb68f01a9429d1fff65f299da,S016,2
376b7f8cb68f01a9429d1fff65f299da,S023,2
376b7f8cb68f01a9429d1fff65f299da,S020,4
376b7f8cb68f01a9429d1fff65f299da,S026,3
373abc4eeb849fb985fb0381d517c2c8,S015,3
373abc4eeb849fb985fb0381d517c2c8,S026,4
373abc4eeb849fb985fb0381d517c2c8,S023,4
373abc4eeb849fb985fb0381d517c2c8,S001,4
373abc4eeb849fb985fb0381d517c2c8,S018,3
373abc4eeb849fb985fb0381d517c2c8,S011,3
373abc4eeb849fb985fb0381d517c2c8,S024,2
373abc4eeb849fb985fb0381d517c2c8,S031,5
373abc4eeb849fb985fb0381d517c2c8,S032,3
373abc4eeb849fb985fb0381d517c2c8,S010,3
e5ce32abb60bfb8851ff5660fca49a4d,S032,4
e5ce32abb60bfb8851ff5660fca49a4d,S035,4
e5ce32abb60bfb8851ff5660fca49a4d,S040,5
e5ce32abb60bfb8851ff5660fca49a4d,S009,5
e5ce32abb60bfb8851ff5660fca49a4d,S044,5
e5ce32abb60bfb8851ff5660fca49a4d,S005,3
e5ce32abb60bfb8851ff5660fca49a4d,S043,5
e5ce32abb60bfb8851ff5660fca49a4d,S026,5
e5ce32abb60bfb8851ff5660fca49a4d,S012,5
e5ce32abb60bfb8851ff5660fca49a4d,S030,4
e5ce32abb60bfb8851ff5660fca49a4d,S031,4
e5ce32abb60bfb8851ff5660fca49a4d,S001,5
e5ce32abb60bfb8851ff5660fca49a4d,S024,5
e5ce32abb60bfb8851ff5660fca49a4d,S045,4
a4023a4590722acc502a48de1d5fa95c,S005,4
a4023a4590722acc502a48de1d5fa95c,S043,5
a4023a4590722acc502a48de1d5fa95c,S023,5
a4023a4590722acc502a48de1d5fa95c,S027,4
a4023a4590722acc502a48de1d5fa95c,S001,4
a4023a4590722acc502a48de1d5fa95c,S028,5
a4023a4590722acc502a48de1d5fa95c,S035,3
a4023a4590722acc502a48de1d5fa95c,S020,5
a4023a4590722acc502a48de1d5fa95c,S025,4
a4023a4590722acc502a48de1d5fa95c,S031,5
a4023a4590722acc502a48de1d5fa95c,S030,4
a4023a4590722acc502a48de1d5fa95c,S007,4
a4023a4590722acc502a48de1d5fa95c,S006,4
a4023a4590722acc502a48de1d5fa95c,S010,3
6e2b016713b3de5d65784dc941e9f2d1,S025,3
6e2b016713b3de5d65784dc941e9f2d1,S017,3
6e2b016713b3de5d65784dc941e9f2d1,S004,4
6e2b016713b3de5d65784dc941e9f2d1,S042,2
6e2b016713b3de5d65784dc941e9f2d1,S033,3
6e2b016713b3de5d65784dc941e9f2d1,S013,1
6e2b016713b3de5d65784dc941e9f2d1,S039,2
6e2b016713b3de5d65784dc941e9f2d1,S005,4
6e2b016713b3de5d65784dc941e9f2d1,S020,2
6e2b016713b3de5d65784dc941e9f2d1,S036,2
6e2b016713b3de5d65784dc941e9f2d1,S034,3
1e2b27f3629de2db4c0d755c5e8cd4bc,S009,4
1e2b27f3629de2db4c0d755c5e8cd4bc,S031,3
1e2b27f3629de2db4c0d755c5e8cd4bc,S021,3
1e2b27f3629de2db4c0d755c5e8cd4bc,S027,4
1e2b27f3629de2db4c0d755c5e8cd4bc,S036,3
1e2b27f3629de2db4c0d755c5e8cd4bc,S016,3
1e2b27f3629de2db4c0d755c5e8cd4bc,S038,4
1e2b27f3629de2db4c0d755c5e8cd4bc,S028,4
1e2b27f3629de2db4c0d755c5e8cd4bc,S018,3
1e2b27f3629de2db4c0d755c5e8cd4bc,S012,3
71cea89e176a5f26bbe23139a74f6b99,S021,5
71cea89e176a5f26bbe23139a74f6b99,S022,4
71cea89e176a5f26bbe23139a74f6b99,S014,3
71cea89e176a5f26bbe23139a74f6b99,S006,5
71cea89e176a5f26bbe23139a74f6b99,S026,4
71cea89e176a5f26bbe23139a74f6b99,S030,5
71cea89e176a5f26bbe23139a74f6b99,S007,5
71cea89e176a5f26bbe23139a74f6b99,S004,5
71cea89e176a5f26bbe23139a74f6b99,S009,4
71cea89e176a5f26bbe23139a74f6b99,S043,4
71cea89e176a5f26bbe23139a74f6b99,S029,4
6b13050fc33151f2bd33f6bfc77b6194,S041,2
6b13050fc33151f2bd33f6bfc77b6194,S003,1
6b13050fc33151f2bd33f6bfc77b6194,S030,1
6b13050fc33151f2bd33f6bfc77b6194,S027,2
6b13050fc33151f2bd33f6bfc77b6194,S016,1
6b13050fc33151f2bd33f6bfc77b6194,S017,2
6b13050fc33151f2bd33f6bfc77b6194,S023,3
6b13050fc33151f2bd33f6bfc77b6194,S018,3
1f7de10a3d6126ad03964da8509d7f6f,S023,4
1f7de10a3d6126ad03964da8509d7f6f,S029,2
1f7de10a3d6126ad03964da8509d7f6f,S016,3
1f7de10a3d6126ad03964da8509d7f6f,S025,3
1f7de10a3d6126ad03964da8509d7f6f,S007,3
1f7de10a3d6126ad03964da8509d7f6f,S010,4
1f7de10a3d6126ad03964da8509d7f6f,S040,5
1f7de10a3d6126ad03964da8509d7f6f,S041,5
1f7de10a3d6126ad03964da8509d7f6f,S024,4
1f7de10a3d6126ad03964da8509d7f6f,S037,3
1f7de10a3d6126ad03964da8509d7f6f,S012,4
1f7de10a3d6126ad03964da8509d7f6f,S030,5
1f7de10a3d6126ad03964da8509d7f6f,S028,4
1f7de10a3d6126ad03964da8509d7f6f,S031,5
1f7de10a3d6126ad03964da8509d7f6f,S033,4
50dfc1c94d9e04e65fe87969f6ed6f39,S011,5
50dfc1c94d9e04e65fe87969f6ed6f39,S017,5
50dfc1c94d9e04e65fe87969f6ed6f39,S036,5
50dfc1c94d9e04e65fe87969f6ed6f39,S042,4
50dfc1c94d9e04e65fe87969f6ed6f39,S032,4
50dfc1c94d9e04e65fe87969f6ed6f39,S019,4
50dfc1c94d9e04e65fe87969f6ed6f39,S043,4
50dfc1c94d9e04e65fe87969f6ed6f39,S004,4
50dfc1c94d9e04e65fe87969f6ed6f39,S013,5
50dfc1c94d9e04e65fe87969f6ed6f39,S037,5
50dfc1c94d9e04e65fe87969f6ed6f39,S002,5
50dfc1c94d9e04e65fe87969f6ed6f39,S024,5
50dfc1c94d9e04e65fe87969f6ed6f39,S045,4
9d53ff0eb09528c6254b155d93c8a2a4,S034,5
9d53ff0eb09528c6254b155d93c8a2a4,S021,3
9d53ff0eb09528c6254b155d93c8a2a4,S031,2
9d53ff0eb09528c6254b155d93c8a2a4,S025,3
9d53ff0eb09528c6254b155d93c8a2a4,S019,3
9d53ff0eb09528c6254b155d93c8a2a4,S002,2
9d53ff0eb09528c6254b155d93c8a2a4,S026,2
9d53ff0eb09528c6254b155d93c8a2a4,S027,4
03ce170a2a4405ee72b14bb5cdbffbdf,S040,3
03ce170a2a4405ee72b14bb5cdbffbdf,S002,1
03ce170a2a4405ee72b14bb5cdbffbdf,S014,2
03ce170a2a4405ee72b14bb5cdbffbdf,S016,2
03ce170a2a4405ee72b14bb5cdbffbdf,S032,2
03ce170a2a4405ee72b14bb5cdbffbdf,S034,2
03ce170a2a4405ee72b14bb5cdbffbdf,S003,1
f95143439fc3a7314f4b242a48fb437f,S018,4
f95143439fc3a7314f4b242a48fb437f,S040,4
f95143439fc3a7314f4b242a48fb437f,S021,3
f95143439fc3a7314f4b242a48fb437f,S041,3
f95143439fc3a7314f4b242a48fb437f,S031,3
f95143439fc3a7314f4b242a48fb437f,S027,4
f95143439fc3a7314f4b242a48fb437f,S016,3
f95143439fc3a7314f4b242a48fb437f,S003,2
f95143439fc3a7314f4b242a48fb437f,S038,4
f95143439fc3a7314f4b242a48fb437f,S032,3
f95143439fc3a7314f4b242a48fb437f,S014,3
6f82443e57130445087bf1915a987c64,S044,1
6f82443e57130445087bf1915a987c64,S014,1
6f82443e57130445087bf1915a987c64,S021,2
6f82443e57130445087bf1915a987c64,S033,1
6f82443e57130445087bf1915a987c64,S036,1
0ced0ee1e99af270fcf686cfd6c4af37,S042,4
0ced0ee1e99af270fcf686cfd6c4af37,S004,4
0ced0ee1e99af270fcf686cfd6c4af37,S031,4
0ced0ee1e99af270fcf686cfd6c4af37,S026,4
0ced0ee1e99af270fcf686cfd6c4af37,S022,4
0ced0ee1e99af270fcf686cfd6c4af37,S018,3
0ced0ee1e99af270fcf686cfd6c4af37,S019,4
0ced0ee1e99af270fcf686cfd6c4af37,S005,4
0ced0ee1e99af270fcf686cfd6c4af37,S025,3
0ced0ee1e99af270fcf686cfd6c4af37,S021,3
0ced0ee1e99af270fcf686cfd6c4af37,S015,4
c26a934bc938ec4751737ea03b08051a,S036,3
c26a934bc938ec4751737ea03b08051a,S039,4
c26a934bc938ec4751737ea03b08051a,S033,3
c26a934bc938ec4751737ea03b08051a,S028,5
c26a934bc938ec4751737ea03b08051a,S009,3
c26a934bc938ec4751737ea03b08051a,S014,3
c26a934bc938ec4751737ea03b08051a,S017,3
c26a934bc938ec4751737ea03b08051a,S038,4
c26a934bc938ec4751737ea03b08051a,S035,3
c26a934bc938ec4751737ea03b08051a,S006,3
c26a934bc938ec4751737ea03b08051a,S008,3
f1d3873460304b9a6dbdfd988e5ee3f3,S040,2
f1d3873460304b9a6dbdfd988e5ee3f3,S023,3
f1d3873460304b9a6dbdfd988e5ee3f3,S010,3
f1d3873460304b9a6dbdfd988e5ee3f3,S014,4
f1d3873460304b9a6dbdfd988e5ee3f3,S042,2
f1d3873460304b9a6dbdfd988e5ee3f3,S013,3
f1d3873460304b9a6dbdfd988e5ee3f3,S024,1
f1d3873460304b9a6dbdfd988e5ee3f3,S032,3
f1d3873460304b9a6dbdfd988e5ee3f3,S006,3
f1d3873460304b9a6dbdfd988e5ee3f3,S033,2
f1d3873460304b9a6dbdfd988e5ee3f3,S043,3
387dc9ecdc46e9277bbf210bca28517d,S001,3
387dc9ecdc46e9277bbf210bca28517d,S026,4
387dc9ecdc46e9277bbf210bca28517d,S024,5
387dc9ecdc46e9277bbf210bca28517d,S023,3
387dc9ecdc46e9277bbf210bca28517d,S022,4
387dc9ecdc46e9277bbf210bca28517d,S010,4
387dc9ecdc46e9277bbf210bca28517d,S032,4
387dc9ecdc46e9277bbf210bca28517d,S033,4
387dc9ecdc46e9277bbf210bca28517d,S012,4
387dc9ecdc46e9277bbf210bca28517d,S045,4
387dc9ecdc46e9277bbf210bca28517d,S008,4
387dc9ecdc46e9277bbf210bca28517d,S005,3
387dc9ecdc46e9277bbf210bca28517d,S028,3
387dc9ecdc46e9277bbf210bca28517d,S036,5
16e76aa634c619f72cedfe7feae68f10,S029,2
16e76aa634c619f72cedfe7feae68f10,S040,1
16e76aa634c619f72cedfe7feae68f10,S045,1
16e76aa634c619f72cedfe7feae68f10,S013,2
16e76aa634c619f72cedfe7feae68f10,S018,1
fb43845c6b0ab064fb192557899feab0,S017,4
fb43845c6b0ab064fb192557899feab0,S025,5
fb43845c6b0ab064fb192557899feab0,S015,4
fb43845c6b0ab064fb192557899feab0,S028,5
fb43845c6b0ab064fb192557899feab0,S045,3
fb43845c6b0ab064fb192557899feab0,S029,4
fb43845c6b0ab064fb192557899feab0,S041,3
fb43845c6b0ab064fb192557899feab0,S014,3
fb43845c6b0ab064fb192557899feab0,S037,3
fb43845c6b0ab064fb192557899feab0,S005,4
fb43845c6b0ab064fb192557899feab0,S006,4
fb43845c6b0ab064fb192557899feab0,S039,4
cb64cfcf100628e3b0280259fb14239f,S043,3
cb64cfcf100628e3b0280259fb14239f,S018,3
cb64cfcf100628e3b0280259fb14239f,S009,3
cb64cfcf100628e3b0280259fb14239f,S001,3
cb64cfcf100628e3b0280259fb14239f,S010,3
cb64cfcf100628e3b0280259fb14239f,S040,3
cb64cfcf100628e3b0280259fb14239f,S006,3
cb64cfcf100628e3b0280259fb14239f,S013,4
cb64cfcf100628e3b0280259fb14239f,S038,2
cb64cfcf100628e3b0280259fb14239f,S042,2
5b0464d04f1ed60f3a3b29e51f53a170,S008,4
5b0464d04f1ed60f3a3b29e51f53a170,S035,4
5b0464d04f1ed60f3a3b29e51f53a170,S005,4
5b0464d04f1ed60f3a3b29e51f53a170,S006,3
5b0464d04f1ed60f3a3b29e51f53a170,S020,4
5b0464d04f1ed60f3a3b29e51f53a170,S017,2
5b0464d04f1ed60f3a3b29e51f53a170,S030,4
5b0464d04f1ed60f3a3b29e51f53a170,S023,3
5b0464d04f1ed60f3a3b29e51f53a170,S037,4
d83f0fdd8958761dea69661d9bd8bed7,S016,4
d83f0fdd8958761dea69661d9bd8bed7,S024,3
d83f0fdd8958761dea69661d9bd8bed7,S010,5
d83f0fdd8958761dea69661d9bd8bed7,S028,3
d83f0fdd8958761dea69661d9bd8bed7,S005,5
d83f0fdd8958761dea69661d9bd8bed7,S033,4
d83f0fdd8958761dea69661d9bd8bed7,S008,4
d83f0fdd8958761dea69661d9bd8bed7,S025,5
d83f0fdd8958761dea69661d9bd8bed7,S018,4
d83f0fdd8958761dea69661d9bd8bed7,S038,4
d83f0fdd8958761dea69661d9bd8bed7,S041,4
d83f0fdd8958761dea69661d9bd8bed7,S006,3
1e674ef66f8cfc86d514c3c9049e549a,S035,3
1e674ef66f8cfc86d514c3c9049e549a,S008,3
1e674ef66f8cfc86d514c3c9049e549a,S029,2
1e674ef66f8cfc86d514c3c9049e549a,S013,4
1e674ef66f8cfc86d514c3c9049e549a,S041,4
1e674ef66f8cfc86d514c3c9049e549a,S011,3
1e674ef66f8cfc86d514c3c9049e549a,S045,4
1e674ef66f8cfc86d514c3c9049e549a,S014,3
1e674ef66f8cfc86d514c3c9049e549a,S044,3
e39b97cecb12972f410f61e7113a2ee3,S001,5
e39b97cecb12972f410f61e7113a2ee3,S005,5
e39b97cecb12972f410f61e7113a2ee3,S009,4
e39b97cecb12972f410f61e7113a2ee3,S006,3
e39b97cecb12972f410f61e7113a2ee3,S045,3
e39b97cecb12972f410f61e7113a2ee3,S028,4
e39b97cecb12972f410f61e7113a2ee3,S025,3
e39b97cecb12972f410f61e7113a2ee3,S007,4
e39b97cecb12972f410f61e7113a2ee3,S014,4
e39b97cecb12972f410f61e7113a2ee3,S029,3
e39b97cecb12972f410f61e7113a2ee3,S038,4
e39b97cecb12972f410f61e7113a2ee3,S015,4
e39b97cecb12972f410f61e7113a2ee3,S037,5
e39b97cecb12972f410f61e7113a2ee3,S019,3
e9f6338778db0c20fe870aae06f2fc23,S040,1
e9f6338778db0c20fe870aae06f2fc23,S030,2
e9f6338778db0c20fe870aae06f2fc23,S039,1
e9f6338778db0c20fe870aae06f2fc23,S006,1
e9f6338778db0c20fe870aae06f2fc23,S020,2
e9f6338778db0c20fe870aae06f2fc23,S022,3
5cf7c4ba874b820dccd21c6f965329ac,S045,3
5cf7c4ba874b820dccd21c6f965329ac,S004,3
5cf7c4ba874b820dccd21c6f965329ac,S003,2
5cf7c4ba874b820dccd21c6f965329ac,S022,2
5cf7c4ba874b820dccd21c6f965329ac,S039,3
5cf7c4ba874b820dccd21c6f965329ac,S020,3
5cf7c4ba874b820dccd21c6f965329ac,S002,2
5cf7c4ba874b820dccd21c6f965329ac,S001,1
5cf7c4ba874b820dccd21c6f965329ac,S028,2
f4633a10463a984725e48614c5d99adb,S018,3
f4633a10463a984725e48614c5d99adb,S041,3
f4633a10463a984725e48614c5d99adb,S016,4
f4633a10463a984725e48614c5d99adb,S045,3
f4633a10463a984725e48614c5d99adb,S025,3
f4633a10463a984725e48614c5d99adb,S043,2
f4633a10463a984725e48614c5d99adb,S017,2
f4633a10463a984725e48614c5d99adb,S032,3
f4633a10463a984725e48614c5d99adb,S020,3
6a16db783131ff02aed3a314797a2ede,S017,1
6a16db783131ff02aed3a314797a2ede,S042,1
6a16db783131ff02aed3a314797a2ede,S002,2
6a16db783131ff02aed3a314797a2ede,S004,3
6a16db783131ff02aed3a314797a2ede,S041,1
6a16db783131ff02aed3a314797a2ede,S025,2
6a16db783131ff02aed3a314797a2ede,S031,2
a111b7bd203f836f50453aa6100838c7,S042,3
a111b7bd203f836f50453aa6100838c7,S009,3
a111b7bd203f836f50453aa6100838c7,S020,4
a111b7bd203f836f50453aa6100838c7,S025,3
a111b7bd203f836f50453aa6100838c7,S031,3
a111b7bd203f836f50453aa6100838c7,S022,3
a111b7bd203f836f50453aa6100838c7,S006,5
a111b7bd203f836f50453aa6100838c7,S028,5
a111b7bd203f836f50453aa6100838c7,S015,4
a111b7bd203f836f50453aa6100838c7,S018,2
08f8c4b3f07e1049fd83ebc992955e9a,S008,3
08f8c4b3f07e1049fd83ebc992955e9a,S034,2
08f8c4b3f07e1049fd83ebc992955e9a,S015,1
08f8c4b3f07e1049fd83ebc992955e9a,S002,2
08f8c4b3f07e1049fd83ebc992955e9a,S009,1
08f8c4b3f07e1049fd83ebc992955e9a,S037,2
08f8c4b3f07e1049fd83ebc992955e9a,S025,3
08f8c4b3f07e1049fd83ebc992955e9a,S043,3
08f8c4b3f07e1049fd83ebc992955e9a,S045,3
08f8c4b3f07e1049fd83ebc992955e9a,S042,4
ddae808e2d79f4a092fada13f6130f6f,S010,1
ddae808e2d79f4a092fada13f6130f6f,S041,1
ddae808e2d79f4a092fada13f6130f6f,S043,2
ddae808e2d79f4a092fada13f6130f6f,S039,1
ddae808e2d79f4a092fada13f6130f6f,S035,1
ddae808e2d79f4a092fada13f6130f6f,S009,2
ddae808e2d79f4a092fada13f6130f6f,S036,2
4b974e0f5b7450d4460a09ab5027f21c,S033,3
4b974e0f5b7450d4460a09ab5027f21c,S036,2
4b974e0f5b7450d4460a09ab5027f21c,S020,3
4b974e0f5b7450d4460a09ab5027f21c,S038,1
4b974e0f5b7450d4460a09ab5027f21c,S023,3
4b974e0f5b7450d4460a09ab5027f21c,S002,2
4b974e0f5b7450d4460a09ab5027f21c,S039,2
4b974e0f5b7450d4460a09ab5027f21c,S021,3
4b974e0f5b7450d4460a09ab5027f21c,S035,2
f210a8567187b9cfa53e1730a7d18a57,S004,5
f210a8567187b9cfa53e1730a7d18a57,S009,4
f210a8567187b9cfa53e1730a7d18a57,S016,4
f210a8567187b9cfa53e1730a7d18a57,S001,4
f210a8567187b9cfa53e1730a7d18a57,S030,4
f210a8567187b9cfa53e1730a7d18a57,S039,4
f210a8567187b9cfa53e1730a7d18a57,S023,5
f210a8567187b9cfa53e1730a7d18a57,S035,5
f210a8567187b9cfa53e1730a7d18a57,S029,4
f210a8567187b9cfa53e1730a7d18a57,S045,3
86604dc14331fb2c72f7706ea8325753,S014,2
86604dc14331fb2c72f7706ea8325753,S042,2
86604dc14331fb2c72f7706ea8325753,S024,2
86604dc14331fb2c72f7706ea8325753,S009,3
86604dc14331fb2c72f7706ea8325753,S037,2
86604dc14331fb2c72f7706ea8325753,S030,1
86604dc14331fb2c72f7706ea8325753,S043,2
bc20d5c88a3d2a2ae555363aa1706975,S045,1
bc20d5c88a3d2a2ae555363aa1706975,S008,1
bc20d5c88a3d2a2ae555363aa1706975,S021,3
bc20d5c88a3d2a2ae555363aa1706975,S039,2
bc20d5c88a3d2a2ae555363aa1706975,S010,2
bc20d5c88a3d2a2ae555363aa1706975,S043,2
bc20d5c88a3d2a2ae555363aa1706975,S035,2
bc36af828d01d495e1ab6a483e5cd506,S045,3
bc36af828d01d495e1ab6a483e5cd506,S001,3
bc36af828d01d495e1ab6a483e5cd506,S024,3
bc36af828d01d495e1ab6a483e5cd506,S003,3
bc36af828d01d495e1ab6a483e5cd506,S029,4
bc36af828d01d495e1ab6a483e5cd506,S030,3
bc36af828d01d495e1ab6a483e5cd506,S002,5
bc36af828d01d495e1ab6a483e5cd506,S015,3
bc36af828d01d495e1ab6a483e5cd506,S025,3
bc36af828d01d495e1ab6a483e5cd506,S012,5
a0718a8fd822f93bcf6a7e6d072ce671,S016,2
a0718a8fd822f93bcf6a7e6d072ce671,S036,4
a0718a8fd822f93bcf6a7e6d072ce671,S019,5
a0718a8fd822f93bcf6a7e6d072ce671,S006,3
a0718a8fd822f93bcf6a7e6d072ce671,S024,4
a0718a8fd822f93bcf6a7e6d072ce671,S025,4
a0718a8fd822f93bcf6a7e6d072ce671,S031,5
a0718a8fd822f93bcf6a7e6d072ce671,S043,4
a0718a8fd822f93bcf6a7e6d072ce671,S003,3
a0718a8fd822f93bcf6a7e6d072ce671,S029,5
a0718a8fd822f93bcf6a7e6d072ce671,S026,5
a0718a8fd822f93bcf6a7e6d072ce671,S042,4
e936af85eb0f16e111aec88a71b7b4eb,S020,4
e936af85eb0f16e111aec88a71b7b4eb,S037,1
e936af85eb0f16e111aec88a71b7b4eb,S018,2
e936af85eb0f16e111aec88a71b7b4eb,S040,2
e936af85eb0f16e111aec88a71b7b4eb,S005,2
e936af85eb0f16e111aec88a71b7b4eb,S016,2
e936af85eb0f16e111aec88a71b7b4eb,S019,2
e936af85eb0f16e111aec88a71b7b4eb,S045,1
8cdd09b43c6ce664144ddefe1c20dfc2,S020,4
8cdd09b43c6ce664144ddefe1c20dfc2,S043,4
8cdd09b43c6ce664144ddefe1c20dfc2,S021,5
8cdd09b43c6ce664144ddefe1c20dfc2,S018,3
8cdd09b43c6ce664144ddefe1c20dfc2,S035,4
8cdd09b43c6ce664144ddefe1c20dfc2,S027,5
8cdd09b43c6ce664144ddefe1c20dfc2,S038,4
8cdd09b43c6ce664144ddefe1c20dfc2,S003,5
8cdd09b43c6ce664144ddefe1c20dfc2,S001,4
8cdd09b43c6ce664144ddefe1c20dfc2,S037,4
8cdd09b43c6ce664144ddefe1c20dfc2,S019,5
8cdd09b43c6ce664144ddefe1c20dfc2,S006,3
5b06c28779baa9c026bc643142d59f89,S017,4
5b06c28779baa9c026bc643142d59f89,S015,4
5b06c28779baa9c026bc643142d59f89,S042,3
5b06c28779baa9c026bc643142d59f89,S022,5
5b06c28779baa9c026bc643142d59f89,S006,5
5b06c28779baa9c026bc643142d59f89,S009,5
5b06c28779baa9c026bc643142d59f89,S004,5
5b06c28779baa9c026bc643142d59f89,S007,3
5b06c28779baa9c026bc643142d59f89,S027,5
5b06c28779baa9c026bc643142d59f89,S010,5
5b06c28779baa9c026bc643142d59f89,S014,3
f0a1bfa835ab5b32826670e22fbc54e8,S001,3
f0a1bfa835ab5b32826670e22fbc54e8,S002,3
f0a1bfa835ab5b32826670e22fbc54e8,S015,4
f0a1bfa835ab5b32826670e22fbc54e8,S017,4
f0a1bfa835ab5b32826670e22fbc54e8,S034,4
f0a1bfa835ab5b32826670e22fbc54e8,S035,5
f0a1bfa835ab5b32826670e22fbc54e8,S038,4
f0a1bfa835ab5b32826670e22fbc54e8,S005,5
f0a1bfa835ab5b32826670e22fbc54e8,S006,3
f0a1bfa835ab5b32826670e22fbc54e8,S043,4
f0a1bfa835ab5b32826670e22fbc54e8,S025,3
f0a1bfa835ab5b32826670e22fbc54e8,S004,4
f0a1bfa835ab5b32826670e22fbc54e8,S024,4
f0a1bfa835ab5b32826670e22fbc54e8,S028,4
5a90fc3f836f25fd8817657df7f693eb,S038,5
5a90fc3f836f25fd8817657df7f693eb,S044,3
5a90fc3f836f25fd8817657df7f693eb,S035,4
5a90fc3f836f25fd8817657df7f693eb,S001,4
5a90fc3f836f25fd8817657df7f693eb,S004,4
5a90fc3f836f25fd8817657df7f693eb,S022,5
5a90fc3f836f25fd8817657df7f693eb,S003,4
5a90fc3f836f25fd8817657df7f693eb,S029,3
5a90fc3f836f25fd8817657df7f693eb,S007,3
5a90fc3f836f25fd8817657df7f693eb,S023,5
5a90fc3f836f25fd8817657df7f693eb,S017,4
5a90fc3f836f25fd8817657df7f693eb,S040,3
5a90fc3f836f25fd8817657df7f693eb,S013,4
7d65e7e7d1d82062ae7bc1c3bbf3ee3d,S035,3
7d65e7e7d1d82062ae7bc1c3bbf3ee3d,S032,5
7d65e7e7d1d82062ae7bc1c3bbf3ee3d,S018,5
7d65e7e7d1d82062ae7bc1c3bbf3ee3d,S015,4
7d65e7e7d1d82062ae7bc1c3bbf3ee3d,S020,5
7d65e7e7d1d82062ae7bc1c3bbf3ee3d,S019,4
7d65e7e7d1d82062ae7bc1c3bbf3ee3d,S010,4
7d65e7e7d1d82062ae7bc1c3bbf3ee3d,S045,5
7d65e7e7d1d82062ae7bc1c3bbf3ee3d,S037,5
7d65e7e7d1d82062ae7bc1c3bbf3ee3d,S017,5
7d65e7e7d1d82062ae7bc1c3bbf3ee3d,S004,3
7d65e7e7d1d82062ae7bc1c3bbf3ee3d,S024,4
7d65e7e7d1d82062ae7bc1c3bbf3ee3d,S022,4
bdeb55dd64f3da740fd271332438be03,S040,4
bdeb55dd64f3da740fd271332438be03,S029,4
bdeb55dd64f3da740fd271332438be03,S022,4
bdeb55dd64f3da740fd271332438be03,S013,2
bdeb55dd64f3da740fd271332438be03,S021,3
bdeb55dd64f3da740fd271332438be03,S010,3
bdeb55dd64f3da740fd271332438be03,S043,4
bdeb55dd64f3da740fd271332438be03,S024,2
bdeb55dd64f3da740fd271332438be03,S032,4
bdeb55dd64f3da740fd271332438be03,S020,4
bdeb55dd64f3da740fd271332438be03,S011,3
bdeb55dd64f3da740fd271332438be03,S012,4
bf180381cac50a3bd24ed77ecadadc7e,S045,3
bf180381cac50a3bd24ed77ecadadc7e,S042,5
bf180381cac50a3bd24ed77ecadadc7e,S026,5
bf180381cac50a3bd24ed77ecadadc7e,S038,2
bf180381cac50a3bd24ed77ecadadc7e,S019,4
bf180381cac50a3bd24ed77ecadadc7e,S040,3
bf180381cac50a3bd24ed77ecadadc7e,S004,3
bf180381cac50a3bd24ed77ecadadc7e,S029,3
bf180381cac50a3bd24ed77ecadadc7e,S037,3
bf180381cac50a3bd24ed77ecadadc7e,S028,3
bf180381cac50a3bd24ed77ecadadc7e,S039,5
bf180381cac50a3bd24ed77ecadadc7e,S027,3
bf180381cac50a3bd24ed77ecadadc7e,S010,2
bf180381cac50a3bd24ed77ecadadc7e,S007,4
a23ee330ed5dd7883a3098099b709d5a,S022,4
a23ee330ed5dd7883a3098099b709d5a,S004,4
a23ee330ed5dd7883a3098099b709d5a,S005,4
a23ee330ed5dd7883a3098099b709d5a,S013,4
a23ee330ed5dd7883a3098099b709d5a,S034,4
a23ee330ed5dd7883a3098099b709d5a,S030,4
a23ee330ed5dd7883a3098099b709d5a,S040,3
a23ee330ed5dd7883a3098099b709d5a,S021,3
a23ee330ed5dd7883a3098099b709d5a,S006,4
a23ee330ed5dd7883a3098099b709d5a,S042,4
a23ee330ed5dd7883a3098099b709d5a,S027,5
b3e31253f705db2a55175497c0165bc5,S026,4
b3e31253f705db2a55175497c0165bc5,S044,5
b3e31253f705db2a55175497c0165bc5,S018,5
b3e31253f705db2a55175497c0165bc5,S012,4
b3e31253f705db2a55175497c0165bc5,S016,3
b3e31253f705db2a55175497c0165bc5,S022,3
b3e31253f705db2a55175497c0165bc5,S017,3
b3e31253f705db2a55175497c0165bc5,S010,5
b3e31253f705db2a55175497c0165bc5,S028,4
b3e31253f705db2a55175497c0165bc5,S015,4
df2696c08137c90daccaaba6d5b73442,S034,3
df2696c08137c90daccaaba6d5b73442,S023,4
df2696c08137c90daccaaba6d5b73442,S037,5
df2696c08137c90daccaaba6d5b73442,S025,5
df2696c08137c90daccaaba6d5b73442,S032,5
df2696c08137c90daccaaba6d5b73442,S003,4
df2696c08137c90daccaaba6d5b73442,S004,4
df2696c08137c90daccaaba6d5b73442,S038,4
df2696c08137c90daccaaba6d5b73442,S026,4
df2696c08137c90daccaaba6d5b73442,S024,4
df2696c08137c90daccaaba6d5b73442,S021,5
df2696c08137c90daccaaba6d5b73442,S006,3
df2696c08137c90daccaaba6d5b73442,S009,4
df2696c08137c90daccaaba6d5b73442,S031,4
12bf8213b81fc746257bd30361cb6ad9,S016,3
12bf8213b81fc746257bd30361cb6ad9,S014,3
12bf8213b81fc746257bd30361cb6ad9,S006,2
12bf8213b81fc746257bd30361cb6ad9,S040,3
12bf8213b81fc746257bd30361cb6ad9,S005,5
12bf8213b81fc746257bd30361cb6ad9,S025,4
12bf8213b81fc746257bd30361cb6ad9,S015,2
12bf8213b81fc746257bd30361cb6ad9,S018,2
12bf8213b81fc746257bd30361cb6ad9,S033,3
3b7fd1331bcb27008c4e40a0131d77f0,S030,4
3b7fd1331bcb27008c4e40a0131d77f0,S042,4
3b7fd1331bcb27008c4e40a0131d77f0,S023,4
3b7fd1331bcb27008c4e40a0131d77f0,S001,4
3b7fd1331bcb27008c4e40a0131d77f0,S036,5
3b7fd1331bcb27008c4e40a0131d77f0,S014,4
3b7fd1331bcb27008c4e40a0131d77f0,S015,5
3b7fd1331bcb27008c4e40a0131d77f0,S032,5
3b7fd1331bcb27008c4e40a0131d77f0,S034,4
3b7fd1331bcb27008c4e40a0131d77f0,S041,5
3b7fd1331bcb27008c4e40a0131d77f0,S018,4
3b7fd1331bcb27008c4e40a0131d77f0,S044,5
3b7fd1331bcb27008c4e40a0131d77f0,S031,5
3b7fd1331bcb27008c4e40a0131d77f0,S040,4
3b7fd1331bcb27008c4e40a0131d77f0,S008,4
b6f75edb94e21a1e2b52008410f68d8c,S028,1
b6f75edb94e21a1e2b52008410f68d8c,S039,1
b6f75edb94e21a1e2b52008410f68d8c,S005,1
b6f75edb94e21a1e2b52008410f68d8c,S034,1
b6f75edb94e21a1e2b52008410f68d8c,S024,1
89f55728f923ac85df5d16f7a232ecce,S023,4
89f55728f923ac85df5d16f7a232ecce,S006,3
89f55728f923ac85df5d16f7a232ecce,S038,4
89f55728f923ac85df5d16f7a232ecce,S025,4
89f55728f923ac85df5d16f7a232ecce,S003,4
89f55728f923ac85df5d16f7a232ecce,S036,3
89f55728f923ac85df5d16f7a232ecce,S026,4
89f55728f923ac85df5d16f7a232ecce,S040,4
89f55728f923ac85df5d16f7a232ecce,S039,4
89f55728f923ac85df5d16f7a232ecce,S027,4
89f55728f923ac85df5d16f7a232ecce,S010,5
2e5035b2a0f08a57d9ce4e063ded209e,S039,3
2e5035b2a0f08a57d9ce4e063ded209e,S031,4
2e5035b2a0f08a57d9ce4e063ded209e,S037,4
2e5035b2a0f08a57d9ce4e063ded209e,S009,5
2e5035b2a0f08a57d9ce4e063ded209e,S033,5
2e5035b2a0f08a57d9ce4e063ded209e,S012,5
2e5035b2a0f08a57d9ce4e063ded209e,S041,4
2e5035b2a0f08a57d9ce4e063ded209e,S044,4
2e5035b2a0f08a57d9ce4e063ded209e,S018,5
2e5035b2a0f08a57d9ce4e063ded209e,S020,4
2e5035b2a0f08a57d9ce4e063ded209e,S004,4
2e5035b2a0f08a57d9ce4e063ded209e,S017,4
2e5035b2a0f08a57d9ce4e063ded209e,S010,3
59aff32edc631c03d2ed30e244879ba8,S040,3
59aff32edc631c03d2ed30e244879ba8,S032,2
59aff32edc631c03d2ed30e244879ba8,S031,4
59aff32edc631c03d2ed30e244879ba8,S013,3
59aff32edc631c03d2ed30e244879ba8,S034,3
59aff32edc631c03d2ed30e244879ba8,S018,3
59aff32edc631c03d2ed30e244879ba8,S011,3
59aff32edc631c03d2ed30e244879ba8,S012,4
59aff32edc631c03d2ed30e244879ba8,S016,4
59aff32edc631c03d2ed30e244879ba8,S003,4
68ac20b86751dcef39c2ee41f03f5481,S006,3
68ac20b86751dcef39c2ee41f03f5481,S044,4
68ac20b86751dcef39c2ee41f03f5481,S035,3
68ac20b86751dcef39c2ee41f03f5481,S034,5
68ac20b86751dcef39c2ee41f03f5481,S004,5
68ac20b86751dcef39c2ee41f03f5481,S001,5
68ac20b86751dcef39c2ee41f03f5481,S025,5
68ac20b86751dcef39c2ee41f03f5481,S012,5
68ac20b86751dcef39c2ee41f03f5481,S019,5
68ac20b86751dcef39c2ee41f03f5481,S017,5
68ac20b86751dcef39c2ee41f03f5481,S038,5
68ac20b86751dcef39c2ee41f03f5481,S028,4
68ac20b86751dcef39c2ee41f03f5481,S009,5
68ac20b86751dcef39c2ee41f03f5481,S027,5
68ac20b86751dcef39c2ee41f03f5481,S032,5
68ac20b86751dcef39c2ee41f03f5481,S020,4
cf11818528a7254918a225a7ef054ed6,S014,2
cf11818528a7254918a225a7ef054ed6,S016,1
cf11818528a7254918a225a7ef054ed6,S001,2
cf11818528a7254918a225a7ef054ed6,S036,2
cf11818528a7254918a225a7ef054ed6,S045,1
cf11818528a7254918a225a7ef054ed6,S005,2
54c470cf77ad30bdee82382f8ab1ec22,S042,4
54c470cf77ad30bdee82382f8ab1ec22,S035,3
54c470cf77ad30bdee82382f8ab1ec22,S045,2
54c470cf77ad30bdee82382f8ab1ec22,S020,3
54c470cf77ad30bdee82382f8ab1ec22,S032,3
54c470cf77ad30bdee82382f8ab1ec22,S044,3
54c470cf77ad30bdee82382f8ab1ec22,S017,4
54c470cf77ad30bdee82382f8ab1ec22,S027,3
456399e617a4682363a3f60dd4fdeb65,S002,2
456399e617a4682363a3f60dd4fdeb65,S034,3
456399e617a4682363a3f60dd4fdeb65,S013,2
456399e617a4682363a3f60dd4fdeb65,S027,3
456399e617a4682363a3f60dd4fdeb65,S005,1
456399e617a4682363a3f60dd4fdeb65,S025,3
9e297551d223cd22199714c4ec31d4a1,S011,3
9e297551d223cd22199714c4ec31d4a1,S029,3
9e297551d223cd22199714c4ec31d4a1,S027,4
9e297551d223cd22199714c4ec31d4a1,S045,3
9e297551d223cd22199714c4ec31d4a1,S012,3
9e297551d223cd22199714c4ec31d4a1,S035,3
9e297551d223cd22199714c4ec31d4a1,S003,4
9e297551d223cd22199714c4ec31d4a1,S043,5
9e297551d223cd22199714c4ec31d4a1,S002,2
9e297551d223cd22199714c4ec31d4a1,S037,4
9e297551d223cd22199714c4ec31d4a1,S039,4
f49bf16b2205d914bbf19cea335587b9,S023,5
f49bf16b2205d914bbf19cea335587b9,S042,3
f49bf16b2205d914bbf19cea335587b9,S013,4
f49bf16b2205d914bbf19cea335587b9,S002,3
f49bf16b2205d914bbf19cea335587b9,S040,3
f49bf16b2205d914bbf19cea335587b9,S001,2
f49bf16b2205d914bbf19cea335587b9,S043,4
f49bf16b2205d914bbf19cea335587b9,S007,4
f49bf16b2205d914bbf19cea335587b9,S035,4
77948c2becb1a7e6f51c9496cf2d79f4,S032,2
77948c2becb1a7e6f51c9496cf2d79f4,S006,2
77948c2becb1a7e6f51c9496cf2d79f4,S009,1
77948c2becb1a7e6f51c9496cf2d79f4,S010,1
77948c2becb1a7e6f51c9496cf2d79f4,S005,2
77948c2becb1a7e6f51c9496cf2d79f4,S041,2
ba4182dcb8020c6cfa2c632aaf2fd93e,S038,3
ba4182dcb8020c6cfa2c632aaf2fd93e,S029,3
ba4182dcb8020c6cfa2c632aaf2fd93e,S009,3
ba4182dcb8020c6cfa2c632aaf2fd93e,S001,2
ba4182dcb8020c6cfa2c632aaf2fd93e,S027,4
ba4182dcb8020c6cfa2c632aaf2fd93e,S023,3
ba4182dcb8020c6cfa2c632aaf2fd93e,S034,1
ba4182dcb8020c6cfa2c632aaf2fd93e,S042,3
d61c9fd362369e450f55aed989a70ff0,S043,3
d61c9fd362369e450f55aed989a70ff0,S021,5
d61c9fd362369e450f55aed989a70ff0,S010,5
d61c9fd362369e450f55aed989a70ff0,S035,4
d61c9fd362369e450f55aed989a70ff0,S040,5
d61c9fd362369e450f55aed989a70ff0,S029,4
d61c9fd362369e450f55aed989a70ff0,S017,4
d61c9fd362369e450f55aed989a70ff0,S003,2
d61c9fd362369e450f55aed989a70ff0,S038,5
d61c9fd362369e450f55aed989a70ff0,S039,4
d61c9fd362369e450f55aed989a70ff0,S005,5
cfbe2a9440a56b3cff46e978d76cab8f,S040,3
cfbe2a9440a56b3cff46e978d76cab8f,S007,2
cfbe2a9440a56b3cff46e978d76cab8f,S024,3
cfbe2a9440a56b3cff46e978d76cab8f,S018,3
cfbe2a9440a56b3cff46e978d76cab8f,S017,5
cfbe2a9440a56b3cff46e978d76cab8f,S027,3
cfbe2a9440a56b3cff46e978d76cab8f,S005,3
cfbe2a9440a56b3cff46e978d76cab8f,S043,4
cfbe2a9440a56b3cff46e978d76cab8f,S015,3
cfbe2a9440a56b3cff46e978d76cab8f,S039,3
cfbe2a9440a56b3cff46e978d76cab8f,S037,3
c795c8aacb4de974d3bfc54a8b657350,S042,3
c795c8aacb4de974d3bfc54a8b657350,S036,5
c795c8aacb4de974d3bfc54a8b657350,S012,4
c795c8aacb4de974d3bfc54a8b657350,S031,5
c795c8aacb4de974d3bfc54a8b657350,S039,4
c795c8aacb4de974d3bfc54a8b657350,S029,4
c795c8aacb4de974d3bfc54a8b657350,S016,4
c795c8aacb4de974d3bfc54a8b657350,S034,4
c795c8aacb4de974d3bfc54a8b657350,S021,4
c795c8aacb4de974d3bfc54a8b657350,S040,4
c795c8aacb4de974d3bfc54a8b657350,S027,4
c795c8aacb4de974d3bfc54a8b657350,S011,5
a81903d3e74cdb3985cd8366d319e291,S031,3
a81903d3e74cdb3985cd8366d319e291,S032,4
a81903d3e74cdb3985cd8366d319e291,S040,1
a81903d3e74cdb3985cd8366d319e291,S013,2
a81903d3e74cdb3985cd8366d319e291,S038,1
a81903d3e74cdb3985cd8366d319e291,S027,1
a81903d3e74cdb3985cd8366d319e291,S002,2
5f2d1ee0bf35d03aebf8ef6daaaf8736,S031,5
5f2d1ee0bf35d03aebf8ef6daaaf8736,S029,4
5f2d1ee0bf35d03aebf8ef6daaaf8736,S037,5
5f2d1ee0bf35d03aebf8ef6daaaf8736,S019,4
5f2d1ee0bf35d03aebf8ef6daaaf8736,S012,5
5f2d1ee0bf35d03aebf8ef6daaaf8736,S018,5
5f2d1ee0bf35d03aebf8ef6daaaf8736,S026,5
5f2d1ee0bf35d03aebf8ef6daaaf8736,S035,4
5f2d1ee0bf35d03aebf8ef6daaaf8736,S030,2
5f2d1ee0bf35d03aebf8ef6daaaf8736,S043,5
5f2d1ee0bf35d03aebf8ef6daaaf8736,S010,3
a3fd7b28f98b5c53f929c5fa8f99de81,S016,3
a3fd7b28f98b5c53f929c5fa8f99de81,S003,3
a3fd7b28f98b5c53f929c5fa8f99de81,S043,3
a3fd7b28f98b5c53f929c5fa8f99de81,S007,2
a3fd7b28f98b5c53f929c5fa8f99de81,S034,5
a3fd7b28f98b5c53f929c5fa8f99de81,S027,2
a3fd7b28f98b5c53f929c5fa8f99de81,S021,4
a3fd7b28f98b5c53f929c5fa8f99de81,S012,3
a3fd7b28f98b5c53f929c5fa8f99de81,S020,3
a3fd7b28f98b5c53f929c5fa8f99de81,S011,3
a3fd7b28f98b5c53f929c5fa8f99de81,S030,4
a3fd7b28f98b5c53f929c5fa8f99de81,S018,4
a3fd7b28f98b5c53f929c5fa8f99de81,S033,3
e3efc69934b68af8cbe412afea009473,S023,3
e3efc69934b68af8cbe412afea009473,S007,4
e3efc69934b68af8cbe412afea009473,S044,5
e3efc69934b68af8cbe412afea009473,S012,5
e3efc69934b68af8cbe412afea009473,S009,4
e3efc69934b68af8cbe412afea009473,S019,4
e3efc69934b68af8cbe412afea009473,S033,3
e3efc69934b68af8cbe412afea009473,S017,5
e3efc69934b68af8cbe412afea009473,S011,5
e3efc69934b68af8cbe412afea009473,S026,4
e3efc69934b68af8cbe412afea009473,S014,5
e3efc69934b68af8cbe412afea009473,S030,4
e3efc69934b68af8cbe412afea009473,S001,4
e3efc69934b68af8cbe412afea009473,S021,5
8fa04125218ad1a5cd59813cb43c2264,S005,3
8fa04125218ad1a5cd59813cb43c2264,S011,2
8fa04125218ad1a5cd59813cb43c2264,S039,3
8fa04125218ad1a5cd59813cb43c2264,S026,3
8fa04125218ad1a5cd59813cb43c2264,S041,3
8fa04125218ad1a5cd59813cb43c2264,S023,4
8fa04125218ad1a5cd59813cb43c2264,S007,4
8fa04125218ad1a5cd59813cb43c2264,S008,5
8fa04125218ad1a5cd59813cb43c2264,S028,3
8fa04125218ad1a5cd59813cb43c2264,S043,2
8fa04125218ad1a5cd59813cb43c2264,S003,3
daf331eae8ac9df40c0e46b97e026bfb,S035,3
daf331eae8ac9df40c0e46b97e026bfb,S027,4
daf331eae8ac9df40c0e46b97e026bfb,S023,4
daf331eae8ac9df40c0e46b97e026bfb,S002,3
daf331eae8ac9df40c0e46b97e026bfb,S039,4
daf331eae8ac9df40c0e46b97e026bfb,S011,2
daf331eae8ac9df40c0e46b97e026bfb,S005,4
daf331eae8ac9df40c0e46b97e026bfb,S038,3
daf331eae8ac9df40c0e46b97e026bfb,S019,3
daf331eae8ac9df40c0e46b97e026bfb,S003,3
daf331eae8ac9df40c0e46b97e026bfb,S031,4
6044067883e05417d3068a05788b6c7d,S036,3
6044067883e05417d3068a05788b6c7d,S007,4
6044067883e05417d3068a05788b6c7d,S031,3
6044067883e05417d3068a05788b6c7d,S021,4
6044067883e05417d3068a05788b6c7d,S012,4
6044067883e05417d3068a05788b6c7d,S018,4
6044067883e05417d3068a05788b6c7d,S034,4
6044067883e05417d3068a05788b6c7d,S004,4
6044067883e05417d3068a05788b6c7d,S009,4
6044067883e05417d3068a05788b6c7d,S010,5
6044067883e05417d3068a05788b6c7d,S013,4
6044067883e05417d3068a05788b6c7d,S033,4
6044067883e05417d3068a05788b6c7d,S001,3
c828657243026c9d806050ec7ca11f35,S032,3
c828657243026c9d806050ec7ca11f35,S036,2
c828657243026c9d806050ec7ca11f35,S006,2
c828657243026c9d806050ec7ca11f35,S031,2
c828657243026c9d806050ec7ca11f35,S012,1
c828657243026c9d806050ec7ca11f35,S026,1
cd2a17b772ed0241421ff82f1015e4a8,S037,3
cd2a17b772ed0241421ff82f1015e4a8,S014,3
cd2a17b772ed0241421ff82f1015e4a8,S010,2
cd2a17b772ed0241421ff82f1015e4a8,S019,4
cd2a17b772ed0241421ff82f1015e4a8,S013,3
cd2a17b772ed0241421ff82f1015e4a8,S034,2
cd2a17b772ed0241421ff82f1015e4a8,S020,5
cd2a17b772ed0241421ff82f1015e4a8,S043,3
cd2a17b772ed0241421ff82f1015e4a8,S018,3
cd2a17b772ed0241421ff82f1015e4a8,S033,3
cd2a17b772ed0241421ff82f1015e4a8,S001,3
e5d3909c0ed95004de1facb8e4492c89,S038,5
e5d3909c0ed95004de1facb8e4492c89,S018,4
e5d3909c0ed95004de1facb8e4492c89,S023,4
e5d3909c0ed95004de1facb8e4492c89,S001,4
e5d3909c0ed95004de1facb8e4492c89,S022,5
e5d3909c0ed95004de1facb8e4492c89,S020,3
e5d3909c0ed95004de1facb8e4492c89,S036,4
e5d3909c0ed95004de1facb8e4492c89,S029,5
e5d3909c0ed95004de1facb8e4492c89,S014,4
e5d3909c0ed95004de1facb8e4492c89,S019,3
4f5566bb9d0665201ac3023a366a2499,S039,3
4f5566bb9d0665201ac3023a366a2499,S030,3
4f5566bb9d0665201ac3023a366a2499,S042,1
4f5566bb9d0665201ac3023a366a2499,S043,3
4f5566bb9d0665201ac3023a366a2499,S045,3
4f5566bb9d0665201ac3023a366a2499,S012,3
4f5566bb9d0665201ac3023a366a2499,S041,1
4f5566bb9d0665201ac3023a366a2499,S016,3
4f5566bb9d0665201ac3023a366a2499,S008,3
4f5566bb9d0665201ac3023a366a2499,S014,3
b9b670f2803b1d232e145764b6348be2,S007,3
b9b670f2803b1d232e145764b6348be2,S010,3
b9b670f2803b1d232e145764b6348be2,S003,2
b9b670f2803b1d232e145764b6348be2,S045,3
b9b670f2803b1d232e145764b6348be2,S006,3
b9b670f2803b1d232e145764b6348be2,S011,3
b9b670f2803b1d232e145764b6348be2,S032,3
b9b670f2803b1d232e145764b6348be2,S042,3
b9b670f2803b1d232e145764b6348be2,S029,2
b9b670f2803b1d232e145764b6348be2,S016,2
b9b670f2803b1d232e145764b6348be2,S026,5
c4ebf2f44d7246385aea65c843fb20ad,S030,3
c4ebf2f44d7246385aea65c843fb20ad,S033,4
c4ebf2f44d7246385aea65c843fb20ad,S006,4
c4ebf2f44d7246385aea65c843fb20ad,S025,3
c4ebf2f44d7246385aea65c843fb20ad,S005,5
c4ebf2f44d7246385aea65c843fb20ad,S017,4
c4ebf2f44d7246385aea65c843fb20ad,S010,4
c4ebf2f44d7246385aea65c843fb20ad,S039,4
c4ebf2f44d7246385aea65c843fb20ad,S024,4
c4ebf2f44d7246385aea65c843fb20ad,S032,4
c4ebf2f44d7246385aea65c843fb20ad,S040,5
c4ebf2f44d7246385aea65c843fb20ad,S020,3
c4ebf2f44d7246385aea65c843fb20ad,S011,4
707111281acb2d6900220b3847afc148,S026,2
707111281acb2d6900220b3847afc148,S024,3
707111281acb2d6900220b3847afc148,S015,1
707111281acb2d6900220b3847afc148,S041,2
707111281acb2d6900220b3847afc148,S014,3
707111281acb2d6900220b3847afc148,S043,4
707111281acb2d6900220b3847afc148,S001,2
707111281acb2d6900220b3847afc148,S005,2
707111281acb2d6900220b3847afc148,S019,4
707111281acb2d6900220b3847afc148,S035,3
5cb3e18ad6fb1ee574030b1828efd106,S007,5
5cb3e18ad6fb1ee574030b1828efd106,S028,5
5cb3e18ad6fb1ee574030b1828efd106,S035,4
5cb3e18ad6fb1ee574030b1828efd106,S018,4
5cb3e18ad6fb1ee574030b1828efd106,S002,4
5cb3e18ad6fb1ee574030b1828efd106,S006,5
5cb3e18ad6fb1ee574030b1828efd106,S043,4
5cb3e18ad6fb1ee574030b1828efd106,S010,4
5cb3e18ad6fb1ee574030b1828efd106,S005,5
5cb3e18ad6fb1ee574030b1828efd106,S023,4
5cb3e18ad6fb1ee574030b1828efd106,S033,5
5cb3e18ad6fb1ee574030b1828efd106,S044,5
5cb3e18ad6fb1ee574030b1828efd106,S004,5
5cb3e18ad6fb1ee574030b1828efd106,S001,5
6024bd2defc7de5376c316779c02e106,S017,1
6024bd2defc7de5376c316779c02e106,S011,1
6024bd2defc7de5376c316779c02e106,S025,1
6024bd2defc7de5376c316779c02e106,S003,1
6024bd2defc7de5376c316779c02e106,S015,3
6024bd2defc7de5376c316779c02e106,S034,2
6024bd2defc7de5376c316779c02e106,S002,1
6024bd2defc7de5376c316779c02e106,S009,3
fff23f3b1865be6bc042db3e227b0eee,S012,2
fff23f3b1865be6bc042db3e227b0eee,S011,3
fff23f3b1865be6bc042db3e227b0eee,S031,1
fff23f3b1865be6bc042db3e227b0eee,S016,2
fff23f3b1865be6bc042db3e227b0eee,S017,1
21bc1bda0cae1375afe80b337ff6b7ee,S005,4
21bc1bda0cae1375afe80b337ff6b7ee,S040,5
21bc1bda0cae1375afe80b337ff6b7ee,S008,4
21bc1bda0cae1375afe80b337ff6b7ee,S027,3
21bc1bda0cae1375afe80b337ff6b7ee,S012,3
21bc1bda0cae1375afe80b337ff6b7ee,S019,3
21bc1bda0cae1375afe80b337ff6b7ee,S016,4
21bc1bda0cae1375afe80b337ff6b7ee,S010,5
21bc1bda0cae1375afe80b337ff6b7ee,S007,2
21bc1bda0cae1375afe80b337ff6b7ee,S025,4
21bc1bda0cae1375afe80b337ff6b7ee,S002,3
21bc1bda0cae1375afe80b337ff6b7ee,S039,4
21bc1bda0cae1375afe80b337ff6b7ee,S011,3
21bc1bda0cae1375afe80b337ff6b7ee,S028,3
64a9a61c15950aef42f605c2cbca6d38,S031,1
64a9a61c15950aef42f605c2cbca6d38,S003,2
64a9a61c15950aef42f605c2cbca6d38,S028,1
64a9a61c15950aef42f605c2cbca6d38,S007,2
64a9a61c15950aef42f605c2cbca6d38,S044,2
64a9a61c15950aef42f605c2cbca6d38,S022,1
64a9a61c15950aef42f605c2cbca6d38,S016,2
3c2202bab9d59ad7f9d1baddb64598ec,S044,4
3c2202bab9d59ad7f9d1baddb64598ec,S028,5
3c2202bab9d59ad7f9d1baddb64598ec,S018,4
3c2202bab9d59ad7f9d1baddb64598ec,S014,4
3c2202bab9d59ad7f9d1baddb64598ec,S036,4
3c2202bab9d59ad7f9d1baddb64598ec,S019,5
3c2202bab9d59ad7f9d1baddb64598ec,S039,5
3c2202bab9d59ad7f9d1baddb64598ec,S007,4
3c2202bab9d59ad7f9d1baddb64598ec,S001,4
3c2202bab9d59ad7f9d1baddb64598ec,S030,5
3c2202bab9d59ad7f9d1baddb64598ec,S016,4
cd435d23dbf045f4c1d7d191ed7fb995,S042,3
cd435d23dbf045f4c1d7d191ed7fb995,S015,2
cd435d23dbf045f4c1d7d191ed7fb995,S019,2
cd435d23dbf045f4c1d7d191ed7fb995,S016,2
cd435d23dbf045f4c1d7d191ed7fb995,S002,2
cd435d23dbf045f4c1d7d191ed7fb995,S010,2
8a6701f6998cb179abe4bb2a940a2bb0,S019,5
8a6701f6998cb179abe4bb2a940a2bb0,S009,4
8a6701f6998cb179abe4bb2a940a2bb0,S031,4
8a6701f6998cb179abe4bb2a940a2bb0,S030,4
8a6701f6998cb179abe4bb2a940a2bb0,S035,5
8a6701f6998cb179abe4bb2a940a2bb0,S001,5
8a6701f6998cb179abe4bb2a940a2bb0,S036,5
8a6701f6998cb179abe4bb2a940a2bb0,S008,4
8a6701f6998cb179abe4bb2a940a2bb0,S018,4
8a6701f6998cb179abe4bb2a940a2bb0,S040,3
8a6701f6998cb179abe4bb2a940a2bb0,S027,4
cbcc96ef6c5255c36a774dd5fb293c3d,S035,2
cbcc96ef6c5255c36a774dd5fb293c3d,S018,2
cbcc96ef6c5255c36a774dd5fb293c3d,S005,1
cbcc96ef6c5255c36a774dd5fb293c3d,S006,1
cbcc96ef6c5255c36a774dd5fb293c3d,S013,1
cbcc96ef6c5255c36a774dd5fb293c3d,S024,2
cbcc96ef6c5255c36a774dd5fb293c3d,S039,2
68872234e4bd8abcc2e3fe5a152a7afc,S002,3
68872234e4bd8abcc2e3fe5a152a7afc,S022,3
68872234e4bd8abcc2e3fe5a152a7afc,S038,1
68872234e4bd8abcc2e3fe5a152a7afc,S020,4
68872234e4bd8abcc2e3fe5a152a7afc,S006,3
68872234e4bd8abcc2e3fe5a152a7afc,S010,3
68872234e4bd8abcc2e3fe5a152a7afc,S034,3
68872234e4bd8abcc2e3fe5a152a7afc,S033,3
68872234e4bd8abcc2e3fe5a152a7afc,S040,3
68872234e4bd8abcc2e3fe5a152a7afc,S017,2
68872234e4bd8abcc2e3fe5a152a7afc,S023,5
bb108bb8536e8a4cc40a2279e4637676,S018,2
bb108bb8536e8a4cc40a2279e4637676,S040,4
bb108bb8536e8a4cc40a2279e4637676,S031,4
bb108bb8536e8a4cc40a2279e4637676,S010,2
bb108bb8536e8a4cc40a2279e4637676,S012,1
bb108bb8536e8a4cc40a2279e4637676,S028,3
bb108bb8536e8a4cc40a2279e4637676,S027,1
55f22b4d205918a80eaf4ef889ec74c4,S036,2
55f22b4d205918a80eaf4ef889ec74c4,S007,1
55f22b4d205918a80eaf4ef889ec74c4,S043,2
55f22b4d205918a80eaf4ef889ec74c4,S045,1
55f22b4d205918a80eaf4ef889ec74c4,S031,3
55f22b4d205918a80eaf4ef889ec74c4,S012,3
40a432c939b07f1bb21d32c13da50813,S033,3
40a432c939b07f1bb21d32c13da50813,S027,3
40a432c939b07f1bb21d32c13da50813,S032,3
40a432c939b07f1bb21d32c13da50813,S045,2
40a432c939b07f1bb21d32c13da50813,S026,2
40a432c939b07f1bb21d32c13da50813,S005,2
40a432c939b07f1bb21d32c13da50813,S021,2
40a432c939b07f1bb21d32c13da50813,S008,1
40a432c939b07f1bb21d32c13da50813,S022,2
40a432c939b07f1bb21d32c13da50813,S039,3
2b3187b9e91fc5eaeeffd6f6a27368f0,S002,1
2b3187b9e91fc5eaeeffd6f6a27368f0,S025,2
2b3187b9e91fc5eaeeffd6f6a27368f0,S009,2
2b3187b9e91fc5eaeeffd6f6a27368f0,S016,1
2b3187b9e91fc5eaeeffd6f6a27368f0,S023,2
dd6896bf013f8ef2cbf18f7627d6da59,S033,3
dd6896bf013f8ef2cbf18f7627d6da59,S034,3
dd6896bf013f8ef2cbf18f7627d6da59,S010,2
dd6896bf013f8ef2cbf18f7627d6da59,S014,3
dd6896bf013f8ef2cbf18f7627d6da59,S019,2
dd6896bf013f8ef2cbf18f7627d6da59,S006,2
dd6896bf013f8ef2cbf18f7627d6da59,S008,3
dd6896bf013f8ef2cbf18f7627d6da59,S002,3
9c2ace1893426a3f6bcd3e799013a254,S025,3
9c2ace1893426a3f6bcd3e799013a254,S011,5
9c2ace1893426a3f6bcd3e799013a254,S019,4
9c2ace1893426a3f6bcd3e799013a254,S021,3
9c2ace1893426a3f6bcd3e799013a254,S026,5
9c2ace1893426a3f6bcd3e799013a254,S045,4
9c2ace1893426a3f6bcd3e799013a254,S037,4
9c2ace1893426a3f6bcd3e799013a254,S027,3
9c2ace1893426a3f6bcd3e799013a254,S028,4
9c2ace1893426a3f6bcd3e799013a254,S043,5
9c2ace1893426a3f6bcd3e799013a254,S012,5
9c2ace1893426a3f6bcd3e799013a254,S034,3
9c2ace1893426a3f6bcd3e799013a254,S015,4
9c2ace1893426a3f6bcd3e799013a254,S002,5
9c2ace1893426a3f6bcd3e799013a254,S007,5
54d880cb841c32a044a6c04ed45771d1,S027,1
54d880cb841c32a044a6c04ed45771d1,S030,2
54d880cb841c32a044a6c04ed45771d1,S036,1
54d880cb841c32a044a6c04ed45771d1,S022,2
54d880cb841c32a044a6c04ed45771d1,S014,2
54d880cb841c32a044a6c04ed45771d1,S039,1
7dcfb6f3751fdd42455672a44ca9da63,S018,4
7dcfb6f3751fdd42455672a44ca9da63,S029,5
7dcfb6f3751fdd42455672a44ca9da63,S038,4
7dcfb6f3751fdd42455672a44ca9da63,S042,4
7dcfb6f3751fdd42455672a44ca9da63,S003,5
7dcfb6f3751fdd42455672a44ca9da63,S044,3
7dcfb6f3751fdd42455672a44ca9da63,S031,2
7dcfb6f3751fdd42455672a44ca9da63,S009,4
7dcfb6f3751fdd42455672a44ca9da63,S016,5
7dcfb6f3751fdd42455672a44ca9da63,S039,4
2c79f2ab9b99d18e2b7563233ada5cec,S036,5
2c79f2ab9b99d18e2b7563233ada5cec,S020,5
2c79f2ab9b99d18e2b7563233ada5cec,S035,4
2c79f2ab9b99d18e2b7563233ada5cec,S002,4
2c79f2ab9b99d18e2b7563233ada5cec,S042,5
2c79f2ab9b99d18e2b7563233ada5cec,S005,4
2c79f2ab9b99d18e2b7563233ada5cec,S030,4
2c79f2ab9b99d18e2b7563233ada5cec,S012,5
2c79f2ab9b99d18e2b7563233ada5cec,S008,4
2c79f2ab9b99d18e2b7563233ada5cec,S003,3
2c79f2ab9b99d18e2b7563233ada5cec,S014,4
0ede933db0e4ea4bae67bb85552fd5e0,S022,4
0ede933db0e4ea4bae67bb85552fd5e0,S033,5
0ede933db0e4ea4bae67bb85552fd5e0,S041,5
0ede933db0e4ea4bae67bb85552fd5e0,S001,4
0ede933db0e4ea4bae67bb85552fd5e0,S013,3
0ede933db0e4ea4bae67bb85552fd5e0,S017,4
0ede933db0e4ea4bae67bb85552fd5e0,S012,5
0ede933db0e4ea4bae67bb85552fd5e0,S021,3
0ede933db0e4ea4bae67bb85552fd5e0,S024,4
0ede933db0e4ea4bae67bb85552fd5e0,S004,3
1d4a3895c2ad7d89522bd9351e961350,S042,2
1d4a3895c2ad7d89522bd9351e961350,S025,2
1d4a3895c2ad7d89522bd9351e961350,S005,2
1d4a3895c2ad7d89522bd9351e961350,S035,1
1d4a3895c2ad7d89522bd9351e961350,S004,1
1d4a3895c2ad7d89522bd9351e961350,S044,1
1d4a3895c2ad7d89522bd9351e961350,S039,1
caa035940d35b055c1663f298fb3533f,S003,3
caa035940d35b055c1663f298fb3533f,S024,3
caa035940d35b055c1663f298fb3533f,S038,4
caa035940d35b055c1663f298fb3533f,S002,3
caa035940d35b055c1663f298fb3533f,S035,2
caa035940d35b055c1663f298fb3533f,S030,2
caa035940d35b055c1663f298fb3533f,S011,4
caa035940d35b055c1663f298fb3533f,S009,3
caa035940d35b055c1663f298fb3533f,S010,4
be3153f4f610d21c7ad87772b5f0df35,S029,2
be3153f4f610d21c7ad87772b5f0df35,S045,4
be3153f4f610d21c7ad87772b5f0df35,S030,4
be3153f4f610d21c7ad87772b5f0df35,S002,5
be3153f4f610d21c7ad87772b5f0df35,S033,4
be3153f4f610d21c7ad87772b5f0df35,S007,5
be3153f4f610d21c7ad87772b5f0df35,S035,4
be3153f4f610d21c7ad87772b5f0df35,S004,4
be3153f4f610d21c7ad87772b5f0df35,S021,4
be3153f4f610d21c7ad87772b5f0df35,S044,4
73e40193b499110db9304374bba4de93,S037,4
73e40193b499110db9304374bba4de93,S030,5
73e40193b499110db9304374bba4de93,S029,3
73e40193b499110db9304374bba4de93,S033,5
73e40193b499110db9304374bba4de93,S034,3
73e40193b499110db9304374bba4de93,S045,3
73e40193b499110db9304374bba4de93,S021,4
73e40193b499110db9304374bba4de93,S013,3
73e40193b499110db9304374bba4de93,S002,2
73e40193b499110db9304374bba4de93,S023,2
bf2c8b889dc1ba8a645f512e9d7a1734,S012,4
bf2c8b889dc1ba8a645f512e9d7a1734,S031,5
bf2c8b889dc1ba8a645f512e9d7a1734,S024,4
bf2c8b889dc1ba8a645f512e9d7a1734,S015,3
bf2c8b889dc1ba8a645f512e9d7a1734,S033,4
bf2c8b889dc1ba8a645f512e9d7a1734,S044,4
bf2c8b889dc1ba8a645f512e9d7a1734,S042,4
bf2c8b889dc1ba8a645f512e9d7a1734,S006,4
bf2c8b889dc1ba8a645f512e9d7a1734,S004,5
bf2c8b889dc1ba8a645f512e9d7a1734,S008,4
bf2c8b889dc1ba8a645f512e9d7a1734,S020,4
a4f26e933db37897ddd7a51844cb9263,S032,1
a4f26e933db37897ddd7a51844cb9263,S037,2
a4f26e933db37897ddd7a51844cb9263,S023,2
a4f26e933db37897ddd7a51844cb9263,S045,2
a4f26e933db37897ddd7a51844cb9263,S038,4
a4f26e933db37897ddd7a51844cb9263,S022,2
cb4e506feb4fa07c543198edb32cc466,S023,2
cb4e506feb4fa07c543198edb32cc466,S025,3
cb4e506feb4fa07c543198edb32cc466,S018,5
cb4e506feb4fa07c543198edb32cc466,S034,4
cb4e506feb4fa07c543198edb32cc466,S013,4
cb4e506feb4fa07c543198edb32cc466,S029,4
cb4e506feb4fa07c543198edb32cc466,S035,5
cb4e506feb4fa07c543198edb32cc466,S026,5
cb4e506feb4fa07c543198edb32cc466,S038,4
cb4e506feb4fa07c543198edb32cc466,S043,3
cb4e506feb4fa07c543198edb32cc466,S012,4
d3a6ce32b9b0b847365e172cb3131019,S041,5
d3a6ce32b9b0b847365e172cb3131019,S006,4
d3a6ce32b9b0b847365e172cb3131019,S037,5
d3a6ce32b9b0b847365e172cb3131019,S021,4
d3a6ce32b9b0b847365e172cb3131019,S023,5
d3a6ce32b9b0b847365e172cb3131019,S019,3
d3a6ce32b9b0b847365e172cb3131019,S025,3
d3a6ce32b9b0b847365e172cb3131019,S020,4
d3a6ce32b9b0b847365e172cb3131019,S043,3
d3a6ce32b9b0b847365e172cb3131019,S010,3
d3a6ce32b9b0b847365e172cb3131019,S027,4
d3a6ce32b9b0b847365e172cb3131019,S002,4
d3a6ce32b9b0b847365e172cb3131019,S015,5
d3a6ce32b9b0b847365e172cb3131019,S017,5
58a5a5779f5a2c0fbee4fcf5a6315a39,S001,2
58a5a5779f5a2c0fbee4fcf5a6315a39,S040,3
58a5a5779f5a2c0fbee4fcf5a6315a39,S044,2
58a5a5779f5a2c0fbee4fcf5a6315a39,S038,2
58a5a5779f5a2c0fbee4fcf5a6315a39,S034,3
74dceb8a604627135c6f5da4a215ac47,S037,4
74dceb8a604627135c6f5da4a215ac47,S022,5
74dceb8a604627135c6f5da4a215ac47,S009,5
74dceb8a604627135c6f5da4a215ac47,S008,5
74dceb8a604627135c6f5da4a215ac47,S038,3
74dceb8a604627135c6f5da4a215ac47,S026,4
74dceb8a604627135c6f5da4a215ac47,S028,4
74dceb8a604627135c6f5da4a215ac47,S039,3
74dceb8a604627135c6f5da4a215ac47,S025,4
74dceb8a604627135c6f5da4a215ac47,S017,5
74dceb8a604627135c6f5da4a215ac47,S005,4
74dceb8a604627135c6f5da4a215ac47,S004,3
74dceb8a604627135c6f5da4a215ac47,S045,4
d328843ed2f85e1663c45866f3cfd97d,S002,5
d328843ed2f85e1663c45866f3cfd97d,S039,3
d328843ed2f85e1663c45866f3cfd97d,S043,3
d328843ed2f85e1663c45866f3cfd97d,S021,4
d328843ed2f85e1663c45866f3cfd97d,S042,5
d328843ed2f85e1663c45866f3cfd97d,S009,2
d328843ed2f85e1663c45866f3cfd97d,S037,4
d328843ed2f85e1663c45866f3cfd97d,S014,5
d328843ed2f85e1663c45866f3cfd97d,S017,3
d328843ed2f85e1663c45866f3cfd97d,S027,4
d328843ed2f85e1663c45866f3cfd97d,S022,4
8fb587ae629fcdede4efb6005e1fc6e6,S024,1
8fb587ae629fcdede4efb6005e1fc6e6,S023,3
8fb587ae629fcdede4efb6005e1fc6e6,S044,1
8fb587ae629fcdede4efb6005e1fc6e6,S001,2
8fb587ae629fcdede4efb6005e1fc6e6,S020,2
8fb587ae629fcdede4efb6005e1fc6e6,S038,1
8fb587ae629fcdede4efb6005e1fc6e6,S010,2
de786798cd2ada4e677519f7e71dec9a,S034,2
de786798cd2ada4e677519f7e71dec9a,S008,3
de786798cd2ada4e677519f7e71dec9a,S003,2
de786798cd2ada4e677519f7e71dec9a,S020,2
de786798cd2ada4e677519f7e71dec9a,S001,2
ed02a5d7ef002a41e8224adb9e72a040,S019,2
ed02a5d7ef002a41e8224adb9e72a040,S004,3
ed02a5d7ef002a41e8224adb9e72a040,S006,3
ed02a5d7ef002a41e8224adb9e72a040,S014,3
ed02a5d7ef002a41e8224adb9e72a040,S031,3
ed02a5d7ef002a41e8224adb9e72a040,S018,2
ed02a5d7ef002a41e8224adb9e72a040,S041,4
ed02a5d7ef002a41e8224adb9e72a040,S021,3
ed02a5d7ef002a41e8224adb9e72a040,S036,3
dc9d59f0b6b10a82fd8d2b8d345199fd,S033,2
dc9d59f0b6b10a82fd8d2b8d345199fd,S002,2
dc9d59f0b6b10a82fd8d2b8d345199fd,S043,4
dc9d59f0b6b10a82fd8d2b8d345199fd,S039,5
dc9d59f0b6b10a82fd8d2b8d345199fd,S041,4
dc9d59f0b6b10a82fd8d2b8d345199fd,S015,3
dc9d59f0b6b10a82fd8d2b8d345199fd,S005,5
dc9d59f0b6b10a82fd8d2b8d345199fd,S014,5
dc9d59f0b6b10a82fd8d2b8d345199fd,S020,3
dc9d59f0b6b10a82fd8d2b8d345199fd,S034,4
dc9d59f0b6b10a82fd8d2b8d345199fd,S025,4
dc9d59f0b6b10a82fd8d2b8d345199fd,S023,4
46ffbf0dbbb734a795570a69872e772c,S043,4
46ffbf0dbbb734a795570a69872e772c,S026,4
46ffbf0dbbb734a795570a69872e772c,S001,3
46ffbf0dbbb734a795570a69872e772c,S036,3
46ffbf0dbbb734a795570a69872e772c,S007,3
46ffbf0dbbb734a795570a69872e772c,S012,5
46ffbf0dbbb734a795570a69872e772c,S002,3
46ffbf0dbbb734a795570a69872e772c,S028,3
46ffbf0dbbb734a795570a69872e772c,S005,3
7fd2d4b2168197f5e9ad46c2d4c71adc,S030,4
7fd2d4b2168197f5e9ad46c2d4c71adc,S032,3
7fd2d4b2168197f5e9ad46c2d4c71adc,S022,5
7fd2d4b2168197f5e9ad46c2d4c71adc,S010,3
7fd2d4b2168197f5e9ad46c2d4c71adc,S033,5
7fd2d4b2168197f5e9ad46c2d4c71adc,S038,4
7fd2d4b2168197f5e9ad46c2d4c71adc,S015,3
7fd2d4b2168197f5e9ad46c2d4c71adc,S036,5
7fd2d4b2168197f5e9ad46c2d4c71adc,S005,4
7fd2d4b2168197f5e9ad46c2d4c71adc,S007,5
7fd2d4b2168197f5e9ad46c2d4c71adc,S012,4
7fd2d4b2168197f5e9ad46c2d4c71adc,S042,3
7fd2d4b2168197f5e9ad46c2d4c71adc,S039,3
ec3a6319a1f06a9a8aabb8ebf57f591a,S019,3
ec3a6319a1f06a9a8aabb8ebf57f591a,S005,3
ec3a6319a1f06a9a8aabb8ebf57f591a,S017,4
ec3a6319a1f06a9a8aabb8ebf57f591a,S044,5
ec3a6319a1f06a9a8aabb8ebf57f591a,S016,5
ec3a6319a1f06a9a8aabb8ebf57f591a,S001,4
ec3a6319a1f06a9a8aabb8ebf57f591a,S024,3
ec3a6319a1f06a9a8aabb8ebf57f591a,S041,3
ec3a6319a1f06a9a8aabb8ebf57f591a,S011,3
ec3a6319a1f06a9a8aabb8ebf57f591a,S014,4
ec3a6319a1f06a9a8aabb8ebf57f591a,S026,4
ec3a6319a1f06a9a8aabb8ebf57f591a,S033,4
ec3a6319a1f06a9a8aabb8ebf57f591a,S023,3
27c12b9fb19117ae4206f1747166d288,S032,2
27c12b9fb19117ae4206f1747166d288,S022,2
27c12b9fb19117ae4206f1747166d288,S036,3
27c12b9fb19117ae4206f1747166d288,S027,2
27c12b9fb19117ae4206f1747166d288,S026,4
27c12b9fb19117ae4206f1747166d288,S018,2
27c12b9fb19117ae4206f1747166d288,S024,3
27c12b9fb19117ae4206f1747166d288,S025,3
27c12b9fb19117ae4206f1747166d288,S044,2
3c4bac47c7cb90a2c15e1602ae4febc8,S003,5
3c4bac47c7cb90a2c15e1602ae4febc8,S017,5
3c4bac47c7cb90a2c15e1602ae4febc8,S025,4
3c4bac47c7cb90a2c15e1602ae4febc8,S039,4
3c4bac47c7cb90a2c15e1602ae4febc8,S024,3
3c4bac47c7cb90a2c15e1602ae4febc8,S018,3
3c4bac47c7cb90a2c15e1602ae4febc8,S032,5
3c4bac47c7cb90a2c15e1602ae4febc8,S007,4
3c4bac47c7cb90a2c15e1602ae4febc8,S008,5
3c4bac47c7cb90a2c15e1602ae4febc8,S030,3
3c4bac47c7cb90a2c15e1602ae4febc8,S044,4
3c4bac47c7cb90a2c15e1602ae4febc8,S033,5
3c4bac47c7cb90a2c15e1602ae4febc8,S042,4
6d4ad7b496fea80e54eddd1424259770,S002,4
6d4ad7b496fea80e54eddd1424259770,S022,5
6d4ad7b496fea80e54eddd1424259770,S032,4
6d4ad7b496fea80e54eddd1424259770,S044,4
6d4ad7b496fea80e54eddd1424259770,S004,4
6d4ad7b496fea80e54eddd1424259770,S021,3
6d4ad7b496fea80e54eddd1424259770,S001,4
6d4ad7b496fea80e54eddd1424259770,S017,3
6d4ad7b496fea80e54eddd1424259770,S023,3
6d4ad7b496fea80e54eddd1424259770,S007,4
6d4ad7b496fea80e54eddd1424259770,S011,5
d3a93f3e5fc3797fdf2db7efb12d617a,S039,1
d3a93f3e5fc3797fdf2db7efb12d617a,S010,1
d3a93f3e5fc3797fdf2db7efb12d617a,S001,3
d3a93f3e5fc3797fdf2db7efb12d617a,S014,2
d3a93f3e5fc3797fdf2db7efb12d617a,S043,1
d3a93f3e5fc3797fdf2db7efb12d617a,S026,1
5ae7006bc3266b9b2ea9a0587f613cb1,S039,5
5ae7006bc3266b9b2ea9a0587f613cb1,S022,4
5ae7006bc3266b9b2ea9a0587f613cb1,S031,5
5ae7006bc3266b9b2ea9a0587f613cb1,S008,3
5ae7006bc3266b9b2ea9a0587f613cb1,S043,4
5ae7006bc3266b9b2ea9a0587f613cb1,S024,4
5ae7006bc3266b9b2ea9a0587f613cb1,S027,5
5ae7006bc3266b9b2ea9a0587f613cb1,S003,3
5ae7006bc3266b9b2ea9a0587f613cb1,S018,5
5ae7006bc3266b9b2ea9a0587f613cb1,S025,3
5ae7006bc3266b9b2ea9a0587f613cb1,S036,5
5ae7006bc3266b9b2ea9a0587f613cb1,S033,3
b455528e4fb8aba113fd96aa543168ca,S028,2
b455528e4fb8aba113fd96aa543168ca,S014,1
b455528e4fb8aba113fd96aa543168ca,S001,3
b455528e4fb8aba113fd96aa543168ca,S012,1
b455528e4fb8aba113fd96aa543168ca,S005,2
72640ccceee0d28aa61456b007bddfd6,S044,3
72640ccceee0d28aa61456b007bddfd6,S024,5
72640ccceee0d28aa61456b007bddfd6,S022,4
72640ccceee0d28aa61456b007bddfd6,S040,5
72640ccceee0d28aa61456b007bddfd6,S017,3
72640ccceee0d28aa61456b007bddfd6,S001,5
72640ccceee0d28aa61456b007bddfd6,S039,5
72640ccceee0d28aa61456b007bddfd6,S002,4
72640ccceee0d28aa61456b007bddfd6,S041,5
72640ccceee0d28aa61456b007bddfd6,S045,4
72640ccceee0d28aa61456b007bddfd6,S023,5
be6741985f3f87af977a4c629513b3b5,S026,3
be6741985f3f87af977a4c629513b3b5,S001,5
be6741985f3f87af977a4c629513b3b5,S022,4
be6741985f3f87af977a4c629513b3b5,S038,4
be6741985f3f87af977a4c629513b3b5,S002,3
be6741985f3f87af977a4c629513b3b5,S013,2
be6741985f3f87af977a4c629513b3b5,S025,3
be6741985f3f87af977a4c629513b3b5,S006,4
be6741985f3f87af977a4c629513b3b5,S011,4
be6741985f3f87af977a4c629513b3b5,S024,5
be6741985f3f87af977a4c629513b3b5,S027,4
be6741985f3f87af977a4c629513b3b5,S042,3
be6741985f3f87af977a4c629513b3b5,S037,3
f6ea2b4e07fcfbbc09d8e4cdc1218d94,S026,4
f6ea2b4e07fcfbbc09d8e4cdc1218d94,S036,3
f6ea2b4e07fcfbbc09d8e4cdc1218d94,S010,2
f6ea2b4e07fcfbbc09d8e4cdc1218d94,S030,4
f6ea2b4e07fcfbbc09d8e4cdc1218d94,S008,3
f6ea2b4e07fcfbbc09d8e4cdc1218d94,S003,3
f6ea2b4e07fcfbbc09d8e4cdc1218d94,S033,3
f6ea2b4e07fcfbbc09d8e4cdc1218d94,S005,2
f6ea2b4e07fcfbbc09d8e4cdc1218d94,S031,3
740291fa1f15aaf4165fde3ec82ab007,S017,2
740291fa1f15aaf4165fde3ec82ab007,S004,2
740291fa1f15aaf4165fde3ec82ab007,S005,2
740291fa1f15aaf4165fde3ec82ab007,S013,3
740291fa1f15aaf4165fde3ec82ab007,S029,4
740291fa1f15aaf4165fde3ec82ab007,S031,1
740291fa1f15aaf4165fde3ec82ab007,S009,4
740291fa1f15aaf4165fde3ec82ab007,S002,3
740291fa1f15aaf4165fde3ec82ab007,S011,2
2c96f8a540801333703f10fa81f1ed64,S012,3
2c96f8a540801333703f10fa81f1ed64,S024,3
2c96f8a540801333703f10fa81f1ed64,S006,4
2c96f8a540801333703f10fa81f1ed64,S040,2
2c96f8a540801333703f10fa81f1ed64,S011,2
2c96f8a540801333703f10fa81f1ed64,S038,4
2c96f8a540801333703f10fa81f1ed64,S031,4
2c96f8a540801333703f10fa81f1ed64,S039,3
2c96f8a540801333703f10fa81f1ed64,S028,3
2c96f8a540801333703f10fa81f1ed64,S002,2
2c96f8a540801333703f10fa81f1ed64,S025,3
59f462394628d8ac102336c55c7089c2,S019,4
59f462394628d8ac102336c55c7089c2,S010,2
59f462394628d8ac102336c55c7089c2,S011,4
59f462394628d8ac102336c55c7089c2,S009,4
59f462394628d8ac102336c55c7089c2,S004,3
59f462394628d8ac102336c55c7089c2,S017,3
59f462394628d8ac102336c55c7089c2,S037,4
59f462394628d8ac102336c55c7089c2,S031,2
59f462394628d8ac102336c55c7089c2,S021,4
59f462394628d8ac102336c55c7089c2,S007,3
a5704c5c6814ed967e1d9bcf45d274be,S020,3
a5704c5c6814ed967e1d9bcf45d274be,S007,3
a5704c5c6814ed967e1d9bcf45d274be,S013,5
a5704c5c6814ed967e1d9bcf45d274be,S023,4
a5704c5c6814ed967e1d9bcf45d274be,S044,3
a5704c5c6814ed967e1d9bcf45d274be,S033,5
a5704c5c6814ed967e1d9bcf45d274be,S040,5
a5704c5c6814ed967e1d9bcf45d274be,S006,3
a5704c5c6814ed967e1d9bcf45d274be,S012,5
a5704c5c6814ed967e1d9bcf45d274be,S014,4
a5704c5c6814ed967e1d9bcf45d274be,S010,3
a5704c5c6814ed967e1d9bcf45d274be,S026,3
a5704c5c6814ed967e1d9bcf45d274be,S024,4
d5439f77483d6409f3eac2fdbdc2f0de,S041,3
d5439f77483d6409f3eac2fdbdc2f0de,S025,2
d5439f77483d6409f3eac2fdbdc2f0de,S037,3
d5439f77483d6409f3eac2fdbdc2f0de,S029,3
d5439f77483d6409f3eac2fdbdc2f0de,S039,4
d5439f77483d6409f3eac2fdbdc2f0de,S005,3
d5439f77483d6409f3eac2fdbdc2f0de,S014,2
d5439f77483d6409f3eac2fdbdc2f0de,S007,3
d5439f77483d6409f3eac2fdbdc2f0de,S019,3
d5439f77483d6409f3eac2fdbdc2f0de,S038,3
d5439f77483d6409f3eac2fdbdc2f0de,S016,3
d5439f77483d6409f3eac2fdbdc2f0de,S004,2
bba857ef878645bb90a550bbb04c29a4,S044,3
bba857ef878645bb90a550bbb04c29a4,S010,3
bba857ef878645bb90a550bbb04c29a4,S025,3
bba857ef878645bb90a550bbb04c29a4,S008,3
bba857ef878645bb90a550bbb04c29a4,S018,2
bba857ef878645bb90a550bbb04c29a4,S006,3
bba857ef878645bb90a550bbb04c29a4,S043,3
bba857ef878645bb90a550bbb04c29a4,S035,3
bba857ef878645bb90a550bbb04c29a4,S039,4
80d3b9f17bf606304a228776709aa884,S009,3
80d3b9f17bf606304a228776709aa884,S044,2
80d3b9f17bf606304a228776709aa884,S040,2
80d3b9f17bf606304a228776709aa884,S024,4
80d3b9f17bf606304a228776709aa884,S035,2
80d3b9f17bf606304a228776709aa884,S030,2
80d3b9f17bf606304a228776709aa884,S014,3
80d3b9f17bf606304a228776709aa884,S007,2
80d3b9f17bf606304a228776709aa884,S031,3
4c80c607723ee331b60714a0e563ff5c,S031,2
4c80c607723ee331b60714a0e563ff5c,S034,2
4c80c607723ee331b60714a0e563ff5c,S009,1
4c80c607723ee331b60714a0e563ff5c,S008,2
4c80c607723ee331b60714a0e563ff5c,S016,3
4c80c607723ee331b60714a0e563ff5c,S010,1
4c80c607723ee331b60714a0e563ff5c,S002,3
4c80c607723ee331b60714a0e563ff5c,S004,2
c069056a40258108dd8c120f6d819a02,S001,2
c069056a40258108dd8c120f6d819a02,S027,2
c069056a40258108dd8c120f6d819a02,S014,2
c069056a40258108dd8c120f6d819a02,S039,4
c069056a40258108dd8c120f6d819a02,S013,3
c069056a40258108dd8c120f6d819a02,S045,4
c069056a40258108dd8c120f6d819a02,S020,3
c069056a40258108dd8c120f6d819a02,S030,2
c069056a40258108dd8c120f6d819a02,S016,3
c069056a40258108dd8c120f6d819a02,S002,4
411a1b8eb3181a58ba78ce1f379a5a32,S035,3
411a1b8eb3181a58ba78ce1f379a5a32,S015,5
411a1b8eb3181a58ba78ce1f379a5a32,S032,5
411a1b8eb3181a58ba78ce1f379a5a32,S006,4
411a1b8eb3181a58ba78ce1f379a5a32,S044,4
411a1b8eb3181a58ba78ce1f379a5a32,S026,4
411a1b8eb3181a58ba78ce1f379a5a32,S027,3
411a1b8eb3181a58ba78ce1f379a5a32,S011,5
411a1b8eb3181a58ba78ce1f379a5a32,S030,5
411a1b8eb3181a58ba78ce1f379a5a32,S001,4
411a1b8eb3181a58ba78ce1f379a5a32,S037,5
411a1b8eb3181a58ba78ce1f379a5a32,S033,4
411a1b8eb3181a58ba78ce1f379a5a32,S039,5
411a1b8eb3181a58ba78ce1f379a5a32,S042,5
411a1b8eb3181a58ba78ce1f379a5a32,S012,3
9e26d5f1f9dabdfd22171db819a45b48,S023,2
9e26d5f1f9dabdfd22171db819a45b48,S002,1
9e26d5f1f9dabdfd22171db819a45b48,S017,1
9e26d5f1f9dabdfd22171db819a45b48,S001,1
9e26d5f1f9dabdfd22171db819a45b48,S005,2
9e26d5f1f9dabdfd22171db819a45b48,S010,3
9e26d5f1f9dabdfd22171db819a45b48,S041,2
a97e17b02846930f310624b4e7e3bd93,S011,4
a97e17b02846930f310624b4e7e3bd93,S042,4
a97e17b02846930f310624b4e7e3bd93,S006,4
a97e17b02846930f310624b4e7e3bd93,S041,4
a97e17b02846930f310624b4e7e3bd93,S045,4
a97e17b02846930f310624b4e7e3bd93,S038,4
a97e17b02846930f310624b4e7e3bd93,S019,4
a97e17b02846930f310624b4e7e3bd93,S024,3
a97e17b02846930f310624b4e7e3bd93,S022,4
a97e17b02846930f310624b4e7e3bd93,S036,4
a97e17b02846930f310624b4e7e3bd93,S017,4
a97e17b02846930f310624b4e7e3bd93,S009,3
a97e17b02846930f310624b4e7e3bd93,S014,4
cd48d713b63b7aee30da53769eb1393d,S019,2
cd48d713b63b7aee30da53769eb1393d,S039,3
cd48d713b63b7aee30da53769eb1393d,S043,3
cd48d713b63b7aee30da53769eb1393d,S029,3
cd48d713b63b7aee30da53769eb1393d,S004,2
cd48d713b63b7aee30da53769eb1393d,S034,3
cd48d713b63b7aee30da53769eb1393d,S003,2
cd48d713b63b7aee30da53769eb1393d,S036,1
cd48d713b63b7aee30da53769eb1393d,S010,4
f2276f9bb236a7674277c380497f7f2a,S012,4
f2276f9bb236a7674277c380497f7f2a,S031,3
f2276f9bb236a7674277c380497f7f2a,S014,3
f2276f9bb236a7674277c380497f7f2a,S027,4
f2276f9bb236a7674277c380497f7f2a,S044,3
f2276f9bb236a7674277c380497f7f2a,S007,3
f2276f9bb236a7674277c380497f7f2a,S034,3
f2276f9bb236a7674277c380497f7f2a,S035,5
f2276f9bb236a7674277c380497f7f2a,S038,3
f2276f9bb236a7674277c380497f7f2a,S036,4
f2276f9bb236a7674277c380497f7f2a,S039,5
f2276f9bb236a7674277c380497f7f2a,S023,4
f2276f9bb236a7674277c380497f7f2a,S032,5
f2276f9bb236a7674277c380497f7f2a,S005,4
f2276f9bb236a7674277c380497f7f2a,S019,5
f86dd39572fedaf5ba4472816f977300,S040,2
f86dd39572fedaf5ba4472816f977300,S039,2
f86dd39572fedaf5ba4472816f977300,S026,3
f86dd39572fedaf5ba4472816f977300,S007,3
f86dd39572fedaf5ba4472816f977300,S014,3
f86dd39572fedaf5ba4472816f977300,S002,3
f86dd39572fedaf5ba4472816f977300,S043,3
f86dd39572fedaf5ba4472816f977300,S015,4
9c97ccdb154db7dedc007b3488f641ae,S039,4
9c97ccdb154db7dedc007b3488f641ae,S041,4
9c97ccdb154db7dedc007b3488f641ae,S012,5
9c97ccdb154db7dedc007b3488f641ae,S001,4
9c97ccdb154db7dedc007b3488f641ae,S032,4
9c97ccdb154db7dedc007b3488f641ae,S002,3
9c97ccdb154db7dedc007b3488f641ae,S028,3
9c97ccdb154db7dedc007b3488f641ae,S014,3
9c97ccdb154db7dedc007b3488f641ae,S003,5
9c97ccdb154db7dedc007b3488f641ae,S009,5
9c97ccdb154db7dedc007b3488f641ae,S045,4
9c97ccdb154db7dedc007b3488f641ae,S030,3
9c97ccdb154db7dedc007b3488f641ae,S004,4
9c97ccdb154db7dedc007b3488f641ae,S015,5
b4724e852d047e89f0c427f1c902b26d,S037,5
b4724e852d047e89f0c427f1c902b26d,S025,3
b4724e852d047e89f0c427f1c902b26d,S021,4
b4724e852d047e89f0c427f1c902b26d,S043,4
b4724e852d047e89f0c427f1c902b26d,S017,4
b4724e852d047e89f0c427f1c902b26d,S040,5
b4724e852d047e89f0c427f1c902b26d,S002,4
b4724e852d047e89f0c427f1c902b26d,S039,5
b4724e852d047e89f0c427f1c902b26d,S034,5
b4724e852d047e89f0c427f1c902b26d,S013,4
b4724e852d047e89f0c427f1c902b26d,S018,5
b4724e852d047e89f0c427f1c902b26d,S016,3
b4724e852d047e89f0c427f1c902b26d,S036,5
b4724e852d047e89f0c427f1c902b26d,S045,5
c1623c914934460c07beed06b03e7ed4,S042,3
c1623c914934460c07beed06b03e7ed4,S040,4
c1623c914934460c07beed06b03e7ed4,S029,4
c1623c914934460c07beed06b03e7ed4,S006,3
c1623c914934460c07beed06b03e7ed4,S037,2
c1623c914934460c07beed06b03e7ed4,S015,3
c1623c914934460c07beed06b03e7ed4,S039,3
c1623c914934460c07beed06b03e7ed4,S045,3
c46eb8bd7bd268e115ba8f73cfc0c728,S013,3
c46eb8bd7bd268e115ba8f73cfc0c728,S008,1
c46eb8bd7bd268e115ba8f73cfc0c728,S020,3
c46eb8bd7bd268e115ba8f73cfc0c728,S009,3
c46eb8bd7bd268e115ba8f73cfc0c728,S001,2
c46eb8bd7bd268e115ba8f73cfc0c728,S023,3
c46eb8bd7bd268e115ba8f73cfc0c728,S014,3
c46eb8bd7bd268e115ba8f73cfc0c728,S039,3
2a452949032556dd8a2c8ea0460060cd,S009,3
2a452949032556dd8a2c8ea0460060cd,S006,4
2a452949032556dd8a2c8ea0460060cd,S033,5
2a452949032556dd8a2c8ea0460060cd,S043,4
2a452949032556dd8a2c8ea0460060cd,S008,3
2a452949032556dd8a2c8ea0460060cd,S023,4
2a452949032556dd8a2c8ea0460060cd,S037,3
2a452949032556dd8a2c8ea0460060cd,S019,3
2a452949032556dd8a2c8ea0460060cd,S027,4
2a452949032556dd8a2c8ea0460060cd,S017,3
2501695389399ea193f7e16ac239603c,S009,3
2501695389399ea193f7e16ac239603c,S026,3
2501695389399ea193f7e16ac239603c,S003,4
2501695389399ea193f7e16ac239603c,S040,3
2501695389399ea193f7e16ac239603c,S012,3
2501695389399ea193f7e16ac239603c,S007,4
2501695389399ea193f7e16ac239603c,S034,4
2501695389399ea193f7e16ac239603c,S008,5
2501695389399ea193f7e16ac239603c,S020,3
2501695389399ea193f7e16ac239603c,S023,3
2501695389399ea193f7e16ac239603c,S004,3
2501695389399ea193f7e16ac239603c,S035,3
d08e650c238a97cc393c78c776ed3aa5,S036,2
d08e650c238a97cc393c78c776ed3aa5,S019,1
d08e650c238a97cc393c78c776ed3aa5,S001,1
d08e650c238a97cc393c78c776ed3aa5,S002,1
d08e650c238a97cc393c78c776ed3aa5,S013,1
5e662238956186bd51680291ed495586,S045,4
5e662238956186bd51680291ed495586,S016,2
5e662238956186bd51680291ed495586,S021,2
5e662238956186bd51680291ed495586,S002,4
5e662238956186bd51680291ed495586,S030,3
5e662238956186bd51680291ed495586,S012,3
5e662238956186bd51680291ed495586,S036,3
5e662238956186bd51680291ed495586,S025,3
5e662238956186bd51680291ed495586,S044,3
a6fa1868ffb16ab44349e65f9a3a5ae2,S032,3
a6fa1868ffb16ab44349e65f9a3a5ae2,S014,4
a6fa1868ffb16ab44349e65f9a3a5ae2,S013,4
a6fa1868ffb16ab44349e65f9a3a5ae2,S021,4
a6fa1868ffb16ab44349e65f9a3a5ae2,S033,4
a6fa1868ffb16ab44349e65f9a3a5ae2,S010,5
a6fa1868ffb16ab44349e65f9a3a5ae2,S015,4
a6fa1868ffb16ab44349e65f9a3a5ae2,S037,3
a6fa1868ffb16ab44349e65f9a3a5ae2,S041,4
a6fa1868ffb16ab44349e65f9a3a5ae2,S026,4
a6fa1868ffb16ab44349e65f9a3a5ae2,S022,3
a6fa1868ffb16ab44349e65f9a3a5ae2,S005,5
a6fa1868ffb16ab44349e65f9a3a5ae2,S027,5
1ffe5532f83cebf3415d14d8165c12c0,S003,4
1ffe5532f83cebf3415d14d8165c12c0,S012,2
1ffe5532f83cebf3415d14d8165c12c0,S031,4
1ffe5532f83cebf3415d14d8165c12c0,S004,3
1ffe5532f83cebf3415d14d8165c12c0,S016,3
1ffe5532f83cebf3415d14d8165c12c0,S035,2
1ffe5532f83cebf3415d14d8165c12c0,S007,4
1ffe5532f83cebf3415d14d8165c12c0,S020,3
1ffe5532f83cebf3415d14d8165c12c0,S026,4
1ffe5532f83cebf3415d14d8165c12c0,S009,3
16a0a2524cf00a7bd6e3962793527e35,S009,2
16a0a2524cf00a7bd6e3962793527e35,S011,1
16a0a2524cf00a7bd6e3962793527e35,S027,3
16a0a2524cf00a7bd6e3962793527e35,S036,2
16a0a2524cf00a7bd6e3962793527e35,S005,2
16a0a2524cf00a7bd6e3962793527e35,S016,1
16a0a2524cf00a7bd6e3962793527e35,S026,2
a3a8b99ff2491e3e8b584c5cb112a580,S038,4
a3a8b99ff2491e3e8b584c5cb112a580,S013,4
a3a8b99ff2491e3e8b584c5cb112a580,S009,4
a3a8b99ff2491e3e8b584c5cb112a580,S001,3
a3a8b99ff2491e3e8b584c5cb112a580,S020,4
a3a8b99ff2491e3e8b584c5cb112a580,S029,4
a3a8b99ff2491e3e8b584c5cb112a580,S023,5
a3a8b99ff2491e3e8b584c5cb112a580,S033,5
a3a8b99ff2491e3e8b584c5cb112a580,S007,4
a3a8b99ff2491e3e8b584c5cb112a580,S002,5
a3a8b99ff2491e3e8b584c5cb112a580,S037,5
a3a8b99ff2491e3e8b584c5cb112a580,S004,4
a3a8b99ff2491e3e8b584c5cb112a580,S019,4
a3a8b99ff2491e3e8b584c5cb112a580,S045,5
01160c3161945a27a386484014521724,S008,1
01160c3161945a27a386484014521724,S023,1
01160c3161945a27a386484014521724,S036,3
01160c3161945a27a386484014521724,S038,2
01160c3161945a27a386484014521724,S021,2
0f6bf7a9bd7dd63b182e9a736f271094,S021,3
0f6bf7a9bd7dd63b182e9a736f271094,S020,3
0f6bf7a9bd7dd63b182e9a736f271094,S019,4
0f6bf7a9bd7dd63b182e9a736f271094,S034,4
0f6bf7a9bd7dd63b182e9a736f271094,S012,4
0f6bf7a9bd7dd63b182e9a736f271094,S001,4
0f6bf7a9bd7dd63b182e9a736f271094,S023,4
0f6bf7a9bd7dd63b182e9a736f271094,S042,3
0f6bf7a9bd7dd63b182e9a736f271094,S030,2
0f6bf7a9bd7dd63b182e9a736f271094,S010,3
087dc8ee1c22af21ecf0d42c94f468a7,S029,4
087dc8ee1c22af21ecf0d42c94f468a7,S033,3
087dc8ee1c22af21ecf0d42c94f468a7,S042,4
087dc8ee1c22af21ecf0d42c94f468a7,S020,5
087dc8ee1c22af21ecf0d42c94f468a7,S011,4
087dc8ee1c22af21ecf0d42c94f468a7,S045,4
087dc8ee1c22af21ecf0d42c94f468a7,S019,4
087dc8ee1c22af21ecf0d42c94f468a7,S022,3
087dc8ee1c22af21ecf0d42c94f468a7,S023,5
087dc8ee1c22af21ecf0d42c94f468a7,S040,5
087dc8ee1c22af21ecf0d42c94f468a7,S024,4
858db1da868a696f4d7c212b1b09918d,S011,3
858db1da868a696f4d7c212b1b09918d,S009,3
858db1da868a696f4d7c212b1b09918d,S034,3
858db1da868a696f4d7c212b1b09918d,S032,2
858db1da868a696f4d7c212b1b09918d,S001,5
858db1da868a696f4d7c212b1b09918d,S016,4
858db1da868a696f4d7c212b1b09918d,S022,3
858db1da868a696f4d7c212b1b09918d,S008,4
858db1da868a696f4d7c212b1b09918d,S003,3
858db1da868a696f4d7c212b1b09918d,S033,3
35bd2fea42223c9e0309a4d097311f07,S022,5
35bd2fea42223c9e0309a4d097311f07,S044,3
35bd2fea42223c9e0309a4d097311f07,S027,4
35bd2fea42223c9e0309a4d097311f07,S041,4
35bd2fea42223c9e0309a4d097311f07,S038,4
35bd2fea42223c9e0309a4d097311f07,S029,3
35bd2fea42223c9e0309a4d097311f07,S026,5
35bd2fea42223c9e0309a4d097311f07,S039,4
35bd2fea42223c9e0309a4d097311f07,S045,3
35bd2fea42223c9e0309a4d097311f07,S017,5
35bd2fea42223c9e0309a4d097311f07,S006,4
35bd2fea42223c9e0309a4d097311f07,S007,4
35bd2fea42223c9e0309a4d097311f07,S025,5
35bd2fea42223c9e0309a4d097311f07,S015,5
a20303f42ff27c0ac7fd35835b46d1ab,S042,2
a20303f42ff27c0ac7fd35835b46d1ab,S022,1
a20303f42ff27c0ac7fd35835b46d1ab,S041,2
a20303f42ff27c0ac7fd35835b46d1ab,S011,2
a20303f42ff27c0ac7fd35835b46d1ab,S044,2
a20303f42ff27c0ac7fd35835b46d1ab,S031,1
a20303f42ff27c0ac7fd35835b46d1ab,S024,2
46c2fd783915644385dc259e8bd0bc18,S013,1
46c2fd783915644385dc259e8bd0bc18,S028,1
46c2fd783915644385dc259e8bd0bc18,S017,1
46c2fd783915644385dc259e8bd0bc18,S041,2
46c2fd783915644385dc259e8bd0bc18,S014,3
6d32f706ccf238bdf0e9eccffcad5cde,S014,2
6d32f706ccf238bdf0e9eccffcad5cde,S003,2
6d32f706ccf238bdf0e9eccffcad5cde,S012,3
6d32f706ccf238bdf0e9eccffcad5cde,S040,4
6d32f706ccf238bdf0e9eccffcad5cde,S026,3
6d32f706ccf238bdf0e9eccffcad5cde,S043,3
6d32f706ccf238bdf0e9eccffcad5cde,S034,3
6d32f706ccf238bdf0e9eccffcad5cde,S037,2
6d32f706ccf238bdf0e9eccffcad5cde,S044,3
6d32f706ccf238bdf0e9eccffcad5cde,S028,3
6d32f706ccf238bdf0e9eccffcad5cde,S027,3
61dbbcee12851a204bf11f012bf9b8f7,S016,2
61dbbcee12851a204bf11f012bf9b8f7,S039,4
61dbbcee12851a204bf11f012bf9b8f7,S030,3
61dbbcee12851a204bf11f012bf9b8f7,S007,4
61dbbcee12851a204bf11f012bf9b8f7,S040,4
61dbbcee12851a204bf11f012bf9b8f7,S029,5
61dbbcee12851a204bf11f012bf9b8f7,S015,4
61dbbcee12851a204bf11f012bf9b8f7,S034,4
61dbbcee12851a204bf11f012bf9b8f7,S003,4
61dbbcee12851a204bf11f012bf9b8f7,S010,3
61dbbcee12851a204bf11f012bf9b8f7,S009,5
61dbbcee12851a204bf11f012bf9b8f7,S033,3
61dbbcee12851a204bf11f012bf9b8f7,S005,5
5cc62ad16c9789126abfb7f98cf40499,S043,2
5cc62ad16c9789126abfb7f98cf40499,S015,2
5cc62ad16c9789126abfb7f98cf40499,S019,3
5cc62ad16c9789126abfb7f98cf40499,S008,1
5cc62ad16c9789126abfb7f98cf40499,S023,4
5cc62ad16c9789126abfb7f98cf40499,S027,3
5cc62ad16c9789126abfb7f98cf40499,S022,1
8a8e7237f77bd241d9b765a452b2073b,S018,3
8a8e7237f77bd241d9b765a452b2073b,S031,3
8a8e7237f77bd241d9b765a452b2073b,S005,3
8a8e7237f77bd241d9b765a452b2073b,S001,5
8a8e7237f77bd241d9b765a452b2073b,S029,3
8a8e7237f77bd241d9b765a452b2073b,S034,5
8a8e7237f77bd241d9b765a452b2073b,S011,4
8a8e7237f77bd241d9b765a452b2073b,S026,3
a92b6cf3e0e7250dd76aa69d79c559e8,S039,5
a92b6cf3e0e7250dd76aa69d79c559e8,S026,5
a92b6cf3e0e7250dd76aa69d79c559e8,S034,4
a92b6cf3e0e7250dd76aa69d79c559e8,S042,4
a92b6cf3e0e7250dd76aa69d79c559e8,S006,5
a92b6cf3e0e7250dd76aa69d79c559e8,S010,3
a92b6cf3e0e7250dd76aa69d79c559e8,S044,4
a92b6cf3e0e7250dd76aa69d79c559e8,S021,4
a92b6cf3e0e7250dd76aa69d79c559e8,S036,4
a92b6cf3e0e7250dd76aa69d79c559e8,S032,5
a92b6cf3e0e7250dd76aa69d79c559e8,S038,5
a92b6cf3e0e7250dd76aa69d79c559e8,S023,5
bec21fe68ce706ccfb864191a1ee3928,S012,3
bec21fe68ce706ccfb864191a1ee3928,S031,5
bec21fe68ce706ccfb864191a1ee3928,S004,4
bec21fe68ce706ccfb864191a1ee3928,S010,3
bec21fe68ce706ccfb864191a1ee3928,S037,4
bec21fe68ce706ccfb864191a1ee3928,S043,4
bec21fe68ce706ccfb864191a1ee3928,S016,4
bec21fe68ce706ccfb864191a1ee3928,S007,3
bec21fe68ce706ccfb864191a1ee3928,S019,3
bec21fe68ce706ccfb864191a1ee3928,S021,4
bec21fe68ce706ccfb864191a1ee3928,S006,4
bec21fe68ce706ccfb864191a1ee3928,S034,4
bec21fe68ce706ccfb864191a1ee3928,S005,5
611787f2f418760b35982cf83df736ec,S020,5
611787f2f418760b35982cf83df736ec,S011,5
611787f2f418760b35982cf83df736ec,S002,4
611787f2f418760b35982cf83df736ec,S013,3
611787f2f418760b35982cf83df736ec,S024,5
611787f2f418760b35982cf83df736ec,S025,4
611787f2f418760b35982cf83df736ec,S038,5
611787f2f418760b35982cf83df736ec,S044,4
611787f2f418760b35982cf83df736ec,S007,5
611787f2f418760b35982cf83df736ec,S010,4
611787f2f418760b35982cf83df736ec,S034,4
611787f2f418760b35982cf83df736ec,S023,5
611787f2f418760b35982cf83df736ec,S019,4
611787f2f418760b35982cf83df736ec,S015,5
611787f2f418760b35982cf83df736ec,S004,4
6785fc716a394871f5bbabf46fe8e70c,S042,1
6785fc716a394871f5bbabf46fe8e70c,S034,1
6785fc716a394871f5bbabf46fe8e70c,S002,3
6785fc716a394871f5bbabf46fe8e70c,S016,3
6785fc716a394871f5bbabf46fe8e70c,S029,2
6785fc716a394871f5bbabf46fe8e70c,S019,2
6785fc716a394871f5bbabf46fe8e70c,S031,1
09dc8735ec42cd41513add16cd05da1c,S040,2
09dc8735ec42cd41513add16cd05da1c,S030,3
09dc8735ec42cd41513add16cd05da1c,S035,2
09dc8735ec42cd41513add16cd05da1c,S005,4
09dc8735ec42cd41513add16cd05da1c,S011,2
09dc8735ec42cd41513add16cd05da1c,S003,4
09dc8735ec42cd41513add16cd05da1c,S031,4
09dc8735ec42cd41513add16cd05da1c,S045,2
09dc8735ec42cd41513add16cd05da1c,S014,3
09dc8735ec42cd41513add16cd05da1c,S015,3
09dc8735ec42cd41513add16cd05da1c,S023,3
d4dfed8d1edf3a8c1d2a31f82dc3d526,S045,1
d4dfed8d1edf3a8c1d2a31f82dc3d526,S010,2
d4dfed8d1edf3a8c1d2a31f82dc3d526,S002,1
d4dfed8d1edf3a8c1d2a31f82dc3d526,S009,2
d4dfed8d1edf3a8c1d2a31f82dc3d526,S004,1
d4dfed8d1edf3a8c1d2a31f82dc3d526,S034,1
d4dfed8d1edf3a8c1d2a31f82dc3d526,S025,2
d4dfed8d1edf3a8c1d2a31f82dc3d526,S012,1
c8b7e9903616087fbfbf162b4c3c429f,S035,5
c8b7e9903616087fbfbf162b4c3c429f,S009,3
c8b7e9903616087fbfbf162b4c3c429f,S037,2
c8b7e9903616087fbfbf162b4c3c429f,S040,4
c8b7e9903616087fbfbf162b4c3c429f,S010,3
c8b7e9903616087fbfbf162b4c3c429f,S041,2
c8b7e9903616087fbfbf162b4c3c429f,S019,2
c8b7e9903616087fbfbf162b4c3c429f,S027,3
c8b7e9903616087fbfbf162b4c3c429f,S029,5
9d78d1712e68c46d2242694fcaedb23a,S005,5
9d78d1712e68c46d2242694fcaedb23a,S014,5
9d78d1712e68c46d2242694fcaedb23a,S009,4
9d78d1712e68c46d2242694fcaedb23a,S043,5
9d78d1712e68c46d2242694fcaedb23a,S026,3
9d78d1712e68c46d2242694fcaedb23a,S030,4
9d78d1712e68c46d2242694fcaedb23a,S021,3
9d78d1712e68c46d2242694fcaedb23a,S023,3
9d78d1712e68c46d2242694fcaedb23a,S035,4
9d78d1712e68c46d2242694fcaedb23a,S024,4
9d78d1712e68c46d2242694fcaedb23a,S034,5
9d78d1712e68c46d2242694fcaedb23a,S012,1
9d78d1712e68c46d2242694fcaedb23a,S040,4
f03e95b7b769bfc47ab1ac872327117d,S044,3
f03e95b7b769bfc47ab1ac872327117d,S036,1
f03e95b7b769bfc47ab1ac872327117d,S003,4
f03e95b7b769bfc47ab1ac872327117d,S030,4
f03e95b7b769bfc47ab1ac872327117d,S031,3
f03e95b7b769bfc47ab1ac872327117d,S007,2
f03e95b7b769bfc47ab1ac872327117d,S024,3
f03e95b7b769bfc47ab1ac872327117d,S035,3
f03e95b7b769bfc47ab1ac872327117d,S040,4
f03e95b7b769bfc47ab1ac872327117d,S008,3
7c67c451d62b36d6262c0a8ece2c4cef,S044,2
7c67c451d62b36d6262c0a8ece2c4cef,S035,2
7c67c451d62b36d6262c0a8ece2c4cef,S038,4
7c67c451d62b36d6262c0a8ece2c4cef,S043,3
7c67c451d62b36d6262c0a8ece2c4cef,S022,2
7c67c451d62b36d6262c0a8ece2c4cef,S003,4
7c67c451d62b36d6262c0a8ece2c4cef,S015,4
7c67c451d62b36d6262c0a8ece2c4cef,S002,3
bab100b79f37742094a87b7bccf43ddb,S034,5
bab100b79f37742094a87b7bccf43ddb,S014,3
bab100b79f37742094a87b7bccf43ddb,S017,3
bab100b79f37742094a87b7bccf43ddb,S005,4
bab100b79f37742094a87b7bccf43ddb,S043,3
bab100b79f37742094a87b7bccf43ddb,S020,3
bab100b79f37742094a87b7bccf43ddb,S001,3
bab100b79f37742094a87b7bccf43ddb,S027,3
bab100b79f37742094a87b7bccf43ddb,S023,4
b9d2f3fd460ca3ad8fbbbe155398bd2b,S036,4
b9d2f3fd460ca3ad8fbbbe155398bd2b,S037,3
b9d2f3fd460ca3ad8fbbbe155398bd2b,S003,5
b9d2f3fd460ca3ad8fbbbe155398bd2b,S017,5
b9d2f3fd460ca3ad8fbbbe155398bd2b,S018,3
b9d2f3fd460ca3ad8fbbbe155398bd2b,S030,5
b9d2f3fd460ca3ad8fbbbe155398bd2b,S010,3
b9d2f3fd460ca3ad8fbbbe155398bd2b,S042,4
b9d2f3fd460ca3ad8fbbbe155398bd2b,S005,5
b9d2f3fd460ca3ad8fbbbe155398bd2b,S020,4
b9d2f3fd460ca3ad8fbbbe155398bd2b,S038,5
b9d2f3fd460ca3ad8fbbbe155398bd2b,S035,4
b9d2f3fd460ca3ad8fbbbe155398bd2b,S043,4
b9d2f3fd460ca3ad8fbbbe155398bd2b,S009,5
c43a57e928b5312b43d7cb757c6b91a7,S009,4
c43a57e928b5312b43d7cb757c6b91a7,S017,5
c43a57e928b5312b43d7cb757c6b91a7,S002,2
c43a57e928b5312b43d7cb757c6b91a7,S014,3
c43a57e928b5312b43d7cb757c6b91a7,S035,5
c43a57e928b5312b43d7cb757c6b91a7,S034,4
c43a57e928b5312b43d7cb757c6b91a7,S015,5
c43a57e928b5312b43d7cb757c6b91a7,S011,4
c43a57e928b5312b43d7cb757c6b91a7,S001,4
c43a57e928b5312b43d7cb757c6b91a7,S032,5
c43a57e928b5312b43d7cb757c6b91a7,S025,4
c43a57e928b5312b43d7cb757c6b91a7,S028,4
c43a57e928b5312b43d7cb757c6b91a7,S013,4
c43a57e928b5312b43d7cb757c6b91a7,S016,5
6ff554e5b183ffdb11e26911f40cea54,S004,2
6ff554e5b183ffdb11e26911f40cea54,S014,2
6ff554e5b183ffdb11e26911f40cea54,S001,1
6ff554e5b183ffdb11e26911f40cea54,S030,2
6ff554e5b183ffdb11e26911f40cea54,S007,2
357e39f5e0025c27b506eacc6a33c056,S031,4
357e39f5e0025c27b506eacc6a33c056,S036,3
357e39f5e0025c27b506eacc6a33c056,S025,5
357e39f5e0025c27b506eacc6a33c056,S020,5
357e39f5e0025c27b506eacc6a33c056,S029,4
357e39f5e0025c27b506eacc6a33c056,S009,4
357e39f5e0025c27b506eacc6a33c056,S041,4
357e39f5e0025c27b506eacc6a33c056,S011,4
357e39f5e0025c27b506eacc6a33c056,S008,5
357e39f5e0025c27b506eacc6a33c056,S030,4
357e39f5e0025c27b506eacc6a33c056,S013,4
357e39f5e0025c27b506eacc6a33c056,S015,4
357e39f5e0025c27b506eacc6a33c056,S016,5
357e39f5e0025c27b506eacc6a33c056,S010,5
357e39f5e0025c27b506eacc6a33c056,S014,5
357e39f5e0025c27b506eacc6a33c056,S006,5
579cdadacd6c1c11c6ae5a369a1755a9,S036,3
579cdadacd6c1c11c6ae5a369a1755a9,S002,5
579cdadacd6c1c11c6ae5a369a1755a9,S037,4
579cdadacd6c1c11c6ae5a369a1755a9,S041,5
579cdadacd6c1c11c6ae5a369a1755a9,S001,3
579cdadacd6c1c11c6ae5a369a1755a9,S032,4
579cdadacd6c1c11c6ae5a369a1755a9,S028,4
579cdadacd6c1c11c6ae5a369a1755a9,S011,3
579cdadacd6c1c11c6ae5a369a1755a9,S020,4
579cdadacd6c1c11c6ae5a369a1755a9,S042,5
18cd5e4fb2319a288056b161374cb36f,S040,3
18cd5e4fb2319a288056b161374cb36f,S023,1
18cd5e4fb2319a288056b161374cb36f,S003,2
18cd5e4fb2319a288056b161374cb36f,S016,4
18cd5e4fb2319a288056b161374cb36f,S043,3
18cd5e4fb2319a288056b161374cb36f,S033,3
18cd5e4fb2319a288056b161374cb36f,S011,3
18cd5e4fb2319a288056b161374cb36f,S025,3
18cd5e4fb2319a288056b161374cb36f,S008,4
18cd5e4fb2319a288056b161374cb36f,S001,4
18cd5e4fb2319a288056b161374cb36f,S015,4
65ad55beba1c3633634f7756185c76f6,S003,3
65ad55beba1c3633634f7756185c76f6,S039,3
65ad55beba1c3633634f7756185c76f6,S013,4
65ad55beba1c3633634f7756185c76f6,S025,3
65ad55beba1c3633634f7756185c76f6,S016,4
65ad55beba1c3633634f7756185c76f6,S037,3
65ad55beba1c3633634f7756185c76f6,S023,3
65ad55beba1c3633634f7756185c76f6,S017,5
65ad55beba1c3633634f7756185c76f6,S035,4
65ad55beba1c3633634f7756185c76f6,S028,3
65ad55beba1c3633634f7756185c76f6,S030,3
65ad55beba1c3633634f7756185c76f6,S040,3
65ad55beba1c3633634f7756185c76f6,S032,4
8e6517b36ec5ec3416a90b1ca2f590bf,S004,3
8e6517b36ec5ec3416a90b1ca2f590bf,S002,2
8e6517b36ec5ec3416a90b1ca2f590bf,S010,3
8e6517b36ec5ec3416a90b1ca2f590bf,S033,2
8e6517b36ec5ec3416a90b1ca2f590bf,S042,1
8e6517b36ec5ec3416a90b1ca2f590bf,S043,1
8e6517b36ec5ec3416a90b1ca2f590bf,S005,1
15e432bbd875f4b62c81a34d4779aa00,S041,2
15e432bbd875f4b62c81a34d4779aa00,S009,2
15e432bbd875f4b62c81a34d4779aa00,S006,3
15e432bbd875f4b62c81a34d4779aa00,S022,4
15e432bbd875f4b62c81a34d4779aa00,S033,4
15e432bbd875f4b62c81a34d4779aa00,S014,3
15e432bbd875f4b62c81a34d4779aa00,S008,3
15e432bbd875f4b62c81a34d4779aa00,S038,2
15e432bbd875f4b62c81a34d4779aa00,S043,3
15e432bbd875f4b62c81a34d4779aa00,S003,3
15e432bbd875f4b62c81a34d4779aa00,S039,4
64f722f64d5be86d4119b4965a2ce748,S009,5
64f722f64d5be86d4119b4965a2ce748,S006,5
64f722f64d5be86d4119b4965a2ce748,S028,4
64f722f64d5be86d4119b4965a2ce748,S027,5
64f722f64d5be86d4119b4965a2ce748,S014,5
64f722f64d5be86d4119b4965a2ce748,S017,4
64f722f64d5be86d4119b4965a2ce748,S026,4
64f722f64d5be86d4119b4965a2ce748,S039,4
64f722f64d5be86d4119b4965a2ce748,S004,3
64f722f64d5be86d4119b4965a2ce748,S007,5
64f722f64d5be86d4119b4965a2ce748,S011,3
64f722f64d5be86d4119b4965a2ce748,S035,5
64f722f64d5be86d4119b4965a2ce748,S045,4
372d1acd11ea27552b5ab45284499664,S032,4
372d1acd11ea27552b5ab45284499664,S022,4
372d1acd11ea27552b5ab45284499664,S041,4
372d1acd11ea27552b5ab45284499664,S028,4
372d1acd11ea27552b5ab45284499664,S021,4
372d1acd11ea27552b5ab45284499664,S019,4
372d1acd11ea27552b5ab45284499664,S012,5
372d1acd11ea27552b5ab45284499664,S042,3
372d1acd11ea27552b5ab45284499664,S018,4
372d1acd11ea27552b5ab45284499664,S039,4
8a9008f99e3992b8fea13e90474b636c,S032,3
8a9008f99e3992b8fea13e90474b636c,S014,3
8a9008f99e3992b8fea13e90474b636c,S038,3
8a9008f99e3992b8fea13e90474b636c,S033,4
8a9008f99e3992b8fea13e90474b636c,S040,4
8a9008f99e3992b8fea13e90474b636c,S001,3
8a9008f99e3992b8fea13e90474b636c,S004,3
8a9008f99e3992b8fea13e90474b636c,S013,3
8a9008f99e3992b8fea13e90474b636c,S034,5
f4ac6e797894e3d9e022dba37f172d85,S009,3
f4ac6e797894e3d9e022dba37f172d85,S045,3
f4ac6e797894e3d9e022dba37f172d85,S001,3
f4ac6e797894e3d9e022dba37f172d85,S023,4
f4ac6e797894e3d9e022dba37f172d85,S041,3
f4ac6e797894e3d9e022dba37f172d85,S034,3
f4ac6e797894e3d9e022dba37f172d85,S040,3
f4ac6e797894e3d9e022dba37f172d85,S002,2
f4ac6e797894e3d9e022dba37f172d85,S021,2
c5c0b331194caf055fc1c98d027d58e7,S030,2
c5c0b331194caf055fc1c98d027d58e7,S008,2
c5c0b331194caf055fc1c98d027d58e7,S038,2
c5c0b331194caf055fc1c98d027d58e7,S019,3
c5c0b331194caf055fc1c98d027d58e7,S043,2
c5c0b331194caf055fc1c98d027d58e7,S024,3
c5c0b331194caf055fc1c98d027d58e7,S021,3
c5c0b331194caf055fc1c98d027d58e7,S036,3
c5c0b331194caf055fc1c98d027d58e7,S001,4
bd86b8b20110f20751452143c84f891b,S029,3
bd86b8b20110f20751452143c84f891b,S004,2
bd86b8b20110f20751452143c84f891b,S030,3
bd86b8b20110f20751452143c84f891b,S043,3
bd86b8b20110f20751452143c84f891b,S001,3
bd86b8b20110f20751452143c84f891b,S045,1
bd86b8b20110f20751452143c84f891b,S010,1
bd86b8b20110f20751452143c84f891b,S021,1
0f7c26a15f72ef0791783d60632a3215,S036,3
0f7c26a15f72ef0791783d60632a3215,S003,1
0f7c26a15f72ef0791783d60632a3215,S016,3
0f7c26a15f72ef0791783d60632a3215,S034,2
0f7c26a15f72ef0791783d60632a3215,S014,1
0f7c26a15f72ef0791783d60632a3215,S022,2
0f7c26a15f72ef0791783d60632a3215,S018,1
97c36d5d0839b9b93bb4e6514b03002c,S031,3
97c36d5d0839b9b93bb4e6514b03002c,S036,4
97c36d5d0839b9b93bb4e6514b03002c,S003,3
97c36d5d0839b9b93bb4e6514b03002c,S026,2
97c36d5d0839b9b93bb4e6514b03002c,S016,4
97c36d5d0839b9b93bb4e6514b03002c,S014,4
97c36d5d0839b9b93bb4e6514b03002c,S015,4
97c36d5d0839b9b93bb4e6514b03002c,S038,4
97c36d5d0839b9b93bb4e6514b03002c,S008,4
3c97cfc99cf716b056879b01c5a6ebca,S026,2
3c97cfc99cf716b056879b01c5a6ebca,S043,1
3c97cfc99cf716b056879b01c5a6ebca,S022,1
3c97cfc99cf716b056879b01c5a6ebca,S044,1
3c97cfc99cf716b056879b01c5a6ebca,S017,2
3c97cfc99cf716b056879b01c5a6ebca,S032,3
3c97cfc99cf716b056879b01c5a6ebca,S020,1
3c97cfc99cf716b056879b01c5a6ebca,S003,1
db967fe7608eb2f37cc655859c46415e,S028,5
db967fe7608eb2f37cc655859c46415e,S021,2
db967fe7608eb2f37cc655859c46415e,S001,4
db967fe7608eb2f37cc655859c46415e,S022,4
db967fe7608eb2f37cc655859c46415e,S024,4
db967fe7608eb2f37cc655859c46415e,S008,5
db967fe7608eb2f37cc655859c46415e,S018,4
db967fe7608eb2f37cc655859c46415e,S039,5
db967fe7608eb2f37cc655859c46415e,S011,4
db967fe7608eb2f37cc655859c46415e,S037,4
db967fe7608eb2f37cc655859c46415e,S035,4
db967fe7608eb2f37cc655859c46415e,S003,4
c48f2003644e6f0d40e9b4c8543b9683,S032,3
c48f2003644e6f0d40e9b4c8543b9683,S042,5
c48f2003644e6f0d40e9b4c8543b9683,S034,4
c48f2003644e6f0d40e9b4c8543b9683,S013,3
c48f2003644e6f0d40e9b4c8543b9683,S036,5
c48f2003644e6f0d40e9b4c8543b9683,S030,5
c48f2003644e6f0d40e9b4c8543b9683,S026,4
c48f2003644e6f0d40e9b4c8543b9683,S012,5
c48f2003644e6f0d40e9b4c8543b9683,S003,4
c48f2003644e6f0d40e9b4c8543b9683,S016,4
c48f2003644e6f0d40e9b4c8543b9683,S014,4
c48f2003644e6f0d40e9b4c8543b9683,S022,3
c0c0fa508ed6cccf6657026d60915095,S041,4
c0c0fa508ed6cccf6657026d60915095,S033,2
c0c0fa508ed6cccf6657026d60915095,S028,4
c0c0fa508ed6cccf6657026d60915095,S038,2
c0c0fa508ed6cccf6657026d60915095,S020,4
c0c0fa508ed6cccf6657026d60915095,S029,4
c0c0fa508ed6cccf6657026d60915095,S003,2
c0c0fa508ed6cccf6657026d60915095,S010,4
c0c0fa508ed6cccf6657026d60915095,S027,3
c0c0fa508ed6cccf6657026d60915095,S011,4
4003a06cc2b89bc47d82b4c299459fa3,S025,2
4003a06cc2b89bc47d82b4c299459fa3,S036,2
4003a06cc2b89bc47d82b4c299459fa3,S011,2
4003a06cc2b89bc47d82b4c299459fa3,S024,2
4003a06cc2b89bc47d82b4c299459fa3,S021,2
4003a06cc2b89bc47d82b4c299459fa3,S016,1
4003a06cc2b89bc47d82b4c299459fa3,S001,2
4003a06cc2b89bc47d82b4c299459fa3,S012,3
fe2cd216ee6ec315b89f66749c49fe42,S011,4
fe2cd216ee6ec315b89f66749c49fe42,S001,5
fe2cd216ee6ec315b89f66749c49fe42,S029,5
fe2cd216ee6ec315b89f66749c49fe42,S018,2
fe2cd216ee6ec315b89f66749c49fe42,S023,4
fe2cd216ee6ec315b89f66749c49fe42,S009,4
fe2cd216ee6ec315b89f66749c49fe42,S035,5
fe2cd216ee6ec315b89f66749c49fe42,S031,4
fe2cd216ee6ec315b89f66749c49fe42,S033,5
fe2cd216ee6ec315b89f66749c49fe42,S036,4
fe2cd216ee6ec315b89f66749c49fe42,S032,5
fe2cd216ee6ec315b89f66749c49fe42,S045,5
fe2cd216ee6ec315b89f66749c49fe42,S044,3
fe2cd216ee6ec315b89f66749c49fe42,S039,5
bcfcfb5dddbeb3ef5115ec2816fafd2f,S036,4
bcfcfb5dddbeb3ef5115ec2816fafd2f,S002,5
bcfcfb5dddbeb3ef5115ec2816fafd2f,S034,3
bcfcfb5dddbeb3ef5115ec2816fafd2f,S005,3
bcfcfb5dddbeb3ef5115ec2816fafd2f,S045,3
bcfcfb5dddbeb3ef5115ec2816fafd2f,S013,4
bcfcfb5dddbeb3ef5115ec2816fafd2f,S040,3
bcfcfb5dddbeb3ef5115ec2816fafd2f,S030,2
bcfcfb5dddbeb3ef5115ec2816fafd2f,S042,3
bcfcfb5dddbeb3ef5115ec2816fafd2f,S006,3
982d7f051539c87430b0c090f46ea398,S045,2
982d7f051539c87430b0c090f46ea398,S019,1
982d7f051539c87430b0c090f46ea398,S037,1
982d7f051539c87430b0c090f46ea398,S023,2
982d7f051539c87430b0c090f46ea398,S031,1
982d7f051539c87430b0c090f46ea398,S028,2
982d7f051539c87430b0c090f46ea398,S027,1
3b12311401f5e8384ac32366c909057f,S021,4
3b12311401f5e8384ac32366c909057f,S032,4
3b12311401f5e8384ac32366c909057f,S044,4
3b12311401f5e8384ac32366c909057f,S001,4
3b12311401f5e8384ac32366c909057f,S004,4
3b12311401f5e8384ac32366c909057f,S016,5
3b12311401f5e8384ac32366c909057f,S034,5
3b12311401f5e8384ac32366c909057f,S037,5
3b12311401f5e8384ac32366c909057f,S017,4
3b12311401f5e8384ac32366c909057f,S040,3
3b12311401f5e8384ac32366c909057f,S024,5
3b12311401f5e8384ac32366c909057f,S042,5
3b12311401f5e8384ac32366c909057f,S035,3
3b12311401f5e8384ac32366c909057f,S043,5
3b12311401f5e8384ac32366c909057f,S011,5
1729b09fe0781116a4bbebd2e70ef691,S013,4
1729b09fe0781116a4bbebd2e70ef691,S015,3
1729b09fe0781116a4bbebd2e70ef691,S006,4
1729b09fe0781116a4bbebd2e70ef691,S036,4
1729b09fe0781116a4bbebd2e70ef691,S029,2
1729b09fe0781116a4bbebd2e70ef691,S017,4
1729b09fe0781116a4bbebd2e70ef691,S012,3
1729b09fe0781116a4bbebd2e70ef691,S038,3
c63145838c7a1ee8419e2f4afebe5342,S042,1
c63145838c7a1ee8419e2f4afebe5342,S035,1
c63145838c7a1ee8419e2f4afebe5342,S008,1
c63145838c7a1ee8419e2f4afebe5342,S032,1
c63145838c7a1ee8419e2f4afebe5342,S019,2
74cac218a5281ee6b9041ca47ad100b2,S041,1
74cac218a5281ee6b9041ca47ad100b2,S018,1
74cac218a5281ee6b9041ca47ad100b2,S021,1
74cac218a5281ee6b9041ca47ad100b2,S028,1
74cac218a5281ee6b9041ca47ad100b2,S023,2
74cac218a5281ee6b9041ca47ad100b2,S014,3
f308c2e27e3f52d781b891f95d96db2c,S034,4
f308c2e27e3f52d781b891f95d96db2c,S009,4
f308c2e27e3f52d781b891f95d96db2c,S019,4
f308c2e27e3f52d781b891f95d96db2c,S003,5
f308c2e27e3f52d781b891f95d96db2c,S008,5
f308c2e27e3f52d781b891f95d96db2c,S028,5
f308c2e27e3f52d781b891f95d96db2c,S029,3
f308c2e27e3f52d781b891f95d96db2c,S010,5
f308c2e27e3f52d781b891f95d96db2c,S001,3
f308c2e27e3f52d781b891f95d96db2c,S042,5
f1a320305a5b3a71ac695e9d9cb82870,S045,1
f1a320305a5b3a71ac695e9d9cb82870,S008,3
f1a320305a5b3a71ac695e9d9cb82870,S010,1
f1a320305a5b3a71ac695e9d9cb82870,S033,2
f1a320305a5b3a71ac695e9d9cb82870,S029,1
f1a320305a5b3a71ac695e9d9cb82870,S031,1
f1a320305a5b3a71ac695e9d9cb82870,S021,1
87ad2858b8f83ba85efea2268992d397,S032,4
87ad2858b8f83ba85efea2268992d397,S007,2
87ad2858b8f83ba85efea2268992d397,S029,4
87ad2858b8f83ba85efea2268992d397,S001,3
87ad2858b8f83ba85efea2268992d397,S038,4
87ad2858b8f83ba85efea2268992d397,S008,3
87ad2858b8f83ba85efea2268992d397,S018,3
87ad2858b8f83ba85efea2268992d397,S012,4
87ad2858b8f83ba85efea2268992d397,S043,4
87ad2858b8f83ba85efea2268992d397,S033,3
5046c12973eca9c0073686e714c07141,S007,3
5046c12973eca9c0073686e714c07141,S017,3
5046c12973eca9c0073686e714c07141,S041,3
5046c12973eca9c0073686e714c07141,S001,5
5046c12973eca9c0073686e714c07141,S010,3
5046c12973eca9c0073686e714c07141,S039,4
5046c12973eca9c0073686e714c07141,S015,3
5046c12973eca9c0073686e714c07141,S002,3
5046c12973eca9c0073686e714c07141,S038,4
5046c12973eca9c0073686e714c07141,S022,3
5046c12973eca9c0073686e714c07141,S020,3
5046c12973eca9c0073686e714c07141,S008,5
eb38d4010bfd7def9127f88ae5a932ca,S016,4
eb38d4010bfd7def9127f88ae5a932ca,S017,4
eb38d4010bfd7def9127f88ae5a932ca,S043,3
eb38d4010bfd7def9127f88ae5a932ca,S031,4
eb38d4010bfd7def9127f88ae5a932ca,S004,4
eb38d4010bfd7def9127f88ae5a932ca,S014,4
eb38d4010bfd7def9127f88ae5a932ca,S011,4
eb38d4010bfd7def9127f88ae5a932ca,S023,4
eb38d4010bfd7def9127f88ae5a932ca,S034,4
eb38d4010bfd7def9127f88ae5a932ca,S044,4
53a7ca35a2efed0bbb0b9f52f6f98c80,S030,3
53a7ca35a2efed0bbb0b9f52f6f98c80,S007,3
53a7ca35a2efed0bbb0b9f52f6f98c80,S005,3
53a7ca35a2efed0bbb0b9f52f6f98c80,S027,4
53a7ca35a2efed0bbb0b9f52f6f98c80,S004,2
53a7ca35a2efed0bbb0b9f52f6f98c80,S026,4
53a7ca35a2efed0bbb0b9f52f6f98c80,S029,5
53a7ca35a2efed0bbb0b9f52f6f98c80,S013,3
53a7ca35a2efed0bbb0b9f52f6f98c80,S002,3
53a7ca35a2efed0bbb0b9f52f6f98c80,S014,4
53a7ca35a2efed0bbb0b9f52f6f98c80,S024,2
8e1b1054634467f4cc64b8297abfb78e,S022,3
8e1b1054634467f4cc64b8297abfb78e,S042,3
8e1b1054634467f4cc64b8297abfb78e,S001,3
8e1b1054634467f4cc64b8297abfb78e,S003,3
8e1b1054634467f4cc64b8297abfb78e,S043,2
8e1b1054634467f4cc64b8297abfb78e,S035,3
8e1b1054634467f4cc64b8297abfb78e,S044,2
8e1b1054634467f4cc64b8297abfb78e,S021,3
4f8313f3016bb448b1fcbcbe39bb1aef,S007,1
4f8313f3016bb448b1fcbcbe39bb1aef,S037,2
4f8313f3016bb448b1fcbcbe39bb1aef,S036,2
4f8313f3016bb448b1fcbcbe39bb1aef,S017,2
4f8313f3016bb448b1fcbcbe39bb1aef,S002,2
4f8313f3016bb448b1fcbcbe39bb1aef,S004,1
4f8313f3016bb448b1fcbcbe39bb1aef,S025,1
4f8313f3016bb448b1fcbcbe39bb1aef,S001,1
4f8313f3016bb448b1fcbcbe39bb1aef,S018,2
24e3e77d0e27aaf02304cf48f8b3d2dd,S030,4
24e3e77d0e27aaf02304cf48f8b3d2dd,S017,4
24e3e77d0e27aaf02304cf48f8b3d2dd,S024,5
24e3e77d0e27aaf02304cf48f8b3d2dd,S008,5
24e3e77d0e27aaf02304cf48f8b3d2dd,S018,2
24e3e77d0e27aaf02304cf48f8b3d2dd,S002,5
24e3e77d0e27aaf02304cf48f8b3d2dd,S019,3
24e3e77d0e27aaf02304cf48f8b3d2dd,S005,4
24e3e77d0e27aaf02304cf48f8b3d2dd,S012,4
24e3e77d0e27aaf02304cf48f8b3d2dd,S031,4
24e3e77d0e27aaf02304cf48f8b3d2dd,S015,4
24e3e77d0e27aaf02304cf48f8b3d2dd,S016,4
24e3e77d0e27aaf02304cf48f8b3d2dd,S003,4
24e3e77d0e27aaf02304cf48f8b3d2dd,S043,4
034fc96949dcb31de3466be514ff4c19,S030,2
034fc96949dcb31de3466be514ff4c19,S019,3
034fc96949dcb31de3466be514ff4c19,S036,3
034fc96949dcb31de3466be514ff4c19,S007,4
034fc96949dcb31de3466be514ff4c19,S008,5
034fc96949dcb31de3466be514ff4c19,S029,3
034fc96949dcb31de3466be514ff4c19,S003,4
034fc96949dcb31de3466be514ff4c19,S018,3
034fc96949dcb31de3466be514ff4c19,S038,2
034fc96949dcb31de3466be514ff4c19,S022,3
034fc96949dcb31de3466be514ff4c19,S041,3
eb5b595213e50be4e970b84289471788,S023,3
eb5b595213e50be4e970b84289471788,S003,3
eb5b595213e50be4e970b84289471788,S012,2
eb5b595213e50be4e970b84289471788,S018,4
eb5b595213e50be4e970b84289471788,S004,3
eb5b595213e50be4e970b84289471788,S022,2
eb5b595213e50be4e970b84289471788,S034,3
eb5b595213e50be4e970b84289471788,S045,3
eb5b595213e50be4e970b84289471788,S028,3
eb5b595213e50be4e970b84289471788,S013,4
eb5b595213e50be4e970b84289471788,S032,3
fad7d94a0ca13212cc736f90f3e497b1,S024,1
fad7d94a0ca13212cc736f90f3e497b1,S028,3
fad7d94a0ca13212cc736f90f3e497b1,S027,2
fad7d94a0ca13212cc736f90f3e497b1,S025,2
fad7d94a0ca13212cc736f90f3e497b1,S007,1
fad7d94a0ca13212cc736f90f3e497b1,S014,2
fad7d94a0ca13212cc736f90f3e497b1,S016,2
73a14b42bfa86abe17827d337a810d15,S003,4
73a14b42bfa86abe17827d337a810d15,S021,3
73a14b42bfa86abe17827d337a810d15,S032,3
73a14b42bfa86abe17827d337a810d15,S024,4
73a14b42bfa86abe17827d337a810d15,S012,4
73a14b42bfa86abe17827d337a810d15,S013,5
73a14b42bfa86abe17827d337a810d15,S045,2
73a14b42bfa86abe17827d337a810d15,S039,4
73a14b42bfa86abe17827d337a810d15,S002,3
73a14b42bfa86abe17827d337a810d15,S007,4
cc96bfea10601840ec7e692400a79bef,S035,4
cc96bfea10601840ec7e692400a79bef,S018,5
cc96bfea10601840ec7e692400a79bef,S028,4
cc96bfea10601840ec7e692400a79bef,S036,3
cc96bfea10601840ec7e692400a79bef,S037,2
cc96bfea10601840ec7e692400a79bef,S024,5
cc96bfea10601840ec7e692400a79bef,S023,3
cc96bfea10601840ec7e692400a79bef,S033,4
cc96bfea10601840ec7e692400a79bef,S003,4
cc96bfea10601840ec7e692400a79bef,S001,3
cc96bfea10601840ec7e692400a79bef,S039,4
cc96bfea10601840ec7e692400a79bef,S006,4
cc96bfea10601840ec7e692400a79bef,S043,4
52655fd6b80b71861fb5c23a802c360c,S010,2
52655fd6b80b71861fb5c23a802c360c,S020,2
52655fd6b80b71861fb5c23a802c360c,S011,2
52655fd6b80b71861fb5c23a802c360c,S038,3
52655fd6b80b71861fb5c23a802c360c,S012,3
52655fd6b80b71861fb5c23a802c360c,S035,1
d5b7d364b593f7411011ff69fc7960b8,S012,5
d5b7d364b593f7411011ff69fc7960b8,S024,4
d5b7d364b593f7411011ff69fc7960b8,S003,5
d5b7d364b593f7411011ff69fc7960b8,S019,5
d5b7d364b593f7411011ff69fc7960b8,S030,4
d5b7d364b593f7411011ff69fc7960b8,S032,5
d5b7d364b593f7411011ff69fc7960b8,S026,3
d5b7d364b593f7411011ff69fc7960b8,S034,4
d5b7d364b593f7411011ff69fc7960b8,S011,5
d5b7d364b593f7411011ff69fc7960b8,S020,4
d5b7d364b593f7411011ff69fc7960b8,S005,5
8d4e67eb31d1f0b1dd702c0bd5463c84,S022,2
8d4e67eb31d1f0b1dd702c0bd5463c84,S027,1
8d4e67eb31d1f0b1dd702c0bd5463c84,S034,1
8d4e67eb31d1f0b1dd702c0bd5463c84,S033,2
8d4e67eb31d1f0b1dd702c0bd5463c84,S035,2
1473c9161b1037835ce7aea89ce11224,S036,2
1473c9161b1037835ce7aea89ce11224,S008,3
1473c9161b1037835ce7aea89ce11224,S014,2
1473c9161b1037835ce7aea89ce11224,S033,3
1473c9161b1037835ce7aea89ce11224,S030,4
1473c9161b1037835ce7aea89ce11224,S013,2
1473c9161b1037835ce7aea89ce11224,S009,4
1473c9161b1037835ce7aea89ce11224,S025,2
da7697898b4cb06b2711469e9cadab8c,S040,3
da7697898b4cb06b2711469e9cadab8c,S014,4
da7697898b4cb06b2711469e9cadab8c,S029,4
da7697898b4cb06b2711469e9cadab8c,S036,4
da7697898b4cb06b2711469e9cadab8c,S031,4
da7697898b4cb06b2711469e9cadab8c,S039,5
da7697898b4cb06b2711469e9cadab8c,S030,5
da7697898b4cb06b2711469e9cadab8c,S005,5
da7697898b4cb06b2711469e9cadab8c,S012,4
da7697898b4cb06b2711469e9cadab8c,S019,4
da7697898b4cb06b2711469e9cadab8c,S041,4
da7697898b4cb06b2711469e9cadab8c,S022,4
da7697898b4cb06b2711469e9cadab8c,S033,5
da7697898b4cb06b2711469e9cadab8c,S017,5
e768b51768d3563eb5ecce569b22db75,S017,4
e768b51768d3563eb5ecce569b22db75,S025,4
e768b51768d3563eb5ecce569b22db75,S016,4
e768b51768d3563eb5ecce569b22db75,S011,4
e768b51768d3563eb5ecce569b22db75,S004,5
e768b51768d3563eb5ecce569b22db75,S008,3
e768b51768d3563eb5ecce569b22db75,S041,5
e768b51768d3563eb5ecce569b22db75,S028,3
e768b51768d3563eb5ecce569b22db75,S007,3
e768b51768d3563eb5ecce569b22db75,S022,5
e768b51768d3563eb5ecce569b22db75,S035,5
e768b51768d3563eb5ecce569b22db75,S020,3
e768b51768d3563eb5ecce569b22db75,S023,3
f042ce1ec5355c48546b19f2d3ffc824,S043,4
f042ce1ec5355c48546b19f2d3ffc824,S033,4
f042ce1ec5355c48546b19f2d3ffc824,S013,4
f042ce1ec5355c48546b19f2d3ffc824,S038,4
f042ce1ec5355c48546b19f2d3ffc824,S036,5
f042ce1ec5355c48546b19f2d3ffc824,S020,4
f042ce1ec5355c48546b19f2d3ffc824,S022,5
f042ce1ec5355c48546b19f2d3ffc824,S007,4
f042ce1ec5355c48546b19f2d3ffc824,S011,3
f042ce1ec5355c48546b19f2d3ffc824,S045,4
f042ce1ec5355c48546b19f2d3ffc824,S035,4
92f9754a579a1b107d0b0c575f7b690a,S021,4
92f9754a579a1b107d0b0c575f7b690a,S039,4
92f9754a579a1b107d0b0c575f7b690a,S020,2
92f9754a579a1b107d0b0c575f7b690a,S007,3
92f9754a579a1b107d0b0c575f7b690a,S035,2
92f9754a579a1b107d0b0c575f7b690a,S027,4
92f9754a579a1b107d0b0c575f7b690a,S030,4
92f9754a579a1b107d0b0c575f7b690a,S009,3
92f9754a579a1b107d0b0c575f7b690a,S014,5
92f9754a579a1b107d0b0c575f7b690a,S023,4
5b90003f7a42718811ac8485cad17ff7,S018,5
5b90003f7a42718811ac8485cad17ff7,S037,4
5b90003f7a42718811ac8485cad17ff7,S023,4
5b90003f7a42718811ac8485cad17ff7,S025,4
5b90003f7a42718811ac8485cad17ff7,S019,4
5b90003f7a42718811ac8485cad17ff7,S003,5
5b90003f7a42718811ac8485cad17ff7,S020,4
5b90003f7a42718811ac8485cad17ff7,S024,3
5b90003f7a42718811ac8485cad17ff7,S040,3
5b90003f7a42718811ac8485cad17ff7,S015,4
b81f53a2d03fdc11af26c426d9c6cbc6,S001,3
b81f53a2d03fdc11af26c426d9c6cbc6,S030,3
b81f53a2d03fdc11af26c426d9c6cbc6,S037,4
b81f53a2d03fdc11af26c426d9c6cbc6,S036,5
b81f53a2d03fdc11af26c426d9c6cbc6,S014,4
b81f53a2d03fdc11af26c426d9c6cbc6,S038,4
b81f53a2d03fdc11af26c426d9c6cbc6,S019,3
b81f53a2d03fdc11af26c426d9c6cbc6,S040,4
b81f53a2d03fdc11af26c426d9c6cbc6,S005,5
b81f53a2d03fdc11af26c426d9c6cbc6,S034,4
b81f53a2d03fdc11af26c426d9c6cbc6,S039,4
b81f53a2d03fdc11af26c426d9c6cbc6,S044,4
b81f53a2d03fdc11af26c426d9c6cbc6,S011,4
7c927ba485f19d40f0576c2a1c01af32,S019,3
7c927ba485f19d40f0576c2a1c01af32,S008,4
7c927ba485f19d40f0576c2a1c01af32,S016,3
7c927ba485f19d40f0576c2a1c01af32,S044,3
7c927ba485f19d40f0576c2a1c01af32,S005,2
7c927ba485f19d40f0576c2a1c01af32,S011,2
7c927ba485f19d40f0576c2a1c01af32,S038,2
7c927ba485f19d40f0576c2a1c01af32,S007,3
0cd662ad6ccc0ec5c528bb395c6dc95a,S010,3
0cd662ad6ccc0ec5c528bb395c6dc95a,S044,3
0cd662ad6ccc0ec5c528bb395c6dc95a,S020,5
0cd662ad6ccc0ec5c528bb395c6dc95a,S035,4
0cd662ad6ccc0ec5c528bb395c6dc95a,S009,4
0cd662ad6ccc0ec5c528bb395c6dc95a,S036,4
0cd662ad6ccc0ec5c528bb395c6dc95a,S016,3
0cd662ad6ccc0ec5c528bb395c6dc95a,S038,5
0cd662ad6ccc0ec5c528bb395c6dc95a,S003,5
0cd662ad6ccc0ec5c528bb395c6dc95a,S042,5
0cd662ad6ccc0ec5c528bb395c6dc95a,S030,5
f6df3de60bec844eb3d784e8148ef906,S020,4
f6df3de60bec844eb3d784e8148ef906,S005,5
f6df3de60bec844eb3d784e8148ef906,S013,5
f6df3de60bec844eb3d784e8148ef906,S036,4
f6df3de60bec844eb3d784e8148ef906,S041,5
f6df3de60bec844eb3d784e8148ef906,S009,5
f6df3de60bec844eb3d784e8148ef906,S019,5
f6df3de60bec844eb3d784e8148ef906,S040,5
f6df3de60bec844eb3d784e8148ef906,S008,5
f6df3de60bec844eb3d784e8148ef906,S044,5
f6df3de60bec844eb3d784e8148ef906,S001,4
322d723df446e80a00c14f90d3d5d990,S042,2
322d723df446e80a00c14f90d3d5d990,S045,2
322d723df446e80a00c14f90d3d5d990,S032,3
322d723df446e80a00c14f90d3d5d990,S028,3
322d723df446e80a00c14f90d3d5d990,S015,2
322d723df446e80a00c14f90d3d5d990,S037,4
322d723df446e80a00c14f90d3d5d990,S035,3
322d723df446e80a00c14f90d3d5d990,S031,4
322d723df446e80a00c14f90d3d5d990,S002,4
322d723df446e80a00c14f90d3d5d990,S021,2
322d723df446e80a00c14f90d3d5d990,S014,3
baba91fe0adebfd920dbaf77c10d4dad,S004,1
baba91fe0adebfd920dbaf77c10d4dad,S021,2
baba91fe0adebfd920dbaf77c10d4dad,S038,2
baba91fe0adebfd920dbaf77c10d4dad,S032,1
baba91fe0adebfd920dbaf77c10d4dad,S018,1
482724dd9513de560d456d147d122d88,S044,4
482724dd9513de560d456d147d122d88,S036,4
482724dd9513de560d456d147d122d88,S030,3
482724dd9513de560d456d147d122d88,S034,5
482724dd9513de560d456d147d122d88,S014,4
482724dd9513de560d456d147d122d88,S033,5
482724dd9513de560d456d147d122d88,S040,4
482724dd9513de560d456d147d122d88,S019,4
482724dd9513de560d456d147d122d88,S022,3
482724dd9513de560d456d147d122d88,S026,4
482724dd9513de560d456d147d122d88,S016,3
482724dd9513de560d456d147d122d88,S045,4
482724dd9513de560d456d147d122d88,S029,5
59a68963d64e99fb517afa3e2fc889f0,S021,3
59a68963d64e99fb517afa3e2fc889f0,S038,3
59a68963d64e99fb517afa3e2fc889f0,S018,3
59a68963d64e99fb517afa3e2fc889f0,S011,2
59a68963d64e99fb517afa3e2fc889f0,S005,4
59a68963d64e99fb517afa3e2fc889f0,S037,3
59a68963d64e99fb517afa3e2fc889f0,S007,4
59a68963d64e99fb517afa3e2fc889f0,S008,4
59a68963d64e99fb517afa3e2fc889f0,S009,4
59a68963d64e99fb517afa3e2fc889f0,S040,4
60cf9c8362152fc176439ff3705b01c2,S025,2
60cf9c8362152fc176439ff3705b01c2,S019,4
60cf9c8362152fc176439ff3705b01c2,S008,2
60cf9c8362152fc176439ff3705b01c2,S012,3
60cf9c8362152fc176439ff3705b01c2,S017,3
60cf9c8362152fc176439ff3705b01c2,S043,3
60cf9c8362152fc176439ff3705b01c2,S014,3
60cf9c8362152fc176439ff3705b01c2,S024,3
692c3619f5ebf8ec3c8ec55bab377fc7,S006,2
692c3619f5ebf8ec3c8ec55bab377fc7,S045,2
692c3619f5ebf8ec3c8ec55bab377fc7,S040,2
692c3619f5ebf8ec3c8ec55bab377fc7,S039,2
692c3619f5ebf8ec3c8ec55bab377fc7,S003,2
692c3619f5ebf8ec3c8ec55bab377fc7,S034,1
692c3619f5ebf8ec3c8ec55bab377fc7,S035,3
be2863a1d2ca0c2aa17267dcd583006e,S031,4
be2863a1d2ca0c2aa17267dcd583006e,S011,4
be2863a1d2ca0c2aa17267dcd583006e,S013,4
be2863a1d2ca0c2aa17267dcd583006e,S010,3
be2863a1d2ca0c2aa17267dcd583006e,S038,5
be2863a1d2ca0c2aa17267dcd583006e,S001,4
be2863a1d2ca0c2aa17267dcd583006e,S030,5
be2863a1d2ca0c2aa17267dcd583006e,S033,5
be2863a1d2ca0c2aa17267dcd583006e,S025,4
be2863a1d2ca0c2aa17267dcd583006e,S021,3
462e470e711325d7cdc82b6d594e5cd3,S006,5
462e470e711325d7cdc82b6d594e5cd3,S030,4
462e470e711325d7cdc82b6d594e5cd3,S017,4
462e470e711325d7cdc82b6d594e5cd3,S044,2
462e470e711325d7cdc82b6d594e5cd3,S015,5
462e470e711325d7cdc82b6d594e5cd3,S011,3
462e470e711325d7cdc82b6d594e5cd3,S021,3
462e470e711325d7cdc82b6d594e5cd3,S027,3
462e470e711325d7cdc82b6d594e5cd3,S041,4
462e470e711325d7cdc82b6d594e5cd3,S034,3
462e470e711325d7cdc82b6d594e5cd3,S014,4
462e470e711325d7cdc82b6d594e5cd3,S023,4
89053891f8c683c4cc73ca4320dc05d0,S005,5
89053891f8c683c4cc73ca4320dc05d0,S045,4
89053891f8c683c4cc73ca4320dc05d0,S027,4
89053891f8c683c4cc73ca4320dc05d0,S018,5
89053891f8c683c4cc73ca4320dc05d0,S034,4
89053891f8c683c4cc73ca4320dc05d0,S040,5
89053891f8c683c4cc73ca4320dc05d0,S015,3
89053891f8c683c4cc73ca4320dc05d0,S022,5
89053891f8c683c4cc73ca4320dc05d0,S007,4
89053891f8c683c4cc73ca4320dc05d0,S011,4
89053891f8c683c4cc73ca4320dc05d0,S020,3
89053891f8c683c4cc73ca4320dc05d0,S031,3
89053891f8c683c4cc73ca4320dc05d0,S043,4
b51a13339c5266237db8d7366f653abc,S011,5
b51a13339c5266237db8d7366f653abc,S037,3
b51a13339c5266237db8d7366f653abc,S002,4
b51a13339c5266237db8d7366f653abc,S038,5
b51a13339c5266237db8d7366f653abc,S039,4
b51a13339c5266237db8d7366f653abc,S027,2
b51a13339c5266237db8d7366f653abc,S034,4
b51a13339c5266237db8d7366f653abc,S019,3
b51a13339c5266237db8d7366f653abc,S009,4
b51a13339c5266237db8d7366f653abc,S018,4
b51a13339c5266237db8d7366f653abc,S033,3
4b257c277cd226d1e5ffb20188e3095b,S018,1
4b257c277cd226d1e5ffb20188e3095b,S025,1
4b257c277cd226d1e5ffb20188e3095b,S006,1
4b257c277cd226d1e5ffb20188e3095b,S028,1
4b257c277cd226d1e5ffb20188e3095b,S017,1
4b257c277cd226d1e5ffb20188e3095b,S042,2
4b257c277cd226d1e5ffb20188e3095b,S037,1
0b763a330bd169adefd3dc1e275a84a4,S023,4
0b763a330bd169adefd3dc1e275a84a4,S001,2
0b763a330bd169adefd3dc1e275a84a4,S012,4
0b763a330bd169adefd3dc1e275a84a4,S019,2
0b763a330bd169adefd3dc1e275a84a4,S026,4
0b763a330bd169adefd3dc1e275a84a4,S014,4
0b763a330bd169adefd3dc1e275a84a4,S029,3
0b763a330bd169adefd3dc1e275a84a4,S007,4
5679c0f56318e6a48d6e4ac4898f54f4,S006,4
5679c0f56318e6a48d6e4ac4898f54f4,S039,4
5679c0f56318e6a48d6e4ac4898f54f4,S022,4
5679c0f56318e6a48d6e4ac4898f54f4,S012,2
5679c0f56318e6a48d6e4ac4898f54f4,S019,4
5679c0f56318e6a48d6e4ac4898f54f4,S018,3
5679c0f56318e6a48d6e4ac4898f54f4,S031,2
5679c0f56318e6a48d6e4ac4898f54f4,S003,4
5679c0f56318e6a48d6e4ac4898f54f4,S023,3
5679c0f56318e6a48d6e4ac4898f54f4,S029,4
5679c0f56318e6a48d6e4ac4898f54f4,S035,4
5679c0f56318e6a48d6e4ac4898f54f4,S034,5
0d80cc5ef47d2f71d70f853e3c5751c7,S005,4
0d80cc5ef47d2f71d70f853e3c5751c7,S033,2
0d80cc5ef47d2f71d70f853e3c5751c7,S001,3
0d80cc5ef47d2f71d70f853e3c5751c7,S017,4
0d80cc5ef47d2f71d70f853e3c5751c7,S041,3
0d80cc5ef47d2f71d70f853e3c5751c7,S011,3
0d80cc5ef47d2f71d70f853e3c5751c7,S018,3
0d80cc5ef47d2f71d70f853e3c5751c7,S039,4
b8c5c939d9dfa67b909d8784dea6fcfb,S035,4
b8c5c939d9dfa67b909d8784dea6fcfb,S012,3
b8c5c939d9dfa67b909d8784dea6fcfb,S024,3
b8c5c939d9dfa67b909d8784dea6fcfb,S001,3
b8c5c939d9dfa67b909d8784dea6fcfb,S008,3
b8c5c939d9dfa67b909d8784dea6fcfb,S005,2
b8c5c939d9dfa67b909d8784dea6fcfb,S003,3
b8c5c939d9dfa67b909d8784dea6fcfb,S006,3
b8c5c939d9dfa67b909d8784dea6fcfb,S045,3
b8c5c939d9dfa67b909d8784dea6fcfb,S022,2
b8c5c939d9dfa67b909d8784dea6fcfb,S023,3
b8c5c939d9dfa67b909d8784dea6fcfb,S010,2
bc8c9417593a091ecaa6499f411956ca,S014,5
bc8c9417593a091ecaa6499f411956ca,S023,4
bc8c9417593a091ecaa6499f411956ca,S020,5
bc8c9417593a091ecaa6499f411956ca,S009,5
bc8c9417593a091ecaa6499f411956ca,S039,5
bc8c9417593a091ecaa6499f411956ca,S027,5
bc8c9417593a091ecaa6499f411956ca,S012,5
bc8c9417593a091ecaa6499f411956ca,S002,4
bc8c9417593a091ecaa6499f411956ca,S018,4
bc8c9417593a091ecaa6499f411956ca,S044,2
bc8c9417593a091ecaa6499f411956ca,S029,3
bc8c9417593a091ecaa6499f411956ca,S022,5
bc8c9417593a091ecaa6499f411956ca,S034,4
bc8c9417593a091ecaa6499f411956ca,S045,5
bc8c9417593a091ecaa6499f411956ca,S040,4
c7b82214d29d501c93fd328b63f079b4,S010,4
c7b82214d29d501c93fd328b63f079b4,S045,5
c7b82214d29d501c93fd328b63f079b4,S043,3
c7b82214d29d501c93fd328b63f079b4,S014,4
c7b82214d29d501c93fd328b63f079b4,S036,4
c7b82214d29d501c93fd328b63f079b4,S009,5
c7b82214d29d501c93fd328b63f079b4,S016,5
c7b82214d29d501c93fd328b63f079b4,S044,4
c7b82214d29d501c93fd328b63f079b4,S008,3
c7b82214d29d501c93fd328b63f079b4,S015,4
c7b82214d29d501c93fd328b63f079b4,S028,5
c7b82214d29d501c93fd328b63f079b4,S034,5
0a92cbe8bbdf4df43193e1671b934bca,S044,3
0a92cbe8bbdf4df43193e1671b934bca,S031,2
0a92cbe8bbdf4df43193e1671b934bca,S003,3
0a92cbe8bbdf4df43193e1671b934bca,S023,3
0a92cbe8bbdf4df43193e1671b934bca,S042,3
0a92cbe8bbdf4df43193e1671b934bca,S022,2
0a92cbe8bbdf4df43193e1671b934bca,S033,3
0a92cbe8bbdf4df43193e1671b934bca,S013,4
0a92cbe8bbdf4df43193e1671b934bca,S020,3
e20624a9d9a5598204219a9117f95628,S033,3
e20624a9d9a5598204219a9117f95628,S020,4
e20624a9d9a5598204219a9117f95628,S026,5
e20624a9d9a5598204219a9117f95628,S036,4
e20624a9d9a5598204219a9117f95628,S035,5
e20624a9d9a5598204219a9117f95628,S004,5
e20624a9d9a5598204219a9117f95628,S003,5
e20624a9d9a5598204219a9117f95628,S001,5
e20624a9d9a5598204219a9117f95628,S044,5
e20624a9d9a5598204219a9117f95628,S013,4
e20624a9d9a5598204219a9117f95628,S009,4
e20624a9d9a5598204219a9117f95628,S039,5
e20624a9d9a5598204219a9117f95628,S006,4
e20624a9d9a5598204219a9117f95628,S008,5
96c7c7a0e0339a87a3bcc04e38176a27,S013,2
96c7c7a0e0339a87a3bcc04e38176a27,S024,3
96c7c7a0e0339a87a3bcc04e38176a27,S028,1
96c7c7a0e0339a87a3bcc04e38176a27,S045,2
96c7c7a0e0339a87a3bcc04e38176a27,S023,1
96c7c7a0e0339a87a3bcc04e38176a27,S014,2
96c7c7a0e0339a87a3bcc04e38176a27,S010,3
96c7c7a0e0339a87a3bcc04e38176a27,S042,2
96c7c7a0e0339a87a3bcc04e38176a27,S035,1
b0025966b5ba15e58beb567d0a6eddfc,S009,4
b0025966b5ba15e58beb567d0a6eddfc,S044,3
b0025966b5ba15e58beb567d0a6eddfc,S033,3
b0025966b5ba15e58beb567d0a6eddfc,S020,3
b0025966b5ba15e58beb567d0a6eddfc,S002,5
b0025966b5ba15e58beb567d0a6eddfc,S013,4
b0025966b5ba15e58beb567d0a6eddfc,S015,4
b0025966b5ba15e58beb567d0a6eddfc,S043,4
b0025966b5ba15e58beb567d0a6eddfc,S018,4
b0025966b5ba15e58beb567d0a6eddfc,S025,2
b0025966b5ba15e58beb567d0a6eddfc,S008,4
b0025966b5ba15e58beb567d0a6eddfc,S010,5
5b29be5870f4f18600e2805ba4ab0154,S020,4
5b29be5870f4f18600e2805ba4ab0154,S023,5
5b29be5870f4f18600e2805ba4ab0154,S019,4
5b29be5870f4f18600e2805ba4ab0154,S027,4
5b29be5870f4f18600e2805ba4ab0154,S004,4
5b29be5870f4f18600e2805ba4ab0154,S007,5
5b29be5870f4f18600e2805ba4ab0154,S025,3
5b29be5870f4f18600e2805ba4ab0154,S037,4
5b29be5870f4f18600e2805ba4ab0154,S001,5
5b29be5870f4f18600e2805ba4ab0154,S006,4
5b29be5870f4f18600e2805ba4ab0154,S005,4
5b29be5870f4f18600e2805ba4ab0154,S016,4
5b29be5870f4f18600e2805ba4ab0154,S015,5
5b29be5870f4f18600e2805ba4ab0154,S042,4
ef5a5b37b149f4d782ec191b6fae6902,S021,2
ef5a5b37b149f4d782ec191b6fae6902,S034,3
ef5a5b37b149f4d782ec191b6fae6902,S001,1
ef5a5b37b149f4d782ec191b6fae6902,S002,1
ef5a5b37b149f4d782ec191b6fae6902,S045,2
d5746174175cd10395edfae28be0819b,S007,3
d5746174175cd10395edfae28be0819b,S018,5
d5746174175cd10395edfae28be0819b,S010,4
d5746174175cd10395edfae28be0819b,S043,3
d5746174175cd10395edfae28be0819b,S044,3
d5746174175cd10395edfae28be0819b,S001,4
d5746174175cd10395edfae28be0819b,S028,4
d5746174175cd10395edfae28be0819b,S025,3
d5746174175cd10395edfae28be0819b,S011,4
d5746174175cd10395edfae28be0819b,S004,5
d5746174175cd10395edfae28be0819b,S031,4
d5746174175cd10395edfae28be0819b,S035,4
d5746174175cd10395edfae28be0819b,S032,4
7216e0554d69ec4b16d79ac2de7792c5,S037,1
7216e0554d69ec4b16d79ac2de7792c5,S045,2
7216e0554d69ec4b16d79ac2de7792c5,S042,2
7216e0554d69ec4b16d79ac2de7792c5,S022,1
7216e0554d69ec4b16d79ac2de7792c5,S043,2
7216e0554d69ec4b16d79ac2de7792c5,S009,2
7216e0554d69ec4b16d79ac2de7792c5,S024,1
0be55f56f44bd748d72b92d5e761cf35,S030,1
0be55f56f44bd748d72b92d5e761cf35,S015,3
0be55f56f44bd748d72b92d5e761cf35,S005,1
0be55f56f44bd748d72b92d5e761cf35,S031,4
0be55f56f44bd748d72b92d5e761cf35,S018,1
0be55f56f44bd748d72b92d5e761cf35,S020,1
0be55f56f44bd748d72b92d5e761cf35,S041,2
0be55f56f44bd748d72b92d5e761cf35,S023,2
824bd5c6bdc39d2221c28c141a5f2309,S014,2
824bd5c6bdc39d2221c28c141a5f2309,S033,3
824bd5c6bdc39d2221c28c141a5f2309,S025,3
824bd5c6bdc39d2221c28c141a5f2309,S043,2
824bd5c6bdc39d2221c28c141a5f2309,S012,3
824bd5c6bdc39d2221c28c141a5f2309,S010,2
824bd5c6bdc39d2221c28c141a5f2309,S037,4
824bd5c6bdc39d2221c28c141a5f2309,S011,4
824bd5c6bdc39d2221c28c141a5f2309,S018,4
824bd5c6bdc39d2221c28c141a5f2309,S027,2
356fce90fe73d46b3a7adca67d743cb5,S043,5
356fce90fe73d46b3a7adca67d743cb5,S029,5
356fce90fe73d46b3a7adca67d743cb5,S027,4
356fce90fe73d46b3a7adca67d743cb5,S017,5
356fce90fe73d46b3a7adca67d743cb5,S005,5
356fce90fe73d46b3a7adca67d743cb5,S037,4
356fce90fe73d46b3a7adca67d743cb5,S003,4
356fce90fe73d46b3a7adca67d743cb5,S044,4
356fce90fe73d46b3a7adca67d743cb5,S024,2
356fce90fe73d46b3a7adca67d743cb5,S008,3
356fce90fe73d46b3a7adca67d743cb5,S028,3
356fce90fe73d46b3a7adca67d743cb5,S002,4
b046814358d91f3c6d7d3c1fdd4da792,S009,3
b046814358d91f3c6d7d3c1fdd4da792,S007,4
b046814358d91f3c6d7d3c1fdd4da792,S041,4
b046814358d91f3c6d7d3c1fdd4da792,S024,3
b046814358d91f3c6d7d3c1fdd4da792,S017,2
b046814358d91f3c6d7d3c1fdd4da792,S019,3
b046814358d91f3c6d7d3c1fdd4da792,S001,3
b046814358d91f3c6d7d3c1fdd4da792,S026,3
b046814358d91f3c6d7d3c1fdd4da792,S022,3
b046814358d91f3c6d7d3c1fdd4da792,S037,3
b046814358d91f3c6d7d3c1fdd4da792,S035,3
715b01fac65ae3a65c06a775fbc33516,S035,3
715b01fac65ae3a65c06a775fbc33516,S004,4
715b01fac65ae3a65c06a775fbc33516,S037,4
715b01fac65ae3a65c06a775fbc33516,S027,4
715b01fac65ae3a65c06a775fbc33516,S016,4
715b01fac65ae3a65c06a775fbc33516,S007,4
715b01fac65ae3a65c06a775fbc33516,S042,4
715b01fac65ae3a65c06a775fbc33516,S020,5
715b01fac65ae3a65c06a775fbc33516,S043,3
715b01fac65ae3a65c06a775fbc33516,S010,4
bb92733b56007365180595e78e995b96,S009,2
bb92733b56007365180595e78e995b96,S011,1
bb92733b56007365180595e78e995b96,S006,1
bb92733b56007365180595e78e995b96,S001,2
bb92733b56007365180595e78e995b96,S040,1
bb92733b56007365180595e78e995b96,S015,1
bb92733b56007365180595e78e995b96,S033,2
a138a123a5aa71eaa7eb835055334f37,S032,5
a138a123a5aa71eaa7eb835055334f37,S029,3
a138a123a5aa71eaa7eb835055334f37,S012,5
a138a123a5aa71eaa7eb835055334f37,S042,5
a138a123a5aa71eaa7eb835055334f37,S030,5
a138a123a5aa71eaa7eb835055334f37,S016,3
a138a123a5aa71eaa7eb835055334f37,S001,5
a138a123a5aa71eaa7eb835055334f37,S043,4
a138a123a5aa71eaa7eb835055334f37,S040,3
a138a123a5aa71eaa7eb835055334f37,S007,4
a138a123a5aa71eaa7eb835055334f37,S035,3
a138a123a5aa71eaa7eb835055334f37,S044,3
6e480cf5a6834c6d3f33b933a151f9da,S027,4
6e480cf5a6834c6d3f33b933a151f9da,S032,5
6e480cf5a6834c6d3f33b933a151f9da,S044,4
6e480cf5a6834c6d3f33b933a151f9da,S031,5
6e480cf5a6834c6d3f33b933a151f9da,S002,5
6e480cf5a6834c6d3f33b933a151f9da,S020,4
6e480cf5a6834c6d3f33b933a151f9da,S039,4
6e480cf5a6834c6d3f33b933a151f9da,S012,4
6e480cf5a6834c6d3f33b933a151f9da,S043,5
6e480cf5a6834c6d3f33b933a151f9da,S038,4
6e480cf5a6834c6d3f33b933a151f9da,S045,5
e8d05487bf9525e818f2752128f8fd99,S041,4
e8d05487bf9525e818f2752128f8fd99,S037,4
e8d05487bf9525e818f2752128f8fd99,S025,3
e8d05487bf9525e818f2752128f8fd99,S042,4
e8d05487bf9525e818f2752128f8fd99,S013,3
e8d05487bf9525e818f2752128f8fd99,S030,2
e8d05487bf9525e818f2752128f8fd99,S018,3
e8d05487bf9525e818f2752128f8fd99,S036,4
e8d05487bf9525e818f2752128f8fd99,S024,4
e8d05487bf9525e818f2752128f8fd99,S006,3
e8d05487bf9525e818f2752128f8fd99,S015,5
e8d05487bf9525e818f2752128f8fd99,S028,2
eaf479f1b1cce9c7d24fdbf95d17ec53,S005,5
eaf479f1b1cce9c7d24fdbf95d17ec53,S043,4
eaf479f1b1cce9c7d24fdbf95d17ec53,S007,4
eaf479f1b1cce9c7d24fdbf95d17ec53,S001,3
eaf479f1b1cce9c7d24fdbf95d17ec53,S037,2
eaf479f1b1cce9c7d24fdbf95d17ec53,S017,5
eaf479f1b1cce9c7d24fdbf95d17ec53,S034,5
eaf479f1b1cce9c7d24fdbf95d17ec53,S041,4
eaf479f1b1cce9c7d24fdbf95d17ec53,S028,5
eaf479f1b1cce9c7d24fdbf95d17ec53,S004,4
4b5524a610de29c3ec794c0ca8487e6f,S028,3
4b5524a610de29c3ec794c0ca8487e6f,S043,3
4b5524a610de29c3ec794c0ca8487e6f,S003,2
4b5524a610de29c3ec794c0ca8487e6f,S025,3
4b5524a610de29c3ec794c0ca8487e6f,S014,4
4b5524a610de29c3ec794c0ca8487e6f,S023,3
4b5524a610de29c3ec794c0ca8487e6f,S036,2
4b5524a610de29c3ec794c0ca8487e6f,S033,3
4b5524a610de29c3ec794c0ca8487e6f,S026,4
c8a36987e9a5304456de1b9af31e1b02,S004,2
c8a36987e9a5304456de1b9af31e1b02,S018,2
c8a36987e9a5304456de1b9af31e1b02,S031,3
c8a36987e9a5304456de1b9af31e1b02,S038,4
c8a36987e9a5304456de1b9af31e1b02,S028,3
c8a36987e9a5304456de1b9af31e1b02,S003,4
c8a36987e9a5304456de1b9af31e1b02,S019,4
c8a36987e9a5304456de1b9af31e1b02,S013,4
c8a36987e9a5304456de1b9af31e1b02,S014,4
c8a36987e9a5304456de1b9af31e1b02,S021,3
c8a36987e9a5304456de1b9af31e1b02,S023,4
aa4d90f40b46b1dc1555c5b7f5a1113f,S043,5
aa4d90f40b46b1dc1555c5b7f5a1113f,S021,4
aa4d90f40b46b1dc1555c5b7f5a1113f,S015,3
aa4d90f40b46b1dc1555c5b7f5a1113f,S004,3
aa4d90f40b46b1dc1555c5b7f5a1113f,S013,5
aa4d90f40b46b1dc1555c5b7f5a1113f,S031,4
aa4d90f40b46b1dc1555c5b7f5a1113f,S007,5
aa4d90f40b46b1dc1555c5b7f5a1113f,S017,4
aa4d90f40b46b1dc1555c5b7f5a1113f,S044,5
aa4d90f40b46b1dc1555c5b7f5a1113f,S045,5
6690ebda88a431b69b3c432520747c1a,S011,4
6690ebda88a431b69b3c432520747c1a,S026,4
6690ebda88a431b69b3c432520747c1a,S040,4
6690ebda88a431b69b3c432520747c1a,S035,4
6690ebda88a431b69b3c432520747c1a,S013,5
6690ebda88a431b69b3c432520747c1a,S022,5
6690ebda88a431b69b3c432520747c1a,S033,4
6690ebda88a431b69b3c432520747c1a,S010,5
6690ebda88a431b69b3c432520747c1a,S020,5
6690ebda88a431b69b3c432520747c1a,S031,4
6690ebda88a431b69b3c432520747c1a,S037,3
6690ebda88a431b69b3c432520747c1a,S029,4
b8e693d75beec80650f22d9d02c2b079,S041,4
b8e693d75beec80650f22d9d02c2b079,S038,4
b8e693d75beec80650f22d9d02c2b079,S002,5
b8e693d75beec80650f22d9d02c2b079,S028,4
b8e693d75beec80650f22d9d02c2b079,S011,4
b8e693d75beec80650f22d9d02c2b079,S020,5
b8e693d75beec80650f22d9d02c2b079,S016,4
b8e693d75beec80650f22d9d02c2b079,S027,3
b8e693d75beec80650f22d9d02c2b079,S005,4
b8e693d75beec80650f22d9d02c2b079,S033,3
b8e693d75beec80650f22d9d02c2b079,S003,5
96ac7e22db4adf04cea9c2951d9e1f5d,S003,2
96ac7e22db4adf04cea9c2951d9e1f5d,S042,3
96ac7e22db4adf04cea9c2951d9e1f5d,S030,3
96ac7e22db4adf04cea9c2951d9e1f5d,S038,1
96ac7e22db4adf04cea9c2951d9e1f5d,S039,2
96ac7e22db4adf04cea9c2951d9e1f5d,S012,1
1ba00b024b2672baae0e53283c7c2a96,S012,3
1ba00b024b2672baae0e53283c7c2a96,S030,3
1ba00b024b2672baae0e53283c7c2a96,S043,3
1ba00b024b2672baae0e53283c7c2a96,S018,3
1ba00b024b2672baae0e53283c7c2a96,S013,2
1ba00b024b2672baae0e53283c7c2a96,S038,3
1ba00b024b2672baae0e53283c7c2a96,S024,4
1ba00b024b2672baae0e53283c7c2a96,S006,3
1ba00b024b2672baae0e53283c7c2a96,S021,3
1ba00b024b2672baae0e53283c7c2a96,S027,3
1ba00b024b2672baae0e53283c7c2a96,S032,4
c4dcb07d05f85b0c20a7d74f00d01ff2,S025,4
c4dcb07d05f85b0c20a7d74f00d01ff2,S024,5
c4dcb07d05f85b0c20a7d74f00d01ff2,S034,4
c4dcb07d05f85b0c20a7d74f00d01ff2,S037,5
c4dcb07d05f85b0c20a7d74f00d01ff2,S009,5
c4dcb07d05f85b0c20a7d74f00d01ff2,S036,4
c4dcb07d05f85b0c20a7d74f00d01ff2,S007,3
c4dcb07d05f85b0c20a7d74f00d01ff2,S002,5
c4dcb07d05f85b0c20a7d74f00d01ff2,S020,4
c4dcb07d05f85b0c20a7d74f00d01ff2,S033,4
c4dcb07d05f85b0c20a7d74f00d01ff2,S015,5
c4dcb07d05f85b0c20a7d74f00d01ff2,S044,5
f8b1d5b9260bce653a268d17f95f066d,S008,1
f8b1d5b9260bce653a268d17f95f066d,S025,1
f8b1d5b9260bce653a268d17f95f066d,S026,2
f8b1d5b9260bce653a268d17f95f066d,S024,2
f8b1d5b9260bce653a268d17f95f066d,S023,1
f8b1d5b9260bce653a268d17f95f066d,S014,1
f8b1d5b9260bce653a268d17f95f066d,S016,1
55ee52b0c82bd295803e0fc3941a7eca,S022,5
55ee52b0c82bd295803e0fc3941a7eca,S023,3
55ee52b0c82bd295803e0fc3941a7eca,S020,5
55ee52b0c82bd295803e0fc3941a7eca,S041,5
55ee52b0c82bd295803e0fc3941a7eca,S025,3
55ee52b0c82bd295803e0fc3941a7eca,S014,3
55ee52b0c82bd295803e0fc3941a7eca,S008,4
55ee52b0c82bd295803e0fc3941a7eca,S034,3
55ee52b0c82bd295803e0fc3941a7eca,S012,4
55ee52b0c82bd295803e0fc3941a7eca,S039,5
55ee52b0c82bd295803e0fc3941a7eca,S021,4
55ee52b0c82bd295803e0fc3941a7eca,S015,5
49b505c92c959c9ba66c755e83371ad7,S035,3
49b505c92c959c9ba66c755e83371ad7,S017,4
49b505c92c959c9ba66c755e83371ad7,S044,4
49b505c92c959c9ba66c755e83371ad7,S024,3
49b505c92c959c9ba66c755e83371ad7,S014,4
49b505c92c959c9ba66c755e83371ad7,S040,4
49b505c92c959c9ba66c755e83371ad7,S006,3
49b505c92c959c9ba66c755e83371ad7,S041,3
49b505c92c959c9ba66c755e83371ad7,S011,3
49b505c92c959c9ba66c755e83371ad7,S022,4
49b505c92c959c9ba66c755e83371ad7,S018,4
49b505c92c959c9ba66c755e83371ad7,S031,5
49b505c92c959c9ba66c755e83371ad7,S033,5
49b505c92c959c9ba66c755e83371ad7,S003,4
49b505c92c959c9ba66c755e83371ad7,S005,5
c842677ff6b1c3e74fe6d53b1ad8f8b6,S034,2
c842677ff6b1c3e74fe6d53b1ad8f8b6,S045,1
c842677ff6b1c3e74fe6d53b1ad8f8b6,S011,1
c842677ff6b1c3e74fe6d53b1ad8f8b6,S030,1
c842677ff6b1c3e74fe6d53b1ad8f8b6,S014,1
78d5edbdb14031239fd445f6ce33d179,S027,3
78d5edbdb14031239fd445f6ce33d179,S035,4
78d5edbdb14031239fd445f6ce33d179,S023,4
78d5edbdb14031239fd445f6ce33d179,S038,4
78d5edbdb14031239fd445f6ce33d179,S016,4
78d5edbdb14031239fd445f6ce33d179,S032,5
78d5edbdb14031239fd445f6ce33d179,S009,4
78d5edbdb14031239fd445f6ce33d179,S014,3
78d5edbdb14031239fd445f6ce33d179,S008,3
78d5edbdb14031239fd445f6ce33d179,S018,5
78d5edbdb14031239fd445f6ce33d179,S045,5
918f64bf5275bab8ac4d2b0fe5004e9c,S001,1
918f64bf5275bab8ac4d2b0fe5004e9c,S036,2
918f64bf5275bab8ac4d2b0fe5004e9c,S045,1
918f64bf5275bab8ac4d2b0fe5004e9c,S012,2
918f64bf5275bab8ac4d2b0fe5004e9c,S015,2
918f64bf5275bab8ac4d2b0fe5004e9c,S006,1
fddc342037a5df44ad2dd9ce76b443cc,S030,5
fddc342037a5df44ad2dd9ce76b443cc,S012,3
fddc342037a5df44ad2dd9ce76b443cc,S024,4
fddc342037a5df44ad2dd9ce76b443cc,S042,3
fddc342037a5df44ad2dd9ce76b443cc,S005,4
fddc342037a5df44ad2dd9ce76b443cc,S032,4
fddc342037a5df44ad2dd9ce76b443cc,S027,3
fddc342037a5df44ad2dd9ce76b443cc,S035,5
fddc342037a5df44ad2dd9ce76b443cc,S017,5
fddc342037a5df44ad2dd9ce76b443cc,S038,3
fddc342037a5df44ad2dd9ce76b443cc,S033,4
fddc342037a5df44ad2dd9ce76b443cc,S015,3
fddc342037a5df44ad2dd9ce76b443cc,S013,4
98caf2a7509bac65d88ec2494bce2427,S045,2
98caf2a7509bac65d88ec2494bce2427,S023,1
98caf2a7509bac65d88ec2494bce2427,S040,1
98caf2a7509bac65d88ec2494bce2427,S028,1
98caf2a7509bac65d88ec2494bce2427,S013,1
98caf2a7509bac65d88ec2494bce2427,S031,3
a6d8ed9f41b69d9c8af692738bd53ef1,S043,3
a6d8ed9f41b69d9c8af692738bd53ef1,S003,4
a6d8ed9f41b69d9c8af692738bd53ef1,S040,4
a6d8ed9f41b69d9c8af692738bd53ef1,S007,5
a6d8ed9f41b69d9c8af692738bd53ef1,S031,3
a6d8ed9f41b69d9c8af692738bd53ef1,S036,2
a6d8ed9f41b69d9c8af692738bd53ef1,S020,4
a6d8ed9f41b69d9c8af692738bd53ef1,S017,4
a6d8ed9f41b69d9c8af692738bd53ef1,S008,3
a6d8ed9f41b69d9c8af692738bd53ef1,S045,2
a6d8ed9f41b69d9c8af692738bd53ef1,S018,4
8ff275855b019785f00b6facb611b654,S016,1
8ff275855b019785f00b6facb611b654,S036,1
8ff275855b019785f00b6facb611b654,S019,2
8ff275855b019785f00b6facb611b654,S004,2
8ff275855b019785f00b6facb611b654,S029,3
ee818d12c8190e3a20de909894f47785,S013,5
ee818d12c8190e3a20de909894f47785,S025,4
ee818d12c8190e3a20de909894f47785,S004,5
ee818d12c8190e3a20de909894f47785,S044,4
ee818d12c8190e3a20de909894f47785,S006,3
ee818d12c8190e3a20de909894f47785,S020,5
ee818d12c8190e3a20de909894f47785,S028,4
ee818d12c8190e3a20de909894f47785,S039,5
ee818d12c8190e3a20de909894f47785,S002,5
ee818d12c8190e3a20de909894f47785,S022,4
ee818d12c8190e3a20de909894f47785,S023,4
ee818d12c8190e3a20de909894f47785,S008,5
ee818d12c8190e3a20de909894f47785,S029,4
303e264ea82b86fd37aaffc67a5c1d1d,S005,3
303e264ea82b86fd37aaffc67a5c1d1d,S036,4
303e264ea82b86fd37aaffc67a5c1d1d,S011,3
303e264ea82b86fd37aaffc67a5c1d1d,S042,2
303e264ea82b86fd37aaffc67a5c1d1d,S019,2
303e264ea82b86fd37aaffc67a5c1d1d,S013,3
303e264ea82b86fd37aaffc67a5c1d1d,S032,4
303e264ea82b86fd37aaffc67a5c1d1d,S012,4
303e264ea82b86fd37aaffc67a5c1d1d,S034,3
303e264ea82b86fd37aaffc67a5c1d1d,S002,3
303e264ea82b86fd37aaffc67a5c1d1d,S010,5
303e264ea82b86fd37aaffc67a5c1d1d,S021,4
9463ea77812535daef178d1e3440b21f,S001,4
9463ea77812535daef178d1e3440b21f,S022,5
9463ea77812535daef178d1e3440b21f,S032,5
9463ea77812535daef178d1e3440b21f,S027,4
9463ea77812535daef178d1e3440b21f,S003,4
9463ea77812535daef178d1e3440b21f,S016,3
9463ea77812535daef178d1e3440b21f,S018,4
9463ea77812535daef178d1e3440b21f,S030,4
9463ea77812535daef178d1e3440b21f,S044,4
9463ea77812535daef178d1e3440b21f,S017,5
9463ea77812535daef178d1e3440b21f,S013,4
9463ea77812535daef178d1e3440b21f,S002,3
2aacc307ece728aa8864b1b8200105f9,S006,3
2aacc307ece728aa8864b1b8200105f9,S034,2
2aacc307ece728aa8864b1b8200105f9,S028,3
2aacc307ece728aa8864b1b8200105f9,S013,4
2aacc307ece728aa8864b1b8200105f9,S002,2
2aacc307ece728aa8864b1b8200105f9,S032,3
2aacc307ece728aa8864b1b8200105f9,S023,3
2aacc307ece728aa8864b1b8200105f9,S042,3
2aacc307ece728aa8864b1b8200105f9,S001,4
f2acb1a94496d7da4418f16dd754652a,S030,3
f2acb1a94496d7da4418f16dd754652a,S044,3
f2acb1a94496d7da4418f16dd754652a,S016,3
f2acb1a94496d7da4418f16dd754652a,S045,4
f2acb1a94496d7da4418f16dd754652a,S033,4
f2acb1a94496d7da4418f16dd754652a,S005,2
f2acb1a94496d7da4418f16dd754652a,S006,3
f2acb1a94496d7da4418f16dd754652a,S007,3
f2acb1a94496d7da4418f16dd754652a,S004,2
2ba2f5f8315da9a1836a519712eb7429,S033,5
2ba2f5f8315da9a1836a519712eb7429,S038,4
2ba2f5f8315da9a1836a519712eb7429,S036,5
2ba2f5f8315da9a1836a519712eb7429,S021,5
2ba2f5f8315da9a1836a519712eb7429,S019,5
2ba2f5f8315da9a1836a519712eb7429,S004,5
2ba2f5f8315da9a1836a519712eb7429,S024,5
2ba2f5f8315da9a1836a519712eb7429,S029,5
2ba2f5f8315da9a1836a519712eb7429,S034,5
2ba2f5f8315da9a1836a519712eb7429,S008,4
2ba2f5f8315da9a1836a519712eb7429,S044,5
2ba2f5f8315da9a1836a519712eb7429,S020,5
2ba2f5f8315da9a1836a519712eb7429,S045,5
502027bcc8155d06ce99b1a296d3440e,S014,4
502027bcc8155d06ce99b1a296d3440e,S026,3
502027bcc8155d06ce99b1a296d3440e,S035,5
502027bcc8155d06ce99b1a296d3440e,S021,4
502027bcc8155d06ce99b1a296d3440e,S005,4
502027bcc8155d06ce99b1a296d3440e,S038,5
502027bcc8155d06ce99b1a296d3440e,S027,4
502027bcc8155d06ce99b1a296d3440e,S001,5
502027bcc8155d06ce99b1a296d3440e,S033,5
502027bcc8155d06ce99b1a296d3440e,S019,3
502027bcc8155d06ce99b1a296d3440e,S040,4
502027bcc8155d06ce99b1a296d3440e,S030,3
3208a98bd06dfd48163d32aee7a57248,S015,2
3208a98bd06dfd48163d32aee7a57248,S006,1
3208a98bd06dfd48163d32aee7a57248,S025,1
3208a98bd06dfd48163d32aee7a57248,S023,1
3208a98bd06dfd48163d32aee7a57248,S033,2
3208a98bd06dfd48163d32aee7a57248,S010,2
3208a98bd06dfd48163d32aee7a57248,S021,2
e3f8384c8d9d046d798d24f4a8bc0d42,S007,3
e3f8384c8d9d046d798d24f4a8bc0d42,S026,4
e3f8384c8d9d046d798d24f4a8bc0d42,S022,3
e3f8384c8d9d046d798d24f4a8bc0d42,S002,2
e3f8384c8d9d046d798d24f4a8bc0d42,S012,3
e3f8384c8d9d046d798d24f4a8bc0d42,S040,4
e3f8384c8d9d046d798d24f4a8bc0d42,S008,4
e3f8384c8d9d046d798d24f4a8bc0d42,S042,3
3ae6068092282f0f8ecc0608bb18e6b2,S044,2
3ae6068092282f0f8ecc0608bb18e6b2,S020,2
3ae6068092282f0f8ecc0608bb18e6b2,S038,3
3ae6068092282f0f8ecc0608bb18e6b2,S005,4
3ae6068092282f0f8ecc0608bb18e6b2,S029,2
3ae6068092282f0f8ecc0608bb18e6b2,S040,3
3ae6068092282f0f8ecc0608bb18e6b2,S031,4
3ae6068092282f0f8ecc0608bb18e6b2,S024,5
3cd3cbd48308c5330b9ff23722fe27fd,S019,1
3cd3cbd48308c5330b9ff23722fe27fd,S039,1
3cd3cbd48308c5330b9ff23722fe27fd,S028,2
3cd3cbd48308c5330b9ff23722fe27fd,S018,2
3cd3cbd48308c5330b9ff23722fe27fd,S005,1
3cd3cbd48308c5330b9ff23722fe27fd,S023,2
3cd3cbd48308c5330b9ff23722fe27fd,S026,2
90f44b9ea8ee815f9911ff9584e4b6ff,S014,2
90f44b9ea8ee815f9911ff9584e4b6ff,S012,2
90f44b9ea8ee815f9911ff9584e4b6ff,S010,2
90f44b9ea8ee815f9911ff9584e4b6ff,S016,2
90f44b9ea8ee815f9911ff9584e4b6ff,S032,2
90f44b9ea8ee815f9911ff9584e4b6ff,S035,3
90f44b9ea8ee815f9911ff9584e4b6ff,S022,2
8024b807e050c38396da01e3cff968eb,S018,3
8024b807e050c38396da01e3cff968eb,S024,2
8024b807e050c38396da01e3cff968eb,S030,2
8024b807e050c38396da01e3cff968eb,S031,4
8024b807e050c38396da01e3cff968eb,S016,2
8024b807e050c38396da01e3cff968eb,S038,4
8024b807e050c38396da01e3cff968eb,S045,4
8024b807e050c38396da01e3cff968eb,S012,4
8024b807e050c38396da01e3cff968eb,S011,3
8024b807e050c38396da01e3cff968eb,S040,3
fab0e8746d7079005c897bd0d1c4c0df,S036,3
fab0e8746d7079005c897bd0d1c4c0df,S013,2
fab0e8746d7079005c897bd0d1c4c0df,S039,4
fab0e8746d7079005c897bd0d1c4c0df,S032,3
fab0e8746d7079005c897bd0d1c4c0df,S044,3
fab0e8746d7079005c897bd0d1c4c0df,S033,3
fab0e8746d7079005c897bd0d1c4c0df,S017,4
fab0e8746d7079005c897bd0d1c4c0df,S002,3
fab0e8746d7079005c897bd0d1c4c0df,S037,3
fab0e8746d7079005c897bd0d1c4c0df,S008,3
fab0e8746d7079005c897bd0d1c4c0df,S015,4
fab0e8746d7079005c897bd0d1c4c0df,S023,3
b13257613476fd787e9995eb4114c539,S037,4
b13257613476fd787e9995eb4114c539,S042,5
b13257613476fd787e9995eb4114c539,S001,3
b13257613476fd787e9995eb4114c539,S034,5
b13257613476fd787e9995eb4114c539,S025,3
b13257613476fd787e9995eb4114c539,S032,4
b13257613476fd787e9995eb4114c539,S038,5
b13257613476fd787e9995eb4114c539,S012,5
b13257613476fd787e9995eb4114c539,S004,4
b13257613476fd787e9995eb4114c539,S006,3
b13257613476fd787e9995eb4114c539,S010,5
b13257613476fd787e9995eb4114c539,S022,4
b13257613476fd787e9995eb4114c539,S033,3
b13257613476fd787e9995eb4114c539,S002,4
9ecf91d13aab950b80030ac12ec3bc89,S008,2
9ecf91d13aab950b80030ac12ec3bc89,S041,1
9ecf91d13aab950b80030ac12ec3bc89,S036,2
9ecf91d13aab950b80030ac12ec3bc89,S020,1
9ecf91d13aab950b80030ac12ec3bc89,S007,1
9ecf91d13aab950b80030ac12ec3bc89,S016,2
c42712e2eb220d482f77485300d55b21,S020,1
c42712e2eb220d482f77485300d55b21,S019,1
c42712e2eb220d482f77485300d55b21,S008,1
c42712e2eb220d482f77485300d55b21,S043,1
c42712e2eb220d482f77485300d55b21,S007,2
59fc117dd60ddf10447c0eff9ed459be,S037,3
59fc117dd60ddf10447c0eff9ed459be,S007,3
59fc117dd60ddf10447c0eff9ed459be,S040,2
59fc117dd60ddf10447c0eff9ed459be,S020,3
59fc117dd60ddf10447c0eff9ed459be,S027,2
59fc117dd60ddf10447c0eff9ed459be,S002,3
59fc117dd60ddf10447c0eff9ed459be,S026,4
59fc117dd60ddf10447c0eff9ed459be,S008,3
59fc117dd60ddf10447c0eff9ed459be,S021,2
576637ff9110d82eb7ce315a2b765e42,S018,3
576637ff9110d82eb7ce315a2b765e42,S041,2
576637ff9110d82eb7ce315a2b765e42,S010,4
576637ff9110d82eb7ce315a2b765e42,S008,2
576637ff9110d82eb7ce315a2b765e42,S042,4
576637ff9110d82eb7ce315a2b765e42,S002,3
576637ff9110d82eb7ce315a2b765e42,S006,2
576637ff9110d82eb7ce315a2b765e42,S026,3
16664930688ce18f941f97d4ae87130a,S011,2
16664930688ce18f941f97d4ae87130a,S023,3
16664930688ce18f941f97d4ae87130a,S031,4
16664930688ce18f941f97d4ae87130a,S040,3
16664930688ce18f941f97d4ae87130a,S001,4
16664930688ce18f941f97d4ae87130a,S043,2
16664930688ce18f941f97d4ae87130a,S027,3
16664930688ce18f941f97d4ae87130a,S021,2
16664930688ce18f941f97d4ae87130a,S017,4
16664930688ce18f941f97d4ae87130a,S006,4
16664930688ce18f941f97d4ae87130a,S019,3
adee8353553f9bc8c89b9ceaaf5be731,S005,4
adee8353553f9bc8c89b9ceaaf5be731,S004,3
adee8353553f9bc8c89b9ceaaf5be731,S014,4
adee8353553f9bc8c89b9ceaaf5be731,S030,5
adee8353553f9bc8c89b9ceaaf5be731,S022,4
adee8353553f9bc8c89b9ceaaf5be731,S001,4
adee8353553f9bc8c89b9ceaaf5be731,S018,5
adee8353553f9bc8c89b9ceaaf5be731,S028,5
adee8353553f9bc8c89b9ceaaf5be731,S002,4
adee8353553f9bc8c89b9ceaaf5be731,S017,5
adee8353553f9bc8c89b9ceaaf5be731,S011,4
adee8353553f9bc8c89b9ceaaf5be731,S042,4
7a8302594aca1b91ace9ae4f4dcb3b7c,S035,1
7a8302594aca1b91ace9ae4f4dcb3b7c,S005,1
7a8302594aca1b91ace9ae4f4dcb3b7c,S008,2
7a8302594aca1b91ace9ae4f4dcb3b7c,S002,1
7a8302594aca1b91ace9ae4f4dcb3b7c,S043,3
4137b5fec4a2f534dbb3e27b00239c7c,S024,2
4137b5fec4a2f534dbb3e27b00239c7c,S021,5
4137b5fec4a2f534dbb3e27b00239c7c,S026,5
4137b5fec4a2f534dbb3e27b00239c7c,S039,5
4137b5fec4a2f534dbb3e27b00239c7c,S009,4
4137b5fec4a2f534dbb3e27b00239c7c,S044,5
4137b5fec4a2f534dbb3e27b00239c7c,S005,5
4137b5fec4a2f534dbb3e27b00239c7c,S028,4
4137b5fec4a2f534dbb3e27b00239c7c,S003,5
4137b5fec4a2f534dbb3e27b00239c7c,S027,4
4137b5fec4a2f534dbb3e27b00239c7c,S040,4
4137b5fec4a2f534dbb3e27b00239c7c,S018,4
4137b5fec4a2f534dbb3e27b00239c7c,S006,4
b4c8fd1467c8b2952eba1d66fa42f337,S017,1
b4c8fd1467c8b2952eba1d66fa42f337,S007,1
b4c8fd1467c8b2952eba1d66fa42f337,S020,1
b4c8fd1467c8b2952eba1d66fa42f337,S002,3
b4c8fd1467c8b2952eba1d66fa42f337,S012,2
6b49d9a82c511228e716a1345fcc2196,S016,4
6b49d9a82c511228e716a1345fcc2196,S005,3
6b49d9a82c511228e716a1345fcc2196,S023,4
6b49d9a82c511228e716a1345fcc2196,S019,5
6b49d9a82c511228e716a1345fcc2196,S008,4
6b49d9a82c511228e716a1345fcc2196,S012,3
6b49d9a82c511228e716a1345fcc2196,S038,2
6b49d9a82c511228e716a1345fcc2196,S043,4
2bc3840c49077dbac55f417253d840c0,S031,3
2bc3840c49077dbac55f417253d840c0,S035,3
2bc3840c49077dbac55f417253d840c0,S025,3
2bc3840c49077dbac55f417253d840c0,S008,2
2bc3840c49077dbac55f417253d840c0,S041,3
2bc3840c49077dbac55f417253d840c0,S016,1
2bc3840c49077dbac55f417253d840c0,S028,3
2bc3840c49077dbac55f417253d840c0,S039,3
65bbf364f4f42e4addc73236d61249f6,S027,4
65bbf364f4f42e4addc73236d61249f6,S041,4
65bbf364f4f42e4addc73236d61249f6,S004,3
65bbf364f4f42e4addc73236d61249f6,S008,3
65bbf364f4f42e4addc73236d61249f6,S025,5
65bbf364f4f42e4addc73236d61249f6,S024,4
65bbf364f4f42e4addc73236d61249f6,S029,3
65bbf364f4f42e4addc73236d61249f6,S033,3
65bbf364f4f42e4addc73236d61249f6,S017,4
65bbf364f4f42e4addc73236d61249f6,S021,3
65bbf364f4f42e4addc73236d61249f6,S010,2
5905ba794a25dea504187c879dd8f6a0,S013,3
5905ba794a25dea504187c879dd8f6a0,S037,3
5905ba794a25dea504187c879dd8f6a0,S024,5
5905ba794a25dea504187c879dd8f6a0,S016,4
5905ba794a25dea504187c879dd8f6a0,S002,5
5905ba794a25dea504187c879dd8f6a0,S027,4
5905ba794a25dea504187c879dd8f6a0,S001,4
5905ba794a25dea504187c879dd8f6a0,S006,5
5905ba794a25dea504187c879dd8f6a0,S019,3
5905ba794a25dea504187c879dd8f6a0,S011,5
5905ba794a25dea504187c879dd8f6a0,S014,5
5905ba794a25dea504187c879dd8f6a0,S025,5
35752e554544b3276749d64101a20af2,S001,4
35752e554544b3276749d64101a20af2,S005,5
35752e554544b3276749d64101a20af2,S044,3
35752e554544b3276749d64101a20af2,S037,4
35752e554544b3276749d64101a20af2,S030,4
35752e554544b3276749d64101a20af2,S016,3
35752e554544b3276749d64101a20af2,S017,3
35752e554544b3276749d64101a20af2,S035,5
35752e554544b3276749d64101a20af2,S025,3
35752e554544b3276749d64101a20af2,S045,4
35752e554544b3276749d64101a20af2,S009,3
35752e554544b3276749d64101a20af2,S036,5
35752e554544b3276749d64101a20af2,S008,4
35752e554544b3276749d64101a20af2,S012,4
08f4e90d1050ac0e9fea0782c69ba31e,S021,4
08f4e90d1050ac0e9fea0782c69ba31e,S002,4
08f4e90d1050ac0e9fea0782c69ba31e,S014,4
08f4e90d1050ac0e9fea0782c69ba31e,S028,5
08f4e90d1050ac0e9fea0782c69ba31e,S009,4
08f4e90d1050ac0e9fea0782c69ba31e,S020,5
08f4e90d1050ac0e9fea0782c69ba31e,S045,5
08f4e90d1050ac0e9fea0782c69ba31e,S016,3
08f4e90d1050ac0e9fea0782c69ba31e,S032,3
08f4e90d1050ac0e9fea0782c69ba31e,S010,4
08f4e90d1050ac0e9fea0782c69ba31e,S005,5
08f4e90d1050ac0e9fea0782c69ba31e,S011,5
213f0d77818086c84c43f41625b80d0b,S029,3
213f0d77818086c84c43f41625b80d0b,S036,3
213f0d77818086c84c43f41625b80d0b,S034,3
213f0d77818086c84c43f41625b80d0b,S039,3
213f0d77818086c84c43f41625b80d0b,S031,2
213f0d77818086c84c43f41625b80d0b,S002,2
213f0d77818086c84c43f41625b80d0b,S008,3
213f0d77818086c84c43f41625b80d0b,S016,3
213f0d77818086c84c43f41625b80d0b,S042,3
e934a0af758f400e411841393c22563a,S042,2
e934a0af758f400e411841393c22563a,S029,3
e934a0af758f400e411841393c22563a,S022,4
e934a0af758f400e411841393c22563a,S003,2
e934a0af758f400e411841393c22563a,S038,3
e934a0af758f400e411841393c22563a,S012,5
e934a0af758f400e411841393c22563a,S010,3
e934a0af758f400e411841393c22563a,S043,4
f74152d3bf07b43bcbe236b45ae8e512,S014,2
f74152d3bf07b43bcbe236b45ae8e512,S027,2
f74152d3bf07b43bcbe236b45ae8e512,S019,2
f74152d3bf07b43bcbe236b45ae8e512,S012,2
f74152d3bf07b43bcbe236b45ae8e512,S018,2
119ac0e05588926bf80ede9db5a0c83f,S013,2
119ac0e05588926bf80ede9db5a0c83f,S038,3
119ac0e05588926bf80ede9db5a0c83f,S005,3
119ac0e05588926bf80ede9db5a0c83f,S007,3
119ac0e05588926bf80ede9db5a0c83f,S044,2
119ac0e05588926bf80ede9db5a0c83f,S011,1
119ac0e05588926bf80ede9db5a0c83f,S002,2
119ac0e05588926bf80ede9db5a0c83f,S033,3
119ac0e05588926bf80ede9db5a0c83f,S017,3
312182fdd484518f7f0cb8b51347370b,S009,3
312182fdd484518f7f0cb8b51347370b,S015,5
312182fdd484518f7f0cb8b51347370b,S045,3
312182fdd484518f7f0cb8b51347370b,S020,3
312182fdd484518f7f0cb8b51347370b,S012,2
312182fdd484518f7f0cb8b51347370b,S032,4
312182fdd484518f7f0cb8b51347370b,S010,2
312182fdd484518f7f0cb8b51347370b,S029,2
312182fdd484518f7f0cb8b51347370b,S017,2
312182fdd484518f7f0cb8b51347370b,S042,4
312182fdd484518f7f0cb8b51347370b,S021,3
dacbea9b19719da8a5a641414f64a726,S021,2
dacbea9b19719da8a5a641414f64a726,S015,2
dacbea9b19719da8a5a641414f64a726,S037,1
dacbea9b19719da8a5a641414f64a726,S024,2
dacbea9b19719da8a5a641414f64a726,S002,2
dacbea9b19719da8a5a641414f64a726,S042,3
41eadf4ed4b2e49deffb33b560d7e0cd,S032,4
41eadf4ed4b2e49deffb33b560d7e0cd,S025,3
41eadf4ed4b2e49deffb33b560d7e0cd,S002,2
41eadf4ed4b2e49deffb33b560d7e0cd,S021,4
41eadf4ed4b2e49deffb33b560d7e0cd,S007,3
41eadf4ed4b2e49deffb33b560d7e0cd,S001,4
41eadf4ed4b2e49deffb33b560d7e0cd,S038,4
41eadf4ed4b2e49deffb33b560d7e0cd,S027,3
41eadf4ed4b2e49deffb33b560d7e0cd,S031,3
d1585341fa0c5730f2103f0618c79234,S026,3
d1585341fa0c5730f2103f0618c79234,S022,4
d1585341fa0c5730f2103f0618c79234,S002,3
d1585341fa0c5730f2103f0618c79234,S029,3
d1585341fa0c5730f2103f0618c79234,S007,3
d1585341fa0c5730f2103f0618c79234,S034,5
d1585341fa0c5730f2103f0618c79234,S025,5
d1585341fa0c5730f2103f0618c79234,S028,4
d1585341fa0c5730f2103f0618c79234,S027,3
d1585341fa0c5730f2103f0618c79234,S006,2
d1585341fa0c5730f2103f0618c79234,S024,3
ae0be2b63c5e7d14cfdc914f0075433e,S033,3
ae0be2b63c5e7d14cfdc914f0075433e,S010,2
ae0be2b63c5e7d14cfdc914f0075433e,S043,5
ae0be2b63c5e7d14cfdc914f0075433e,S004,5
ae0be2b63c5e7d14cfdc914f0075433e,S035,4
ae0be2b63c5e7d14cfdc914f0075433e,S031,4
ae0be2b63c5e7d14cfdc914f0075433e,S023,3
ae0be2b63c5e7d14cfdc914f0075433e,S001,4
ae0be2b63c5e7d14cfdc914f0075433e,S019,3
ae0be2b63c5e7d14cfdc914f0075433e,S021,5
ae0be2b63c5e7d14cfdc914f0075433e,S034,4
ae0be2b63c5e7d14cfdc914f0075433e,S029,2
ae0be2b63c5e7d14cfdc914f0075433e,S036,4
e8e4ca6d9a9dfcf0fb9f42491cbbe133,S043,3
e8e4ca6d9a9dfcf0fb9f42491cbbe133,S038,1
e8e4ca6d9a9dfcf0fb9f42491cbbe133,S018,1
e8e4ca6d9a9dfcf0fb9f42491cbbe133,S033,2
e8e4ca6d9a9dfcf0fb9f42491cbbe133,S008,4
e8e4ca6d9a9dfcf0fb9f42491cbbe133,S037,1
e8e4ca6d9a9dfcf0fb9f42491cbbe133,S019,1
12a458eb15801bd6c8c8ef59acae2f1a,S003,1
12a458eb15801bd6c8c8ef59acae2f1a,S006,3
12a458eb15801bd6c8c8ef59acae2f1a,S038,1
12a458eb15801bd6c8c8ef59acae2f1a,S034,1
12a458eb15801bd6c8c8ef59acae2f1a,S032,1
12a458eb15801bd6c8c8ef59acae2f1a,S028,2
12a458eb15801bd6c8c8ef59acae2f1a,S021,1
edd5ddbbb3ab4918f8fa8d5e478ccc6d,S033,3
edd5ddbbb3ab4918f8fa8d5e478ccc6d,S013,4
edd5ddbbb3ab4918f8fa8d5e478ccc6d,S010,3
edd5ddbbb3ab4918f8fa8d5e478ccc6d,S018,5
edd5ddbbb3ab4918f8fa8d5e478ccc6d,S008,4
edd5ddbbb3ab4918f8fa8d5e478ccc6d,S043,5
edd5ddbbb3ab4918f8fa8d5e478ccc6d,S044,3
edd5ddbbb3ab4918f8fa8d5e478ccc6d,S023,3
edd5ddbbb3ab4918f8fa8d5e478ccc6d,S025,4
edd5ddbbb3ab4918f8fa8d5e478ccc6d,S045,5
edd5ddbbb3ab4918f8fa8d5e478ccc6d,S034,4
edd5ddbbb3ab4918f8fa8d5e478ccc6d,S039,3
edd5ddbbb3ab4918f8fa8d5e478ccc6d,S035,4
edd5ddbbb3ab4918f8fa8d5e478ccc6d,S032,3
1bdce342cdb48a84d043e5406d4fb0c4,S003,4
1bdce342cdb48a84d043e5406d4fb0c4,S028,3
1bdce342cdb48a84d043e5406d4fb0c4,S023,4
1bdce342cdb48a84d043e5406d4fb0c4,S043,3
1bdce342cdb48a84d043e5406d4fb0c4,S034,3
1bdce342cdb48a84d043e5406d4fb0c4,S039,2
1bdce342cdb48a84d043e5406d4fb0c4,S006,4
1bdce342cdb48a84d043e5406d4fb0c4,S011,5
1bdce342cdb48a84d043e5406d4fb0c4,S004,4
1bdce342cdb48a84d043e5406d4fb0c4,S020,4
1bdce342cdb48a84d043e5406d4fb0c4,S015,3
4354b2e30129b77f53f9eacddec32733,S029,4
4354b2e30129b77f53f9eacddec32733,S044,4
4354b2e30129b77f53f9eacddec32733,S035,4
4354b2e30129b77f53f9eacddec32733,S043,3
4354b2e30129b77f53f9eacddec32733,S031,3
4354b2e30129b77f53f9eacddec32733,S011,4
4354b2e30129b77f53f9eacddec32733,S008,3
4354b2e30129b77f53f9eacddec32733,S004,3
4354b2e30129b77f53f9eacddec32733,S017,3
4354b2e30129b77f53f9eacddec32733,S016,5
4354b2e30129b77f53f9eacddec32733,S025,5
4354b2e30129b77f53f9eacddec32733,S001,4
2062c4641e960ca73c627bbf4d553f73,S036,3
2062c4641e960ca73c627bbf4d553f73,S030,4
2062c4641e960ca73c627bbf4d553f73,S040,4
2062c4641e960ca73c627bbf4d553f73,S009,4
2062c4641e960ca73c627bbf4d553f73,S005,4
2062c4641e960ca73c627bbf4d553f73,S013,5
2062c4641e960ca73c627bbf4d553f73,S020,3
2062c4641e960ca73c627bbf4d553f73,S027,4
2062c4641e960ca73c627bbf4d553f73,S012,3
2062c4641e960ca73c627bbf4d553f73,S010,5
2062c4641e960ca73c627bbf4d553f73,S034,5
2062c4641e960ca73c627bbf4d553f73,S014,4
2062c4641e960ca73c627bbf4d553f73,S003,3
2062c4641e960ca73c627bbf4d553f73,S041,3
6f196432f015eec1fd75b5888e9e6365,S017,3
6f196432f015eec1fd75b5888e9e6365,S004,2
6f196432f015eec1fd75b5888e9e6365,S036,4
6f196432f015eec1fd75b5888e9e6365,S021,4
6f196432f015eec1fd75b5888e9e6365,S045,4
6f196432f015eec1fd75b5888e9e6365,S002,3
6f196432f015eec1fd75b5888e9e6365,S001,2
6f196432f015eec1fd75b5888e9e6365,S005,3
6f196432f015eec1fd75b5888e9e6365,S013,3
f1b776fee544dff37fcac43c73752117,S016,1
f1b776fee544dff37fcac43c73752117,S020,2
f1b776fee544dff37fcac43c73752117,S022,1
f1b776fee544dff37fcac43c73752117,S026,2
f1b776fee544dff37fcac43c73752117,S018,3
f1b776fee544dff37fcac43c73752117,S021,2
f1b776fee544dff37fcac43c73752117,S027,1
f1b776fee544dff37fcac43c73752117,S009,2
baa7cc9cd87293136efdf8c848f061b3,S029,3
baa7cc9cd87293136efdf8c848f061b3,S004,4
baa7cc9cd87293136efdf8c848f061b3,S038,4
baa7cc9cd87293136efdf8c848f061b3,S032,2
baa7cc9cd87293136efdf8c848f061b3,S010,3
baa7cc9cd87293136efdf8c848f061b3,S012,3
baa7cc9cd87293136efdf8c848f061b3,S007,3
baa7cc9cd87293136efdf8c848f061b3,S028,4
3e107b5b31055264463b9dac98de4e64,S026,2
3e107b5b31055264463b9dac98de4e64,S009,3
3e107b5b31055264463b9dac98de4e64,S022,4
3e107b5b31055264463b9dac98de4e64,S025,3
3e107b5b31055264463b9dac98de4e64,S015,2
3e107b5b31055264463b9dac98de4e64,S044,3
3e107b5b31055264463b9dac98de4e64,S041,3
3e107b5b31055264463b9dac98de4e64,S003,3
3e107b5b31055264463b9dac98de4e64,S005,4
3e107b5b31055264463b9dac98de4e64,S030,3
a6bb5f7d8b7a0d74ca4ada09f5bc1eb7,S003,1
a6bb5f7d8b7a0d74ca4ada09f5bc1eb7,S014,2
a6bb5f7d8b7a0d74ca4ada09f5bc1eb7,S011,2
a6bb5f7d8b7a0d74ca4ada09f5bc1eb7,S015,3
a6bb5f7d8b7a0d74ca4ada09f5bc1eb7,S023,1
a6bb5f7d8b7a0d74ca4ada09f5bc1eb7,S044,2
d3e9cade33cc4d424e5b05f8ee7cea46,S042,3
d3e9cade33cc4d424e5b05f8ee7cea46,S031,2
d3e9cade33cc4d424e5b05f8ee7cea46,S003,1
d3e9cade33cc4d424e5b05f8ee7cea46,S002,2
d3e9cade33cc4d424e5b05f8ee7cea46,S038,2
d3e9cade33cc4d424e5b05f8ee7cea46,S023,1
dcbb8026d69777c2a22ce57a2c0a3e58,S028,4
dcbb8026d69777c2a22ce57a2c0a3e58,S006,3
dcbb8026d69777c2a22ce57a2c0a3e58,S041,4
dcbb8026d69777c2a22ce57a2c0a3e58,S004,3
dcbb8026d69777c2a22ce57a2c0a3e58,S031,2
dcbb8026d69777c2a22ce57a2c0a3e58,S023,4
dcbb8026d69777c2a22ce57a2c0a3e58,S032,3
dcbb8026d69777c2a22ce57a2c0a3e58,S034,3
dcbb8026d69777c2a22ce57a2c0a3e58,S005,4
dcbb8026d69777c2a22ce57a2c0a3e58,S042,2
dcbb8026d69777c2a22ce57a2c0a3e58,S033,3
8b0f5dfb75a5d5fd1bdd1f71998c7bc4,S019,2
8b0f5dfb75a5d5fd1bdd1f71998c7bc4,S024,3
8b0f5dfb75a5d5fd1bdd1f71998c7bc4,S015,3
8b0f5dfb75a5d5fd1bdd1f71998c7bc4,S014,3
8b0f5dfb75a5d5fd1bdd1f71998c7bc4,S006,1
8b0f5dfb75a5d5fd1bdd1f71998c7bc4,S032,1
8b0f5dfb75a5d5fd1bdd1f71998c7bc4,S013,2
8b0f5dfb75a5d5fd1bdd1f71998c7bc4,S043,1
8b0f5dfb75a5d5fd1bdd1f71998c7bc4,S010,3
8b0f5dfb75a5d5fd1bdd1f71998c7bc4,S034,2
bbb9e88a57854cf82893d5328b4425e7,S033,4
bbb9e88a57854cf82893d5328b4425e7,S019,2
bbb9e88a57854cf82893d5328b4425e7,S018,3
bbb9e88a57854cf82893d5328b4425e7,S032,4
bbb9e88a57854cf82893d5328b4425e7,S007,2
bbb9e88a57854cf82893d5328b4425e7,S002,4
bbb9e88a57854cf82893d5328b4425e7,S009,3
bbb9e88a57854cf82893d5328b4425e7,S006,3
bbb9e88a57854cf82893d5328b4425e7,S017,3
87b83ca1e20f22b35bd6f1214454ae1b,S022,3
87b83ca1e20f22b35bd6f1214454ae1b,S039,1
87b83ca1e20f22b35bd6f1214454ae1b,S043,3
87b83ca1e20f22b35bd6f1214454ae1b,S013,2
87b83ca1e20f22b35bd6f1214454ae1b,S012,2
87b83ca1e20f22b35bd6f1214454ae1b,S015,2
87b83ca1e20f22b35bd6f1214454ae1b,S024,3
87b83ca1e20f22b35bd6f1214454ae1b,S005,4
87b83ca1e20f22b35bd6f1214454ae1b,S003,2
a3b28ac49eb87137b9bb1c3676592213,S025,3
a3b28ac49eb87137b9bb1c3676592213,S020,3
a3b28ac49eb87137b9bb1c3676592213,S042,4
a3b28ac49eb87137b9bb1c3676592213,S023,2
a3b28ac49eb87137b9bb1c3676592213,S018,3
a3b28ac49eb87137b9bb1c3676592213,S034,3
a3b28ac49eb87137b9bb1c3676592213,S005,3
a3b28ac49eb87137b9bb1c3676592213,S011,4
e8808e8c1206a77285cb0539259b9049,S026,1
e8808e8c1206a77285cb0539259b9049,S022,1
e8808e8c1206a77285cb0539259b9049,S045,1
e8808e8c1206a77285cb0539259b9049,S043,2
e8808e8c1206a77285cb0539259b9049,S009,2
e8808e8c1206a77285cb0539259b9049,S042,1
85ef411f37bc47eb4a6063e827bd5e99,S013,3
85ef411f37bc47eb4a6063e827bd5e99,S044,3
85ef411f37bc47eb4a6063e827bd5e99,S007,3
85ef411f37bc47eb4a6063e827bd5e99,S038,1
85ef411f37bc47eb4a6063e827bd5e99,S034,2
85ef411f37bc47eb4a6063e827bd5e99,S012,2
a2555b75529cdce4fadf2ec81ca162ad,S026,2
a2555b75529cdce4fadf2ec81ca162ad,S032,3
a2555b75529cdce4fadf2ec81ca162ad,S042,4
a2555b75529cdce4fadf2ec81ca162ad,S021,3
a2555b75529cdce4fadf2ec81ca162ad,S041,4
a2555b75529cdce4fadf2ec81ca162ad,S018,4
a2555b75529cdce4fadf2ec81ca162ad,S004,2
a2555b75529cdce4fadf2ec81ca162ad,S016,3
a2555b75529cdce4fadf2ec81ca162ad,S044,5
a2555b75529cdce4fadf2ec81ca162ad,S006,4
a2555b75529cdce4fadf2ec81ca162ad,S023,3
a2555b75529cdce4fadf2ec81ca162ad,S031,4
b1db42e55c34e9fb701f334fc04da1a1,S009,3
b1db42e55c34e9fb701f334fc04da1a1,S021,5
b1db42e55c34e9fb701f334fc04da1a1,S019,5
b1db42e55c34e9fb701f334fc04da1a1,S038,3
b1db42e55c34e9fb701f334fc04da1a1,S011,3
b1db42e55c34e9fb701f334fc04da1a1,S006,3
b1db42e55c34e9fb701f334fc04da1a1,S024,4
b1db42e55c34e9fb701f334fc04da1a1,S039,2
b1db42e55c34e9fb701f334fc04da1a1,S023,4
b1db42e55c34e9fb701f334fc04da1a1,S013,4
e64ab574463ac586bbfad7b61557f4c4,S018,1
e64ab574463ac586bbfad7b61557f4c4,S033,1
e64ab574463ac586bbfad7b61557f4c4,S011,2
e64ab574463ac586bbfad7b61557f4c4,S027,2
e64ab574463ac586bbfad7b61557f4c4,S001,1
70f9195d014ea1273849bcbb30c01d2d,S008,3
70f9195d014ea1273849bcbb30c01d2d,S003,4
70f9195d014ea1273849bcbb30c01d2d,S033,4
70f9195d014ea1273849bcbb30c01d2d,S010,4
70f9195d014ea1273849bcbb30c01d2d,S024,4
70f9195d014ea1273849bcbb30c01d2d,S032,5
70f9195d014ea1273849bcbb30c01d2d,S022,4
70f9195d014ea1273849bcbb30c01d2d,S020,5
70f9195d014ea1273849bcbb30c01d2d,S007,5
70f9195d014ea1273849bcbb30c01d2d,S001,4
70f9195d014ea1273849bcbb30c01d2d,S037,5
ed6ae7d1889a7f77069938ff42536b69,S001,3
ed6ae7d1889a7f77069938ff42536b69,S037,3
ed6ae7d1889a7f77069938ff42536b69,S028,3
ed6ae7d1889a7f77069938ff42536b69,S014,3
ed6ae7d1889a7f77069938ff42536b69,S020,4
ed6ae7d1889a7f77069938ff42536b69,S044,4
ed6ae7d1889a7f77069938ff42536b69,S004,4
ed6ae7d1889a7f77069938ff42536b69,S016,2
d14ba24d486bb0336f10ba211e1e2fce,S032,2
d14ba24d486bb0336f10ba211e1e2fce,S038,1
d14ba24d486bb0336f10ba211e1e2fce,S014,3
d14ba24d486bb0336f10ba211e1e2fce,S020,2
d14ba24d486bb0336f10ba211e1e2fce,S030,3
d14ba24d486bb0336f10ba211e1e2fce,S007,4
d14ba24d486bb0336f10ba211e1e2fce,S026,2
d14ba24d486bb0336f10ba211e1e2fce,S002,3
d14ba24d486bb0336f10ba211e1e2fce,S001,3
d14ba24d486bb0336f10ba211e1e2fce,S036,2
d14ba24d486bb0336f10ba211e1e2fce,S045,2
d4534bc2fa199a66351f1b1d6ab3d178,S007,4
d4534bc2fa199a66351f1b1d6ab3d178,S015,4
d4534bc2fa199a66351f1b1d6ab3d178,S045,4
d4534bc2fa199a66351f1b1d6ab3d178,S031,3
d4534bc2fa199a66351f1b1d6ab3d178,S032,4
d4534bc2fa199a66351f1b1d6ab3d178,S017,4
d4534bc2fa199a66351f1b1d6ab3d178,S018,4
d4534bc2fa199a66351f1b1d6ab3d178,S002,3
d4534bc2fa199a66351f1b1d6ab3d178,S012,5
d4534bc2fa199a66351f1b1d6ab3d178,S040,5
d4534bc2fa199a66351f1b1d6ab3d178,S008,4
d4534bc2fa199a66351f1b1d6ab3d178,S024,4
3ba602fbcecffc3a7db47b56412d34f5,S025,3
3ba602fbcecffc3a7db47b56412d34f5,S021,3
3ba602fbcecffc3a7db47b56412d34f5,S031,5
3ba602fbcecffc3a7db47b56412d34f5,S023,4
3ba602fbcecffc3a7db47b56412d34f5,S036,2
3ba602fbcecffc3a7db47b56412d34f5,S004,2
3ba602fbcecffc3a7db47b56412d34f5,S003,1
3ba602fbcecffc3a7db47b56412d34f5,S019,3
3ba602fbcecffc3a7db47b56412d34f5,S009,3
feaa00f2c7755792251df39608f0628b,S045,4
feaa00f2c7755792251df39608f0628b,S041,3
feaa00f2c7755792251df39608f0628b,S027,4
feaa00f2c7755792251df39608f0628b,S037,3
feaa00f2c7755792251df39608f0628b,S039,2
feaa00f2c7755792251df39608f0628b,S013,3
feaa00f2c7755792251df39608f0628b,S005,4
feaa00f2c7755792251df39608f0628b,S015,2
feaa00f2c7755792251df39608f0628b,S020,2
feaa00f2c7755792251df39608f0628b,S012,4
feaa00f2c7755792251df39608f0628b,S029,3
6d74cc7ccd6c1a67790862b96a231877,S010,4
6d74cc7ccd6c1a67790862b96a231877,S004,4
6d74cc7ccd6c1a67790862b96a231877,S005,3
6d74cc7ccd6c1a67790862b96a231877,S003,5
6d74cc7ccd6c1a67790862b96a231877,S039,4
6d74cc7ccd6c1a67790862b96a231877,S040,5
6d74cc7ccd6c1a67790862b96a231877,S014,4
6d74cc7ccd6c1a67790862b96a231877,S034,4
6d74cc7ccd6c1a67790862b96a231877,S044,5
6d74cc7ccd6c1a67790862b96a231877,S001,4
6d74cc7ccd6c1a67790862b96a231877,S042,5
6d74cc7ccd6c1a67790862b96a231877,S041,5
6d74cc7ccd6c1a67790862b96a231877,S025,4
6d74cc7ccd6c1a67790862b96a231877,S037,4
6d74cc7ccd6c1a67790862b96a231877,S007,5
cace59cbd091022d2f27d73e13dba6bb,S007,2
cace59cbd091022d2f27d73e13dba6bb,S001,4
cace59cbd091022d2f27d73e13dba6bb,S023,1
cace59cbd091022d2f27d73e13dba6bb,S011,3
cace59cbd091022d2f27d73e13dba6bb,S042,2
cace59cbd091022d2f27d73e13dba6bb,S022,3
cace59cbd091022d2f27d73e13dba6bb,S041,2
cace59cbd091022d2f27d73e13dba6bb,S045,2
ad98773cee3abdaa2832f8e26934e6eb,S019,2
ad98773cee3abdaa2832f8e26934e6eb,S025,3
ad98773cee3abdaa2832f8e26934e6eb,S038,2
ad98773cee3abdaa2832f8e26934e6eb,S023,2
ad98773cee3abdaa2832f8e26934e6eb,S014,1
ad98773cee3abdaa2832f8e26934e6eb,S005,2
9f3a033f5717456785b705272b7c8bf9,S022,2
9f3a033f5717456785b705272b7c8bf9,S015,4
9f3a033f5717456785b705272b7c8bf9,S001,4
9f3a033f5717456785b705272b7c8bf9,S028,4
9f3a033f5717456785b705272b7c8bf9,S037,5
9f3a033f5717456785b705272b7c8bf9,S027,4
9f3a033f5717456785b705272b7c8bf9,S039,5
9f3a033f5717456785b705272b7c8bf9,S007,5
9f3a033f5717456785b705272b7c8bf9,S043,3
9f3a033f5717456785b705272b7c8bf9,S029,4
9f3a033f5717456785b705272b7c8bf9,S035,3
9f3a033f5717456785b705272b7c8bf9,S006,4
9f3a033f5717456785b705272b7c8bf9,S003,3
9f3a033f5717456785b705272b7c8bf9,S005,4
b27885f4a44c2a31417563c5427d8da1,S021,1
b27885f4a44c2a31417563c5427d8da1,S006,2
b27885f4a44c2a31417563c5427d8da1,S029,1
b27885f4a44c2a31417563c5427d8da1,S043,2
b27885f4a44c2a31417563c5427d8da1,S041,2
f99957cc82b1932e1cac6ade46428244,S014,3
f99957cc82b1932e1cac6ade46428244,S016,2
f99957cc82b1932e1cac6ade46428244,S004,3
f99957cc82b1932e1cac6ade46428244,S029,3
f99957cc82b1932e1cac6ade46428244,S039,2
f99957cc82b1932e1cac6ade46428244,S028,2
f99957cc82b1932e1cac6ade46428244,S008,3
f99957cc82b1932e1cac6ade46428244,S041,3
702dad51a51a7cadf4e1ad13af8145d1,S033,3
702dad51a51a7cadf4e1ad13af8145d1,S021,2
702dad51a51a7cadf4e1ad13af8145d1,S045,2
702dad51a51a7cadf4e1ad13af8145d1,S001,2
702dad51a51a7cadf4e1ad13af8145d1,S043,3
702dad51a51a7cadf4e1ad13af8145d1,S034,2
702dad51a51a7cadf4e1ad13af8145d1,S031,2
702dad51a51a7cadf4e1ad13af8145d1,S032,2
776d7392109987dece05f42ea2c37d10,S034,5
776d7392109987dece05f42ea2c37d10,S043,4
776d7392109987dece05f42ea2c37d10,S016,4
776d7392109987dece05f42ea2c37d10,S011,4
776d7392109987dece05f42ea2c37d10,S013,5
776d7392109987dece05f42ea2c37d10,S002,5
776d7392109987dece05f42ea2c37d10,S041,4
776d7392109987dece05f42ea2c37d10,S025,4
776d7392109987dece05f42ea2c37d10,S006,5
776d7392109987dece05f42ea2c37d10,S026,4
776d7392109987dece05f42ea2c37d10,S014,4
776d7392109987dece05f42ea2c37d10,S042,5
776d7392109987dece05f42ea2c37d10,S027,4
776d7392109987dece05f42ea2c37d10,S039,3
be8ab3c712e54dba5e5a666310abb1f1,S016,1
be8ab3c712e54dba5e5a666310abb1f1,S031,2
be8ab3c712e54dba5e5a666310abb1f1,S010,2
be8ab3c712e54dba5e5a666310abb1f1,S001,1
be8ab3c712e54dba5e5a666310abb1f1,S041,1
be8ab3c712e54dba5e5a666310abb1f1,S008,2
be8ab3c712e54dba5e5a666310abb1f1,S014,3
be8ab3c712e54dba5e5a666310abb1f1,S018,1
be8ab3c712e54dba5e5a666310abb1f1,S039,2
826a06a4d1e2ad51428a71e24dfa3056,S025,2
826a06a4d1e2ad51428a71e24dfa3056,S015,2
826a06a4d1e2ad51428a71e24dfa3056,S018,1
826a06a4d1e2ad51428a71e24dfa3056,S021,2
826a06a4d1e2ad51428a71e24dfa3056,S006,1
91c91477cddda71b3b284845c49d5b91,S020,3
91c91477cddda71b3b284845c49d5b91,S033,5
91c91477cddda71b3b284845c49d5b91,S015,5
91c91477cddda71b3b284845c49d5b91,S045,5
91c91477cddda71b3b284845c49d5b91,S025,5
91c91477cddda71b3b284845c49d5b91,S042,5
91c91477cddda71b3b284845c49d5b91,S029,4
91c91477cddda71b3b284845c49d5b91,S024,5
91c91477cddda71b3b284845c49d5b91,S018,4
91c91477cddda71b3b284845c49d5b91,S016,5
91c91477cddda71b3b284845c49d5b91,S001,4
91c91477cddda71b3b284845c49d5b91,S021,3
91c91477cddda71b3b284845c49d5b91,S038,3
91c91477cddda71b3b284845c49d5b91,S004,4
d39fb65619d97a773b8d3fde8be8b871,S009,5
d39fb65619d97a773b8d3fde8be8b871,S005,5
d39fb65619d97a773b8d3fde8be8b871,S019,4
d39fb65619d97a773b8d3fde8be8b871,S025,3
d39fb65619d97a773b8d3fde8be8b871,S033,5
d39fb65619d97a773b8d3fde8be8b871,S037,4
d39fb65619d97a773b8d3fde8be8b871,S010,4
d39fb65619d97a773b8d3fde8be8b871,S032,3
d39fb65619d97a773b8d3fde8be8b871,S024,4
d39fb65619d97a773b8d3fde8be8b871,S029,4
d39fb65619d97a773b8d3fde8be8b871,S039,3
59c2163b9593a3318f4f61f22b02de30,S019,5
59c2163b9593a3318f4f61f22b02de30,S011,3
59c2163b9593a3318f4f61f22b02de30,S015,3
59c2163b9593a3318f4f61f22b02de30,S036,5
59c2163b9593a3318f4f61f22b02de30,S005,4
59c2163b9593a3318f4f61f22b02de30,S016,5
59c2163b9593a3318f4f61f22b02de30,S042,4
59c2163b9593a3318f4f61f22b02de30,S017,5
59c2163b9593a3318f4f61f22b02de30,S025,4
59c2163b9593a3318f4f61f22b02de30,S026,2
59c2163b9593a3318f4f61f22b02de30,S022,4
0894be8cd94d42a48b143fb0017574ef,S030,3
0894be8cd94d42a48b143fb0017574ef,S027,3
0894be8cd94d42a48b143fb0017574ef,S012,5
0894be8cd94d42a48b143fb0017574ef,S002,4
0894be8cd94d42a48b143fb0017574ef,S026,5
0894be8cd94d42a48b143fb0017574ef,S038,4
0894be8cd94d42a48b143fb0017574ef,S040,4
0894be8cd94d42a48b143fb0017574ef,S009,4
0894be8cd94d42a48b143fb0017574ef,S043,3
0894be8cd94d42a48b143fb0017574ef,S011,3
0894be8cd94d42a48b143fb0017574ef,S017,4
f00d50fb8ac76408a6956c1f7973f398,S012,3
f00d50fb8ac76408a6956c1f7973f398,S002,2
f00d50fb8ac76408a6956c1f7973f398,S022,2
f00d50fb8ac76408a6956c1f7973f398,S019,3
f00d50fb8ac76408a6956c1f7973f398,S007,3
f00d50fb8ac76408a6956c1f7973f398,S042,3
f00d50fb8ac76408a6956c1f7973f398,S003,3
f00d50fb8ac76408a6956c1f7973f398,S039,4
5fc7f063caba5226c7e0fe14a9553c49,S032,4
5fc7f063caba5226c7e0fe14a9553c49,S004,3
5fc7f063caba5226c7e0fe14a9553c49,S043,4
5fc7f063caba5226c7e0fe14a9553c49,S042,5
5fc7f063caba5226c7e0fe14a9553c49,S041,4
5fc7f063caba5226c7e0fe14a9553c49,S033,5
5fc7f063caba5226c7e0fe14a9553c49,S038,4
5fc7f063caba5226c7e0fe14a9553c49,S037,4
5fc7f063caba5226c7e0fe14a9553c49,S036,5
5fc7f063caba5226c7e0fe14a9553c49,S018,5
5fc7f063caba5226c7e0fe14a9553c49,S008,3
5fc7f063caba5226c7e0fe14a9553c49,S010,3
5736050edcf2e6ff2b189069e88e632d,S005,3
5736050edcf2e6ff2b189069e88e632d,S037,2
5736050edcf2e6ff2b189069e88e632d,S032,3
5736050edcf2e6ff2b189069e88e632d,S009,3
5736050edcf2e6ff2b189069e88e632d,S007,2
5736050edcf2e6ff2b189069e88e632d,S033,4
5736050edcf2e6ff2b189069e88e632d,S001,3
5736050edcf2e6ff2b189069e88e632d,S003,3
5736050edcf2e6ff2b189069e88e632d,S008,3
5736050edcf2e6ff2b189069e88e632d,S026,4
5736050edcf2e6ff2b189069e88e632d,S039,4
5736050edcf2e6ff2b189069e88e632d,S023,3
ea6cd8e741046a0e160bcc9ca416ec08,S045,3
ea6cd8e741046a0e160bcc9ca416ec08,S032,3
ea6cd8e741046a0e160bcc9ca416ec08,S014,3
ea6cd8e741046a0e160bcc9ca416ec08,S003,4
ea6cd8e741046a0e160bcc9ca416ec08,S034,3
ea6cd8e741046a0e160bcc9ca416ec08,S044,2
ea6cd8e741046a0e160bcc9ca416ec08,S039,3
ea6cd8e741046a0e160bcc9ca416ec08,S016,4
ea6cd8e741046a0e160bcc9ca416ec08,S043,2
ea6cd8e741046a0e160bcc9ca416ec08,S017,3
ea6cd8e741046a0e160bcc9ca416ec08,S019,2
0ebe341e811be001caae4550e7a45b68,S014,4
0ebe341e811be001caae4550e7a45b68,S038,4
0ebe341e811be001caae4550e7a45b68,S035,4
0ebe341e811be001caae4550e7a45b68,S011,5
0ebe341e811be001caae4550e7a45b68,S030,5
0ebe341e811be001caae4550e7a45b68,S025,4
0ebe341e811be001caae4550e7a45b68,S029,4
0ebe341e811be001caae4550e7a45b68,S034,4
0ebe341e811be001caae4550e7a45b68,S043,5
0ebe341e811be001caae4550e7a45b68,S041,3
0ebe341e811be001caae4550e7a45b68,S006,4
0ebe341e811be001caae4550e7a45b68,S042,5
0ebe341e811be001caae4550e7a45b68,S044,4
0ebe341e811be001caae4550e7a45b68,S027,4
35a89c7f972ec3872a7c250694f095fc,S022,1
35a89c7f972ec3872a7c250694f095fc,S023,1
35a89c7f972ec3872a7c250694f095fc,S028,1
35a89c7f972ec3872a7c250694f095fc,S042,2
35a89c7f972ec3872a7c250694f095fc,S008,3
35a89c7f972ec3872a7c250694f095fc,S007,2
35a89c7f972ec3872a7c250694f095fc,S027,1
35a89c7f972ec3872a7c250694f095fc,S015,1
166657ddc785c8b0ac6ac897d227358a,S036,2
166657ddc785c8b0ac6ac897d227358a,S024,1
166657ddc785c8b0ac6ac897d227358a,S020,3
166657ddc785c8b0ac6ac897d227358a,S045,2
166657ddc785c8b0ac6ac897d227358a,S031,1
166657ddc785c8b0ac6ac897d227358a,S008,3
166657ddc785c8b0ac6ac897d227358a,S018,3
166657ddc785c8b0ac6ac897d227358a,S027,1
ace3cd0df1700646863cc33a983c1deb,S019,3
ace3cd0df1700646863cc33a983c1deb,S016,2
ace3cd0df1700646863cc33a983c1deb,S035,2
ace3cd0df1700646863cc33a983c1deb,S034,1
ace3cd0df1700646863cc33a983c1deb,S042,1
ace3cd0df1700646863cc33a983c1deb,S025,1
ace3cd0df1700646863cc33a983c1deb,S037,1
c4f4af49f4a9c5cca71e551b4777d57d,S005,2
c4f4af49f4a9c5cca71e551b4777d57d,S017,2
c4f4af49f4a9c5cca71e551b4777d57d,S002,1
c4f4af49f4a9c5cca71e551b4777d57d,S043,1
c4f4af49f4a9c5cca71e551b4777d57d,S023,1
c4f4af49f4a9c5cca71e551b4777d57d,S001,2
c4f4af49f4a9c5cca71e551b4777d57d,S013,1
ba2b44ec962d8563721f183f5ef3e1a4,S039,4
ba2b44ec962d8563721f183f5ef3e1a4,S021,3
ba2b44ec962d8563721f183f5ef3e1a4,S015,5
ba2b44ec962d8563721f183f5ef3e1a4,S040,4
ba2b44ec962d8563721f183f5ef3e1a4,S029,4
ba2b44ec962d8563721f183f5ef3e1a4,S019,4
ba2b44ec962d8563721f183f5ef3e1a4,S008,5
ba2b44ec962d8563721f183f5ef3e1a4,S016,5
ba2b44ec962d8563721f183f5ef3e1a4,S022,4
ba2b44ec962d8563721f183f5ef3e1a4,S024,4
ba2b44ec962d8563721f183f5ef3e1a4,S020,3
ba2b44ec962d8563721f183f5ef3e1a4,S002,3
7b999d56d6d91ca2aa3a5415521d3ceb,S001,5
7b999d56d6d91ca2aa3a5415521d3ceb,S038,5
7b999d56d6d91ca2aa3a5415521d3ceb,S029,4
7b999d56d6d91ca2aa3a5415521d3ceb,S006,4
7b999d56d6d91ca2aa3a5415521d3ceb,S045,5
7b999d56d6d91ca2aa3a5415521d3ceb,S039,5
7b999d56d6d91ca2aa3a5415521d3ceb,S033,5
7b999d56d6d91ca2aa3a5415521d3ceb,S026,5
7b999d56d6d91ca2aa3a5415521d3ceb,S013,4
7b999d56d6d91ca2aa3a5415521d3ceb,S017,5
7b999d56d6d91ca2aa3a5415521d3ceb,S030,5
7b999d56d6d91ca2aa3a5415521d3ceb,S007,4
1f300bb9de90fbe2393a6408e70c8f33,S009,3
1f300bb9de90fbe2393a6408e70c8f33,S012,2
1f300bb9de90fbe2393a6408e70c8f33,S034,2
1f300bb9de90fbe2393a6408e70c8f33,S022,4
1f300bb9de90fbe2393a6408e70c8f33,S038,3
1f300bb9de90fbe2393a6408e70c8f33,S008,3
1f300bb9de90fbe2393a6408e70c8f33,S040,4
1f300bb9de90fbe2393a6408e70c8f33,S013,4
1f300bb9de90fbe2393a6408e70c8f33,S033,3
1f300bb9de90fbe2393a6408e70c8f33,S041,3
1f300bb9de90fbe2393a6408e70c8f33,S016,3
a3eeb94b5f5642415f65735030759b05,S012,3
a3eeb94b5f5642415f65735030759b05,S019,3
a3eeb94b5f5642415f65735030759b05,S037,1
a3eeb94b5f5642415f65735030759b05,S030,2
a3eeb94b5f5642415f65735030759b05,S006,2
a3eeb94b5f5642415f65735030759b05,S045,1
a3eeb94b5f5642415f65735030759b05,S035,1
ad4c407a4392a0850df408aa8634e07a,S038,2
ad4c407a4392a0850df408aa8634e07a,S035,3
ad4c407a4392a0850df408aa8634e07a,S008,2
ad4c407a4392a0850df408aa8634e07a,S002,2
ad4c407a4392a0850df408aa8634e07a,S033,1
ad4c407a4392a0850df408aa8634e07a,S039,1
ad4c407a4392a0850df408aa8634e07a,S034,3
ad4c407a4392a0850df408aa8634e07a,S022,2
132f1b80cc75f5fe82181476739a0715,S025,1
132f1b80cc75f5fe82181476739a0715,S022,1
132f1b80cc75f5fe82181476739a0715,S026,3
132f1b80cc75f5fe82181476739a0715,S038,1
132f1b80cc75f5fe82181476739a0715,S006,1
132f1b80cc75f5fe82181476739a0715,S032,2
132f1b80cc75f5fe82181476739a0715,S017,3
f1907dc38bd339392e80aaccbf481d94,S002,3
f1907dc38bd339392e80aaccbf481d94,S031,3
f1907dc38bd339392e80aaccbf481d94,S003,3
f1907dc38bd339392e80aaccbf481d94,S004,3
f1907dc38bd339392e80aaccbf481d94,S018,3
f1907dc38bd339392e80aaccbf481d94,S041,3
f1907dc38bd339392e80aaccbf481d94,S038,2
f1907dc38bd339392e80aaccbf481d94,S032,3
f1907dc38bd339392e80aaccbf481d94,S007,2
f1907dc38bd339392e80aaccbf481d94,S028,2
c80c818020d607510dc2b011cf056703,S041,4
c80c818020d607510dc2b011cf056703,S020,4
c80c818020d607510dc2b011cf056703,S009,3
c80c818020d607510dc2b011cf056703,S028,4
c80c818020d607510dc2b011cf056703,S038,5
c80c818020d607510dc2b011cf056703,S008,3
c80c818020d607510dc2b011cf056703,S022,4
c80c818020d607510dc2b011cf056703,S025,5
c80c818020d607510dc2b011cf056703,S011,3
c80c818020d607510dc2b011cf056703,S034,1
c80c818020d607510dc2b011cf056703,S007,4
6e1d5841a43f61dfa039745a08fb9ed3,S008,3
6e1d5841a43f61dfa039745a08fb9ed3,S023,3
6e1d5841a43f61dfa039745a08fb9ed3,S011,3
6e1d5841a43f61dfa039745a08fb9ed3,S031,2
6e1d5841a43f61dfa039745a08fb9ed3,S040,1
6e1d5841a43f61dfa039745a08fb9ed3,S018,3
6e1d5841a43f61dfa039745a08fb9ed3,S017,3
6e1d5841a43f61dfa039745a08fb9ed3,S002,3
6e1d5841a43f61dfa039745a08fb9ed3,S015,5
6e1d5841a43f61dfa039745a08fb9ed3,S029,4
6e1d5841a43f61dfa039745a08fb9ed3,S024,1
9d694351f288aa08b953d63ce87118d9,S023,5
9d694351f288aa08b953d63ce87118d9,S006,4
9d694351f288aa08b953d63ce87118d9,S001,3
9d694351f288aa08b953d63ce87118d9,S025,4
9d694351f288aa08b953d63ce87118d9,S007,3
9d694351f288aa08b953d63ce87118d9,S030,5
9d694351f288aa08b953d63ce87118d9,S033,5
9d694351f288aa08b953d63ce87118d9,S005,3
9d694351f288aa08b953d63ce87118d9,S039,3
9d694351f288aa08b953d63ce87118d9,S011,5
9d694351f288aa08b953d63ce87118d9,S029,3
fd73b03fb29e4c37d666150762d8efcb,S018,4
fd73b03fb29e4c37d666150762d8efcb,S041,5
fd73b03fb29e4c37d666150762d8efcb,S017,4
fd73b03fb29e4c37d666150762d8efcb,S004,5
fd73b03fb29e4c37d666150762d8efcb,S025,4
fd73b03fb29e4c37d666150762d8efcb,S037,5
fd73b03fb29e4c37d666150762d8efcb,S030,4
fd73b03fb29e4c37d666150762d8efcb,S040,3
fd73b03fb29e4c37d666150762d8efcb,S027,5
fd73b03fb29e4c37d666150762d8efcb,S009,4
fd73b03fb29e4c37d666150762d8efcb,S024,5
fd73b03fb29e4c37d666150762d8efcb,S039,4
31eeebca50b7a19a9b25ad98b43d8755,S004,4
31eeebca50b7a19a9b25ad98b43d8755,S038,3
31eeebca50b7a19a9b25ad98b43d8755,S010,3
31eeebca50b7a19a9b25ad98b43d8755,S025,2
31eeebca50b7a19a9b25ad98b43d8755,S014,2
31eeebca50b7a19a9b25ad98b43d8755,S002,3
31eeebca50b7a19a9b25ad98b43d8755,S022,4
31eeebca50b7a19a9b25ad98b43d8755,S012,1
31eeebca50b7a19a9b25ad98b43d8755,S001,4
31eeebca50b7a19a9b25ad98b43d8755,S024,4
31eeebca50b7a19a9b25ad98b43d8755,S005,1
497947d2a8348404e64dfdadbe61250d,S036,4
497947d2a8348404e64dfdadbe61250d,S029,4
497947d2a8348404e64dfdadbe61250d,S007,3
497947d2a8348404e64dfdadbe61250d,S023,3
497947d2a8348404e64dfdadbe61250d,S012,4
497947d2a8348404e64dfdadbe61250d,S026,5
497947d2a8348404e64dfdadbe61250d,S009,4
497947d2a8348404e64dfdadbe61250d,S011,4
497947d2a8348404e64dfdadbe61250d,S014,3
497947d2a8348404e64dfdadbe61250d,S042,5
c622eeffe9d2c6c6fa7c124d72b59291,S026,5
c622eeffe9d2c6c6fa7c124d72b59291,S025,4
c622eeffe9d2c6c6fa7c124d72b59291,S036,4
c622eeffe9d2c6c6fa7c124d72b59291,S001,4
c622eeffe9d2c6c6fa7c124d72b59291,S013,5
c622eeffe9d2c6c6fa7c124d72b59291,S022,4
c622eeffe9d2c6c6fa7c124d72b59291,S017,4
c622eeffe9d2c6c6fa7c124d72b59291,S020,5
c622eeffe9d2c6c6fa7c124d72b59291,S032,5
c622eeffe9d2c6c6fa7c124d72b59291,S002,5
c622eeffe9d2c6c6fa7c124d72b59291,S029,4
c622eeffe9d2c6c6fa7c124d72b59291,S038,4
c622eeffe9d2c6c6fa7c124d72b59291,S042,4
1cde61c14b03b1ed29914d74380d27c0,S014,3
1cde61c14b03b1ed29914d74380d27c0,S017,5
1cde61c14b03b1ed29914d74380d27c0,S032,2
1cde61c14b03b1ed29914d74380d27c0,S039,2
1cde61c14b03b1ed29914d74380d27c0,S019,3
1cde61c14b03b1ed29914d74380d27c0,S015,4
1cde61c14b03b1ed29914d74380d27c0,S006,5
1cde61c14b03b1ed29914d74380d27c0,S043,3
1cde61c14b03b1ed29914d74380d27c0,S030,3
1cde61c14b03b1ed29914d74380d27c0,S035,3
1cde61c14b03b1ed29914d74380d27c0,S031,4
1cde61c14b03b1ed29914d74380d27c0,S009,3
aa677bbc6c5e1dca9c9ec0dcea3b83a4,S023,3
aa677bbc6c5e1dca9c9ec0dcea3b83a4,S024,2
aa677bbc6c5e1dca9c9ec0dcea3b83a4,S026,4
aa677bbc6c5e1dca9c9ec0dcea3b83a4,S032,4
aa677bbc6c5e1dca9c9ec0dcea3b83a4,S028,4
aa677bbc6c5e1dca9c9ec0dcea3b83a4,S029,2
aa677bbc6c5e1dca9c9ec0dcea3b83a4,S005,3
aa677bbc6c5e1dca9c9ec0dcea3b83a4,S035,4
aa677bbc6c5e1dca9c9ec0dcea3b83a4,S042,2
aa677bbc6c5e1dca9c9ec0dcea3b83a4,S016,4
9c9baeefc3745d37edd74ced93eebe70,S035,4
9c9baeefc3745d37edd74ced93eebe70,S015,3
9c9baeefc3745d37edd74ced93eebe70,S033,3
9c9baeefc3745d37edd74ced93eebe70,S023,3
9c9baeefc3745d37edd74ced93eebe70,S012,2
9c9baeefc3745d37edd74ced93eebe70,S005,4
9c9baeefc3745d37edd74ced93eebe70,S009,5
9c9baeefc3745d37edd74ced93eebe70,S019,2
9c9baeefc3745d37edd74ced93eebe70,S029,3
9c9baeefc3745d37edd74ced93eebe70,S016,2
5e9f5e9fd058a84afd9a0a826c750e2d,S017,5
5e9f5e9fd058a84afd9a0a826c750e2d,S030,5
5e9f5e9fd058a84afd9a0a826c750e2d,S035,4
5e9f5e9fd058a84afd9a0a826c750e2d,S044,5
5e9f5e9fd058a84afd9a0a826c750e2d,S045,5
5e9f5e9fd058a84afd9a0a826c750e2d,S020,5
5e9f5e9fd058a84afd9a0a826c750e2d,S016,4
5e9f5e9fd058a84afd9a0a826c750e2d,S011,5
5e9f5e9fd058a84afd9a0a826c750e2d,S031,5
5e9f5e9fd058a84afd9a0a826c750e2d,S038,4
5e9f5e9fd058a84afd9a0a826c750e2d,S019,5
5e9f5e9fd058a84afd9a0a826c750e2d,S034,5
d9199dde14aa12d68d4ff3db297ac119,S040,2
d9199dde14aa12d68d4ff3db297ac119,S036,3
d9199dde14aa12d68d4ff3db297ac119,S018,1
d9199dde14aa12d68d4ff3db297ac119,S020,1
d9199dde14aa12d68d4ff3db297ac119,S016,2
d9199dde14aa12d68d4ff3db297ac119,S013,1
3db0c9406da3564bdd6402eceb3b9242,S004,2
3db0c9406da3564bdd6402eceb3b9242,S044,3
3db0c9406da3564bdd6402eceb3b9242,S011,3
3db0c9406da3564bdd6402eceb3b9242,S030,3
3db0c9406da3564bdd6402eceb3b9242,S027,3
3db0c9406da3564bdd6402eceb3b9242,S033,3
3db0c9406da3564bdd6402eceb3b9242,S024,3
3db0c9406da3564bdd6402eceb3b9242,S014,3
baedb32f5414f16bd8755a1418319434,S016,3
baedb32f5414f16bd8755a1418319434,S038,5
baedb32f5414f16bd8755a1418319434,S030,5
baedb32f5414f16bd8755a1418319434,S033,3
baedb32f5414f16bd8755a1418319434,S045,5
baedb32f5414f16bd8755a1418319434,S011,5
baedb32f5414f16bd8755a1418319434,S037,5
baedb32f5414f16bd8755a1418319434,S012,4
baedb32f5414f16bd8755a1418319434,S018,5
baedb32f5414f16bd8755a1418319434,S043,5
baedb32f5414f16bd8755a1418319434,S010,5
baedb32f5414f16bd8755a1418319434,S035,4
e6069ff38618102a6da9753d3525e778,S003,3
e6069ff38618102a6da9753d3525e778,S010,3
e6069ff38618102a6da9753d3525e778,S018,3
e6069ff38618102a6da9753d3525e778,S029,3
e6069ff38618102a6da9753d3525e778,S040,3
e6069ff38618102a6da9753d3525e778,S016,3
e6069ff38618102a6da9753d3525e778,S009,3
e6069ff38618102a6da9753d3525e778,S006,5
e6069ff38618102a6da9753d3525e778,S011,2
fbcd08dca66c777ed5cd5ffca929a721,S001,3
fbcd08dca66c777ed5cd5ffca929a721,S005,3
fbcd08dca66c777ed5cd5ffca929a721,S015,4
fbcd08dca66c777ed5cd5ffca929a721,S039,4
fbcd08dca66c777ed5cd5ffca929a721,S041,4
fbcd08dca66c777ed5cd5ffca929a721,S038,2
fbcd08dca66c777ed5cd5ffca929a721,S002,3
fbcd08dca66c777ed5cd5ffca929a721,S045,3
fad03fe20b5bbe1783e28d5cdc6da3ed,S037,4
fad03fe20b5bbe1783e28d5cdc6da3ed,S026,2
fad03fe20b5bbe1783e28d5cdc6da3ed,S008,2
fad03fe20b5bbe1783e28d5cdc6da3ed,S014,2
fad03fe20b5bbe1783e28d5cdc6da3ed,S034,4
fad03fe20b5bbe1783e28d5cdc6da3ed,S016,3
fad03fe20b5bbe1783e28d5cdc6da3ed,S041,4
fad03fe20b5bbe1783e28d5cdc6da3ed,S039,5
fad03fe20b5bbe1783e28d5cdc6da3ed,S028,4
fad03fe20b5bbe1783e28d5cdc6da3ed,S019,4
fad03fe20b5bbe1783e28d5cdc6da3ed,S007,3
d7a89539ab86a2793f1cbc082ab4b368,S009,2
d7a89539ab86a2793f1cbc082ab4b368,S038,4
d7a89539ab86a2793f1cbc082ab4b368,S031,3
d7a89539ab86a2793f1cbc082ab4b368,S002,2
d7a89539ab86a2793f1cbc082ab4b368,S010,2
d7a89539ab86a2793f1cbc082ab4b368,S019,4
d7a89539ab86a2793f1cbc082ab4b368,S005,2
d7a89539ab86a2793f1cbc082ab4b368,S034,2
d7a89539ab86a2793f1cbc082ab4b368,S027,3
1a83db38942f45c686d36c92c94784e2,S035,4
1a83db38942f45c686d36c92c94784e2,S042,4
1a83db38942f45c686d36c92c94784e2,S036,5
1a83db38942f45c686d36c92c94784e2,S025,5
1a83db38942f45c686d36c92c94784e2,S001,4
1a83db38942f45c686d36c92c94784e2,S037,4
1a83db38942f45c686d36c92c94784e2,S030,4
1a83db38942f45c686d36c92c94784e2,S009,5
1a83db38942f45c686d36c92c94784e2,S023,4
1a83db38942f45c686d36c92c94784e2,S006,5
1a83db38942f45c686d36c92c94784e2,S014,5
1a83db38942f45c686d36c92c94784e2,S032,4
1a83db38942f45c686d36c92c94784e2,S029,5
1a83db38942f45c686d36c92c94784e2,S010,3
1a83db38942f45c686d36c92c94784e2,S026,4
936cdfd36786c39ac652da74ab8884e3,S022,2
936cdfd36786c39ac652da74ab8884e3,S040,4
936cdfd36786c39ac652da74ab8884e3,S014,3
936cdfd36786c39ac652da74ab8884e3,S027,3
936cdfd36786c39ac652da74ab8884e3,S042,3
936cdfd36786c39ac652da74ab8884e3,S030,3
936cdfd36786c39ac652da74ab8884e3,S029,3
936cdfd36786c39ac652da74ab8884e3,S008,3
936cdfd36786c39ac652da74ab8884e3,S025,2
936cdfd36786c39ac652da74ab8884e3,S012,3
936cdfd36786c39ac652da74ab8884e3,S010,3
4111dde23547ae4c71219c006ab5c119,S001,4
4111dde23547ae4c71219c006ab5c119,S034,5
4111dde23547ae4c71219c006ab5c119,S008,4
4111dde23547ae4c71219c006ab5c119,S041,4
4111dde23547ae4c71219c006ab5c119,S028,3
4111dde23547ae4c71219c006ab5c119,S020,4
4111dde23547ae4c71219c006ab5c119,S040,4
4111dde23547ae4c71219c006ab5c119,S012,4
4111dde23547ae4c71219c006ab5c119,S033,4
4111dde23547ae4c71219c006ab5c119,S019,4
4111dde23547ae4c71219c006ab5c119,S030,4
4111dde23547ae4c71219c006ab5c119,S007,4
4111dde23547ae4c71219c006ab5c119,S016,2
4111dde23547ae4c71219c006ab5c119,S024,3
2deecbfde20ff1a394c77959fa578cb0,S011,3
2deecbfde20ff1a394c77959fa578cb0,S040,3
2deecbfde20ff1a394c77959fa578cb0,S025,4
2deecbfde20ff1a394c77959fa578cb0,S042,3
2deecbfde20ff1a394c77959fa578cb0,S016,4
2deecbfde20ff1a394c77959fa578cb0,S045,3
2deecbfde20ff1a394c77959fa578cb0,S026,3
2deecbfde20ff1a394c77959fa578cb0,S006,4
2deecbfde20ff1a394c77959fa578cb0,S023,3
2deecbfde20ff1a394c77959fa578cb0,S007,2
2deecbfde20ff1a394c77959fa578cb0,S044,2
4b3d9d9d053460480cb45b361fec6867,S004,2
4b3d9d9d053460480cb45b361fec6867,S030,5
4b3d9d9d053460480cb45b361fec6867,S006,3
4b3d9d9d053460480cb45b361fec6867,S021,3
4b3d9d9d053460480cb45b361fec6867,S035,4
4b3d9d9d053460480cb45b361fec6867,S003,4
4b3d9d9d053460480cb45b361fec6867,S012,3
4b3d9d9d053460480cb45b361fec6867,S005,2
4b3d9d9d053460480cb45b361fec6867,S027,2
4b3d9d9d053460480cb45b361fec6867,S037,3
5203056621485bd9a7189482e6562b63,S040,5
5203056621485bd9a7189482e6562b63,S023,5
5203056621485bd9a7189482e6562b63,S002,5
5203056621485bd9a7189482e6562b63,S037,3
5203056621485bd9a7189482e6562b63,S020,4
5203056621485bd9a7189482e6562b63,S032,4
5203056621485bd9a7189482e6562b63,S013,4
5203056621485bd9a7189482e6562b63,S035,4
5203056621485bd9a7189482e6562b63,S004,4
5203056621485bd9a7189482e6562b63,S025,5
5203056621485bd9a7189482e6562b63,S036,5
5203056621485bd9a7189482e6562b63,S028,4
5203056621485bd9a7189482e6562b63,S017,4
5203056621485bd9a7189482e6562b63,S045,4
5203056621485bd9a7189482e6562b63,S033,4
035db325d6b276d6c312a3c06c188ee4,S023,2
035db325d6b276d6c312a3c06c188ee4,S044,3
035db325d6b276d6c312a3c06c188ee4,S007,4
035db325d6b276d6c312a3c06c188ee4,S001,2
035db325d6b276d6c312a3c06c188ee4,S040,1
035db325d6b276d6c312a3c06c188ee4,S016,1
035db325d6b276d6c312a3c06c188ee4,S037,1
035db325d6b276d6c312a3c06c188ee4,S013,3
035db325d6b276d6c312a3c06c188ee4,S036,2
498f95867f2572506b6686fd882f4872,S002,5
498f95867f2572506b6686fd882f4872,S030,5
498f95867f2572506b6686fd882f4872,S020,4
498f95867f2572506b6686fd882f4872,S013,4
498f95867f2572506b6686fd882f4872,S042,4
498f95867f2572506b6686fd882f4872,S010,5
498f95867f2572506b6686fd882f4872,S034,3
498f95867f2572506b6686fd882f4872,S009,4
498f95867f2572506b6686fd882f4872,S006,4
498f95867f2572506b6686fd882f4872,S022,4
ee61f3a0a41d949efff1e9faefc897dc,S020,3
ee61f3a0a41d949efff1e9faefc897dc,S019,2
ee61f3a0a41d949efff1e9faefc897dc,S006,4
ee61f3a0a41d949efff1e9faefc897dc,S025,4
ee61f3a0a41d949efff1e9faefc897dc,S012,3
ee61f3a0a41d949efff1e9faefc897dc,S035,4
ee61f3a0a41d949efff1e9faefc897dc,S026,4
ee61f3a0a41d949efff1e9faefc897dc,S011,4
ee61f3a0a41d949efff1e9faefc897dc,S038,3
ee61f3a0a41d949efff1e9faefc897dc,S042,5
ee61f3a0a41d949efff1e9faefc897dc,S032,3
ee61f3a0a41d949efff1e9faefc897dc,S005,4
ee61f3a0a41d949efff1e9faefc897dc,S014,2
95f16c10e354ab913f511fc6115596f4,S030,2
95f16c10e354ab913f511fc6115596f4,S016,3
95f16c10e354ab913f511fc6115596f4,S022,4
95f16c10e354ab913f511fc6115596f4,S040,4
95f16c10e354ab913f511fc6115596f4,S029,5
95f16c10e354ab913f511fc6115596f4,S043,4
95f16c10e354ab913f511fc6115596f4,S035,3
95f16c10e354ab913f511fc6115596f4,S042,3
95f16c10e354ab913f511fc6115596f4,S013,4
c47e85546df53b52a8411d3074f7c4d8,S008,4
c47e85546df53b52a8411d3074f7c4d8,S045,4
c47e85546df53b52a8411d3074f7c4d8,S039,4
c47e85546df53b52a8411d3074f7c4d8,S043,4
c47e85546df53b52a8411d3074f7c4d8,S041,4
c47e85546df53b52a8411d3074f7c4d8,S007,4
c47e85546df53b52a8411d3074f7c4d8,S005,4
c47e85546df53b52a8411d3074f7c4d8,S035,5
c47e85546df53b52a8411d3074f7c4d8,S021,5
c47e85546df53b52a8411d3074f7c4d8,S028,4
c47e85546df53b52a8411d3074f7c4d8,S006,5
c47e85546df53b52a8411d3074f7c4d8,S018,3
77d5ce58991c038f6b20f697d1e175d9,S026,4
77d5ce58991c038f6b20f697d1e175d9,S039,4
77d5ce58991c038f6b20f697d1e175d9,S034,3
77d5ce58991c038f6b20f697d1e175d9,S037,3
77d5ce58991c038f6b20f697d1e175d9,S018,2
77d5ce58991c038f6b20f697d1e175d9,S007,2
77d5ce58991c038f6b20f697d1e175d9,S015,3
77d5ce58991c038f6b20f697d1e175d9,S022,3
77d5ce58991c038f6b20f697d1e175d9,S019,4
77d5ce58991c038f6b20f697d1e175d9,S016,3
77d5ce58991c038f6b20f697d1e175d9,S009,2
77d5ce58991c038f6b20f697d1e175d9,S002,3
8d0e6b5b30cd58e9013a5f279f5f0d8a,S035,3
8d0e6b5b30cd58e9013a5f279f5f0d8a,S001,1
8d0e6b5b30cd58e9013a5f279f5f0d8a,S006,1
8d0e6b5b30cd58e9013a5f279f5f0d8a,S028,2
8d0e6b5b30cd58e9013a5f279f5f0d8a,S024,1
6d74343991dc1ef37f35047003d81ae6,S027,3
6d74343991dc1ef37f35047003d81ae6,S038,4
6d74343991dc1ef37f35047003d81ae6,S034,2
6d74343991dc1ef37f35047003d81ae6,S029,4
6d74343991dc1ef37f35047003d81ae6,S017,4
6d74343991dc1ef37f35047003d81ae6,S006,4
6d74343991dc1ef37f35047003d81ae6,S016,5
6d74343991dc1ef37f35047003d81ae6,S001,3
6d74343991dc1ef37f35047003d81ae6,S020,5
6d74343991dc1ef37f35047003d81ae6,S012,4
6d74343991dc1ef37f35047003d81ae6,S041,3
6d74343991dc1ef37f35047003d81ae6,S030,5
6d74343991dc1ef37f35047003d81ae6,S025,4
6d74343991dc1ef37f35047003d81ae6,S003,5
be8af4aac7cee32dce89491f5b21028d,S012,5
be8af4aac7cee32dce89491f5b21028d,S025,4
be8af4aac7cee32dce89491f5b21028d,S026,5
be8af4aac7cee32dce89491f5b21028d,S031,5
be8af4aac7cee32dce89491f5b21028d,S009,3
be8af4aac7cee32dce89491f5b21028d,S001,4
be8af4aac7cee32dce89491f5b21028d,S023,3
be8af4aac7cee32dce89491f5b21028d,S037,4
be8af4aac7cee32dce89491f5b21028d,S021,1
be8af4aac7cee32dce89491f5b21028d,S011,3
be8af4aac7cee32dce89491f5b21028d,S038,4
be8af4aac7cee32dce89491f5b21028d,S032,2
be8af4aac7cee32dce89491f5b21028d,S027,5
be8af4aac7cee32dce89491f5b21028d,S010,3
9e2d85c4f62eadebf8a00967c548cf93,S008,4
9e2d85c4f62eadebf8a00967c548cf93,S018,4
9e2d85c4f62eadebf8a00967c548cf93,S037,5
9e2d85c4f62eadebf8a00967c548cf93,S044,3
9e2d85c4f62eadebf8a00967c548cf93,S029,4
9e2d85c4f62eadebf8a00967c548cf93,S010,3
9e2d85c4f62eadebf8a00967c548cf93,S040,2
9e2d85c4f62eadebf8a00967c548cf93,S036,3
9e2d85c4f62eadebf8a00967c548cf93,S014,3
9e2d85c4f62eadebf8a00967c548cf93,S019,3
9e2d85c4f62eadebf8a00967c548cf93,S011,3
9e2d85c4f62eadebf8a00967c548cf93,S013,3
e0fd7f4d57d6a1d7c030e0c3367162dc,S019,4
e0fd7f4d57d6a1d7c030e0c3367162dc,S012,2
e0fd7f4d57d6a1d7c030e0c3367162dc,S015,3
e0fd7f4d57d6a1d7c030e0c3367162dc,S014,2
e0fd7f4d57d6a1d7c030e0c3367162dc,S002,2
e0fd7f4d57d6a1d7c030e0c3367162dc,S025,4
e0fd7f4d57d6a1d7c030e0c3367162dc,S018,3
e0fd7f4d57d6a1d7c030e0c3367162dc,S009,4
6e8225fb5febe8e50eb7df4ce99d08fc,S018,4
6e8225fb5febe8e50eb7df4ce99d08fc,S011,4
6e8225fb5febe8e50eb7df4ce99d08fc,S025,4
6e8225fb5febe8e50eb7df4ce99d08fc,S019,4
6e8225fb5febe8e50eb7df4ce99d08fc,S040,3
6e8225fb5febe8e50eb7df4ce99d08fc,S045,4
6e8225fb5febe8e50eb7df4ce99d08fc,S010,5
6e8225fb5febe8e50eb7df4ce99d08fc,S044,5
6e8225fb5febe8e50eb7df4ce99d08fc,S023,4
6e8225fb5febe8e50eb7df4ce99d08fc,S008,5
6e8225fb5febe8e50eb7df4ce99d08fc,S017,5
eeae74601ce01a37bca4c96d819b25b6,S016,3
eeae74601ce01a37bca4c96d819b25b6,S020,3
eeae74601ce01a37bca4c96d819b25b6,S010,2
eeae74601ce01a37bca4c96d819b25b6,S015,2
eeae74601ce01a37bca4c96d819b25b6,S038,3
eeae74601ce01a37bca4c96d819b25b6,S014,3
eeae74601ce01a37bca4c96d819b25b6,S021,4
eeae74601ce01a37bca4c96d819b25b6,S023,3
eeae74601ce01a37bca4c96d819b25b6,S011,4
1010cd73028b0e35043b671d89565d64,S006,3
1010cd73028b0e35043b671d89565d64,S022,3
1010cd73028b0e35043b671d89565d64,S036,3
1010cd73028b0e35043b671d89565d64,S040,2
1010cd73028b0e35043b671d89565d64,S016,4
1010cd73028b0e35043b671d89565d64,S039,4
1010cd73028b0e35043b671d89565d64,S023,4
1010cd73028b0e35043b671d89565d64,S024,3
1010cd73028b0e35043b671d89565d64,S030,3
0c8cc340e0dd72d9167228ec97ff34c6,S041,2
0c8cc340e0dd72d9167228ec97ff34c6,S028,2
0c8cc340e0dd72d9167228ec97ff34c6,S009,3
0c8cc340e0dd72d9167228ec97ff34c6,S011,3
0c8cc340e0dd72d9167228ec97ff34c6,S043,2
0c8cc340e0dd72d9167228ec97ff34c6,S017,3
0c8cc340e0dd72d9167228ec97ff34c6,S020,4
0c8cc340e0dd72d9167228ec97ff34c6,S014,3
0c8cc340e0dd72d9167228ec97ff34c6,S004,4
0c8cc340e0dd72d9167228ec97ff34c6,S037,3
65d0ead75304b202375a8c2d477ef88b,S005,2
65d0ead75304b202375a8c2d477ef88b,S040,2
65d0ead75304b202375a8c2d477ef88b,S029,2
65d0ead75304b202375a8c2d477ef88b,S033,2
65d0ead75304b202375a8c2d477ef88b,S004,4
65d0ead75304b202375a8c2d477ef88b,S039,3
65d0ead75304b202375a8c2d477ef88b,S015,2
65d0ead75304b202375a8c2d477ef88b,S016,2
65d0ead75304b202375a8c2d477ef88b,S010,3
81410b3ad08a7f255bd1a9ccc9f00b83,S034,5
81410b3ad08a7f255bd1a9ccc9f00b83,S014,4
81410b3ad08a7f255bd1a9ccc9f00b83,S011,5
81410b3ad08a7f255bd1a9ccc9f00b83,S040,3
81410b3ad08a7f255bd1a9ccc9f00b83,S038,3
81410b3ad08a7f255bd1a9ccc9f00b83,S043,4
81410b3ad08a7f255bd1a9ccc9f00b83,S037,4
81410b3ad08a7f255bd1a9ccc9f00b83,S039,3
81410b3ad08a7f255bd1a9ccc9f00b83,S042,4
81410b3ad08a7f255bd1a9ccc9f00b83,S015,3
81410b3ad08a7f255bd1a9ccc9f00b83,S006,4
81410b3ad08a7f255bd1a9ccc9f00b83,S001,3
d2c7ac40d84c4ebc3cc1182a7c8187ca,S002,3
d2c7ac40d84c4ebc3cc1182a7c8187ca,S035,2
d2c7ac40d84c4ebc3cc1182a7c8187ca,S044,4
d2c7ac40d84c4ebc3cc1182a7c8187ca,S026,3
d2c7ac40d84c4ebc3cc1182a7c8187ca,S034,2
d2c7ac40d84c4ebc3cc1182a7c8187ca,S019,2
d2c7ac40d84c4ebc3cc1182a7c8187ca,S016,3
d2c7ac40d84c4ebc3cc1182a7c8187ca,S021,3
d2c7ac40d84c4ebc3cc1182a7c8187ca,S001,3
d2c7ac40d84c4ebc3cc1182a7c8187ca,S039,3
d2c7ac40d84c4ebc3cc1182a7c8187ca,S010,4
73c3a5968b5d66fcb552021c3c785a75,S032,3
73c3a5968b5d66fcb552021c3c785a75,S022,3
73c3a5968b5d66fcb552021c3c785a75,S021,1
73c3a5968b5d66fcb552021c3c785a75,S010,3
73c3a5968b5d66fcb552021c3c785a75,S026,2
73c3a5968b5d66fcb552021c3c785a75,S036,3
73c3a5968b5d66fcb552021c3c785a75,S040,2
73c3a5968b5d66fcb552021c3c785a75,S034,1
64715038255069b230ddfe68f28cfd1f,S034,4
64715038255069b230ddfe68f28cfd1f,S026,3
64715038255069b230ddfe68f28cfd1f,S031,4
64715038255069b230ddfe68f28cfd1f,S028,4
64715038255069b230ddfe68f28cfd1f,S017,4
64715038255069b230ddfe68f28cfd1f,S003,4
64715038255069b230ddfe68f28cfd1f,S019,2
64715038255069b230ddfe68f28cfd1f,S010,4
64715038255069b230ddfe68f28cfd1f,S001,5
64715038255069b230ddfe68f28cfd1f,S042,4
64715038255069b230ddfe68f28cfd1f,S043,5
64715038255069b230ddfe68f28cfd1f,S012,5
64715038255069b230ddfe68f28cfd1f,S023,3
bf0c120a5c5c490ecbad7f5b6aeb8ac4,S002,4
bf0c120a5c5c490ecbad7f5b6aeb8ac4,S031,4
bf0c120a5c5c490ecbad7f5b6aeb8ac4,S013,4
bf0c120a5c5c490ecbad7f5b6aeb8ac4,S034,5
bf0c120a5c5c490ecbad7f5b6aeb8ac4,S012,4
bf0c120a5c5c490ecbad7f5b6aeb8ac4,S001,4
bf0c120a5c5c490ecbad7f5b6aeb8ac4,S044,3
bf0c120a5c5c490ecbad7f5b6aeb8ac4,S023,4
bf0c120a5c5c490ecbad7f5b6aeb8ac4,S041,3
bf0c120a5c5c490ecbad7f5b6aeb8ac4,S042,4
bf0c120a5c5c490ecbad7f5b6aeb8ac4,S011,4
bf0c120a5c5c490ecbad7f5b6aeb8ac4,S035,5
bf0c120a5c5c490ecbad7f5b6aeb8ac4,S043,3
bf0c120a5c5c490ecbad7f5b6aeb8ac4,S027,4
9d42b331164f000155e9611c2cfd7ee3,S024,4
9d42b331164f000155e9611c2cfd7ee3,S019,3
9d42b331164f000155e9611c2cfd7ee3,S018,3
9d42b331164f000155e9611c2cfd7ee3,S040,3
9d42b331164f000155e9611c2cfd7ee3,S037,2
9d42b331164f000155e9611c2cfd7ee3,S041,4
9d42b331164f000155e9611c2cfd7ee3,S021,3
9d42b331164f000155e9611c2cfd7ee3,S005,2
9d42b331164f000155e9611c2cfd7ee3,S015,2
28ca154bedffa96d3a5152a985e52f60,S006,5
28ca154bedffa96d3a5152a985e52f60,S029,4
28ca154bedffa96d3a5152a985e52f60,S027,3
28ca154bedffa96d3a5152a985e52f60,S028,3
28ca154bedffa96d3a5152a985e52f60,S036,5
28ca154bedffa96d3a5152a985e52f60,S010,4
28ca154bedffa96d3a5152a985e52f60,S026,5
28ca154bedffa96d3a5152a985e52f60,S009,2
28ca154bedffa96d3a5152a985e52f60,S007,4
28ca154bedffa96d3a5152a985e52f60,S011,4
28ca154bedffa96d3a5152a985e52f60,S042,3
99fc96ede6284d24f2dcd94569998c41,S016,4
99fc96ede6284d24f2dcd94569998c41,S039,4
99fc96ede6284d24f2dcd94569998c41,S038,5
99fc96ede6284d24f2dcd94569998c41,S029,4
99fc96ede6284d24f2dcd94569998c41,S045,5
99fc96ede6284d24f2dcd94569998c41,S014,4
99fc96ede6284d24f2dcd94569998c41,S001,4
99fc96ede6284d24f2dcd94569998c41,S003,4
99fc96ede6284d24f2dcd94569998c41,S006,4
99fc96ede6284d24f2dcd94569998c41,S009,3
99fc96ede6284d24f2dcd94569998c41,S037,4
99fc96ede6284d24f2dcd94569998c41,S043,4
99fc96ede6284d24f2dcd94569998c41,S002,3
99fc96ede6284d24f2dcd94569998c41,S031,4
d1390a5474e32c13c79ea4eead1630f5,S017,5
d1390a5474e32c13c79ea4eead1630f5,S019,2
d1390a5474e32c13c79ea4eead1630f5,S034,3
d1390a5474e32c13c79ea4eead1630f5,S002,2
d1390a5474e32c13c79ea4eead1630f5,S041,3
d1390a5474e32c13c79ea4eead1630f5,S003,4
d1390a5474e32c13c79ea4eead1630f5,S029,2
d1390a5474e32c13c79ea4eead1630f5,S013,4
d1390a5474e32c13c79ea4eead1630f5,S008,4
d1390a5474e32c13c79ea4eead1630f5,S021,2
f6f4bb9b5c6f971316debc87fd873259,S045,2
f6f4bb9b5c6f971316debc87fd873259,S008,1
f6f4bb9b5c6f971316debc87fd873259,S043,2
f6f4bb9b5c6f971316debc87fd873259,S039,1
f6f4bb9b5c6f971316debc87fd873259,S015,2
5810155b5c7671b5d8a5ed19dfe56900,S025,3
5810155b5c7671b5d8a5ed19dfe56900,S042,5
5810155b5c7671b5d8a5ed19dfe56900,S035,4
5810155b5c7671b5d8a5ed19dfe56900,S031,5
5810155b5c7671b5d8a5ed19dfe56900,S010,4
5810155b5c7671b5d8a5ed19dfe56900,S045,5
5810155b5c7671b5d8a5ed19dfe56900,S018,4
5810155b5c7671b5d8a5ed19dfe56900,S016,5
5810155b5c7671b5d8a5ed19dfe56900,S028,5
5810155b5c7671b5d8a5ed19dfe56900,S029,3
5810155b5c7671b5d8a5ed19dfe56900,S014,5
eae8a2ae748c819f576a626e5ca35504,S038,5
eae8a2ae748c819f576a626e5ca35504,S023,4
eae8a2ae748c819f576a626e5ca35504,S021,4
eae8a2ae748c819f576a626e5ca35504,S030,3
eae8a2ae748c819f576a626e5ca35504,S015,3
eae8a2ae748c819f576a626e5ca35504,S040,2
eae8a2ae748c819f576a626e5ca35504,S026,3
eae8a2ae748c819f576a626e5ca35504,S002,3
eae8a2ae748c819f576a626e5ca35504,S037,3
eae8a2ae748c819f576a626e5ca35504,S041,3
cf976c634977c4b86fab7eef85c26c20,S023,2
cf976c634977c4b86fab7eef85c26c20,S025,3
cf976c634977c4b86fab7eef85c26c20,S011,4
cf976c634977c4b86fab7eef85c26c20,S027,4
cf976c634977c4b86fab7eef85c26c20,S012,4
cf976c634977c4b86fab7eef85c26c20,S028,5
cf976c634977c4b86fab7eef85c26c20,S006,4
cf976c634977c4b86fab7eef85c26c20,S024,4
cf976c634977c4b86fab7eef85c26c20,S003,4
cf976c634977c4b86fab7eef85c26c20,S037,3
cf976c634977c4b86fab7eef85c26c20,S045,3
cf976c634977c4b86fab7eef85c26c20,S038,4
7b9dd194f7a5b80b251c3328fe4d0ce0,S030,3
7b9dd194f7a5b80b251c3328fe4d0ce0,S013,4
7b9dd194f7a5b80b251c3328fe4d0ce0,S028,4
7b9dd194f7a5b80b251c3328fe4d0ce0,S035,4
7b9dd194f7a5b80b251c3328fe4d0ce0,S017,4
7b9dd194f7a5b80b251c3328fe4d0ce0,S018,4
7b9dd194f7a5b80b251c3328fe4d0ce0,S001,4
7b9dd194f7a5b80b251c3328fe4d0ce0,S040,4
7b9dd194f7a5b80b251c3328fe4d0ce0,S033,4
7b9dd194f7a5b80b251c3328fe4d0ce0,S002,5
7b9dd194f7a5b80b251c3328fe4d0ce0,S012,3
7b9dd194f7a5b80b251c3328fe4d0ce0,S032,5
7b9dd194f7a5b80b251c3328fe4d0ce0,S007,4
82d622b6f180a5419b256989d4409a0a,S006,4
82d622b6f180a5419b256989d4409a0a,S036,4
82d622b6f180a5419b256989d4409a0a,S038,4
82d622b6f180a5419b256989d4409a0a,S014,4
82d622b6f180a5419b256989d4409a0a,S011,4
82d622b6f180a5419b256989d4409a0a,S025,5
82d622b6f180a5419b256989d4409a0a,S001,4
82d622b6f180a5419b256989d4409a0a,S041,4
82d622b6f180a5419b256989d4409a0a,S022,5
82d622b6f180a5419b256989d4409a0a,S037,3
82d622b6f180a5419b256989d4409a0a,S040,5
cdb6b8f5057e2c3bc87910423c7982c0,S018,4
cdb6b8f5057e2c3bc87910423c7982c0,S004,4
cdb6b8f5057e2c3bc87910423c7982c0,S045,5
cdb6b8f5057e2c3bc87910423c7982c0,S040,4
cdb6b8f5057e2c3bc87910423c7982c0,S022,4
cdb6b8f5057e2c3bc87910423c7982c0,S003,5
cdb6b8f5057e2c3bc87910423c7982c0,S007,4
cdb6b8f5057e2c3bc87910423c7982c0,S002,4
cdb6b8f5057e2c3bc87910423c7982c0,S020,5
cdb6b8f5057e2c3bc87910423c7982c0,S015,3
cdb6b8f5057e2c3bc87910423c7982c0,S029,5
cdb6b8f5057e2c3bc87910423c7982c0,S035,5
cc6382b939b2cf66c0b5bb492a4aa80a,S022,3
cc6382b939b2cf66c0b5bb492a4aa80a,S029,2
cc6382b939b2cf66c0b5bb492a4aa80a,S042,1
cc6382b939b2cf66c0b5bb492a4aa80a,S009,4
cc6382b939b2cf66c0b5bb492a4aa80a,S011,3
cc6382b939b2cf66c0b5bb492a4aa80a,S020,3
cc6382b939b2cf66c0b5bb492a4aa80a,S001,1
cc6382b939b2cf66c0b5bb492a4aa80a,S028,2
cee5b9db1d01238291f6db76acde38d9,S028,1
cee5b9db1d01238291f6db76acde38d9,S039,1
cee5b9db1d01238291f6db76acde38d9,S029,2
cee5b9db1d01238291f6db76acde38d9,S020,2
cee5b9db1d01238291f6db76acde38d9,S043,2
cee5b9db1d01238291f6db76acde38d9,S016,2
cee5b9db1d01238291f6db76acde38d9,S027,2
e76522946193154871794de78d5f2f90,S019,4
e76522946193154871794de78d5f2f90,S015,4
e76522946193154871794de78d5f2f90,S003,5
e76522946193154871794de78d5f2f90,S023,4
e76522946193154871794de78d5f2f90,S031,2
e76522946193154871794de78d5f2f90,S026,5
e76522946193154871794de78d5f2f90,S039,5
e76522946193154871794de78d5f2f90,S024,4
e76522946193154871794de78d5f2f90,S004,4
e76522946193154871794de78d5f2f90,S013,4
e76522946193154871794de78d5f2f90,S042,4
e76522946193154871794de78d5f2f90,S041,5
e76522946193154871794de78d5f2f90,S009,3
fcbac41d62c7c3f8437acd8106c5826f,S004,2
fcbac41d62c7c3f8437acd8106c5826f,S019,1
fcbac41d62c7c3f8437acd8106c5826f,S003,1
fcbac41d62c7c3f8437acd8106c5826f,S039,1
fcbac41d62c7c3f8437acd8106c5826f,S028,2
fcbac41d62c7c3f8437acd8106c5826f,S029,1
fcbac41d62c7c3f8437acd8106c5826f,S026,2
3f4f7707ddb3aae088f02ce0db9e1cd8,S035,4
3f4f7707ddb3aae088f02ce0db9e1cd8,S006,4
3f4f7707ddb3aae088f02ce0db9e1cd8,S040,4
3f4f7707ddb3aae088f02ce0db9e1cd8,S013,2
3f4f7707ddb3aae088f02ce0db9e1cd8,S044,4
3f4f7707ddb3aae088f02ce0db9e1cd8,S005,5
3f4f7707ddb3aae088f02ce0db9e1cd8,S025,4
3f4f7707ddb3aae088f02ce0db9e1cd8,S022,4
3f4f7707ddb3aae088f02ce0db9e1cd8,S029,5
3f4f7707ddb3aae088f02ce0db9e1cd8,S034,4
3f4f7707ddb3aae088f02ce0db9e1cd8,S016,5
3f4f7707ddb3aae088f02ce0db9e1cd8,S026,4
3f4f7707ddb3aae088f02ce0db9e1cd8,S010,5
3f4f7707ddb3aae088f02ce0db9e1cd8,S031,5
3f4f7707ddb3aae088f02ce0db9e1cd8,S039,5
4df454b676f71cb010c1cdc2a9914c7a,S027,1
4df454b676f71cb010c1cdc2a9914c7a,S035,1
4df454b676f71cb010c1cdc2a9914c7a,S007,1
4df454b676f71cb010c1cdc2a9914c7a,S019,2
4df454b676f71cb010c1cdc2a9914c7a,S028,1
2281115515bf9dd11af6bc5188b4d072,S028,1
2281115515bf9dd11af6bc5188b4d072,S045,1
2281115515bf9dd11af6bc5188b4d072,S002,3
2281115515bf9dd11af6bc5188b4d072,S010,1
2281115515bf9dd11af6bc5188b4d072,S023,2
2281115515bf9dd11af6bc5188b4d072,S025,1
2281115515bf9dd11af6bc5188b4d072,S033,2
03c411407d0ea745b52f638570106107,S011,2
03c411407d0ea745b52f638570106107,S015,3
03c411407d0ea745b52f638570106107,S016,2
03c411407d0ea745b52f638570106107,S002,1
03c411407d0ea745b52f638570106107,S042,3
03c411407d0ea745b52f638570106107,S020,2
03c411407d0ea745b52f638570106107,S025,3
03c411407d0ea745b52f638570106107,S040,4
03c411407d0ea745b52f638570106107,S043,3
03c411407d0ea745b52f638570106107,S044,3
03c411407d0ea745b52f638570106107,S038,3
3da51e999928a08e57b6ca51cfce1f02,S003,3
3da51e999928a08e57b6ca51cfce1f02,S008,3
3da51e999928a08e57b6ca51cfce1f02,S014,4
3da51e999928a08e57b6ca51cfce1f02,S006,3
3da51e999928a08e57b6ca51cfce1f02,S039,1
3da51e999928a08e57b6ca51cfce1f02,S035,3
3da51e999928a08e57b6ca51cfce1f02,S036,5
3da51e999928a08e57b6ca51cfce1f02,S023,3
3da51e999928a08e57b6ca51cfce1f02,S031,2
3da51e999928a08e57b6ca51cfce1f02,S045,4
3da51e999928a08e57b6ca51cfce1f02,S033,4
e4181934d8100a124b8cbdab6f606c18,S036,4
e4181934d8100a124b8cbdab6f606c18,S037,5
e4181934d8100a124b8cbdab6f606c18,S025,3
e4181934d8100a124b8cbdab6f606c18,S027,5
e4181934d8100a124b8cbdab6f606c18,S032,5
e4181934d8100a124b8cbdab6f606c18,S040,5
e4181934d8100a124b8cbdab6f606c18,S011,4
e4181934d8100a124b8cbdab6f606c18,S035,3
e4181934d8100a124b8cbdab6f606c18,S014,4
e4181934d8100a124b8cbdab6f606c18,S018,3
e4181934d8100a124b8cbdab6f606c18,S029,5
e4181934d8100a124b8cbdab6f606c18,S006,4
e4181934d8100a124b8cbdab6f606c18,S021,4
b0c603698f0711056583586c5ecb893e,S021,5
b0c603698f0711056583586c5ecb893e,S004,3
b0c603698f0711056583586c5ecb893e,S045,2
b0c603698f0711056583586c5ecb893e,S041,4
b0c603698f0711056583586c5ecb893e,S001,4
b0c603698f0711056583586c5ecb893e,S005,4
b0c603698f0711056583586c5ecb893e,S034,3
b0c603698f0711056583586c5ecb893e,S026,5
b0c603698f0711056583586c5ecb893e,S039,4
b0c603698f0711056583586c5ecb893e,S009,4
b0c603698f0711056583586c5ecb893e,S022,4
4a0462fbb39326bd6d28ce79827b0dd9,S027,1
4a0462fbb39326bd6d28ce79827b0dd9,S023,3
4a0462fbb39326bd6d28ce79827b0dd9,S031,4
4a0462fbb39326bd6d28ce79827b0dd9,S028,2
4a0462fbb39326bd6d28ce79827b0dd9,S036,3
4a0462fbb39326bd6d28ce79827b0dd9,S043,4
4a0462fbb39326bd6d28ce79827b0dd9,S016,3
4a0462fbb39326bd6d28ce79827b0dd9,S014,2
ada565aa3b4e458e2646fdadd4d07d40,S020,4
ada565aa3b4e458e2646fdadd4d07d40,S022,4
ada565aa3b4e458e2646fdadd4d07d40,S031,3
ada565aa3b4e458e2646fdadd4d07d40,S026,5
ada565aa3b4e458e2646fdadd4d07d40,S036,5
ada565aa3b4e458e2646fdadd4d07d40,S010,5
ada565aa3b4e458e2646fdadd4d07d40,S035,5
ada565aa3b4e458e2646fdadd4d07d40,S032,4
ada565aa3b4e458e2646fdadd4d07d40,S038,3
ada565aa3b4e458e2646fdadd4d07d40,S011,4
ada565aa3b4e458e2646fdadd4d07d40,S037,4
ada565aa3b4e458e2646fdadd4d07d40,S003,4
ada565aa3b4e458e2646fdadd4d07d40,S027,3
ada565aa3b4e458e2646fdadd4d07d40,S019,4
ada565aa3b4e458e2646fdadd4d07d40,S041,4
f4f3d70a05e263361cb05051676a170c,S012,4
f4f3d70a05e263361cb05051676a170c,S011,4
f4f3d70a05e263361cb05051676a170c,S034,4
f4f3d70a05e263361cb05051676a170c,S042,3
f4f3d70a05e263361cb05051676a170c,S015,5
f4f3d70a05e263361cb05051676a170c,S022,3
f4f3d70a05e263361cb05051676a170c,S024,5
f4f3d70a05e263361cb05051676a170c,S023,4
f4f3d70a05e263361cb05051676a170c,S033,4
f4f3d70a05e263361cb05051676a170c,S001,3
f4f3d70a05e263361cb05051676a170c,S007,4
f4f3d70a05e263361cb05051676a170c,S014,5
f4f3d70a05e263361cb05051676a170c,S003,4
37326efe486836664e79ad8405c55a39,S027,3
37326efe486836664e79ad8405c55a39,S038,3
37326efe486836664e79ad8405c55a39,S028,3
37326efe486836664e79ad8405c55a39,S017,3
37326efe486836664e79ad8405c55a39,S039,3
37326efe486836664e79ad8405c55a39,S025,4
37326efe486836664e79ad8405c55a39,S026,5
37326efe486836664e79ad8405c55a39,S031,3
bdaa875c58fd0f4fcb84cda8902cab15,S014,2
bdaa875c58fd0f4fcb84cda8902cab15,S031,3
bdaa875c58fd0f4fcb84cda8902cab15,S044,1
bdaa875c58fd0f4fcb84cda8902cab15,S030,1
bdaa875c58fd0f4fcb84cda8902cab15,S011,1
4f2f78e9f3f2897f5ac3a6740f4f0b71,S038,3
4f2f78e9f3f2897f5ac3a6740f4f0b71,S028,4
4f2f78e9f3f2897f5ac3a6740f4f0b71,S033,4
4f2f78e9f3f2897f5ac3a6740f4f0b71,S023,2
4f2f78e9f3f2897f5ac3a6740f4f0b71,S008,4
4f2f78e9f3f2897f5ac3a6740f4f0b71,S007,4
4f2f78e9f3f2897f5ac3a6740f4f0b71,S032,3
4f2f78e9f3f2897f5ac3a6740f4f0b71,S044,4
4f2f78e9f3f2897f5ac3a6740f4f0b71,S042,2
4f2f78e9f3f2897f5ac3a6740f4f0b71,S041,5
4f2f78e9f3f2897f5ac3a6740f4f0b71,S010,1
167e818abfdb68cb90117e727576dca8,S044,1
167e818abfdb68cb90117e727576dca8,S038,3
167e818abfdb68cb90117e727576dca8,S022,1
167e818abfdb68cb90117e727576dca8,S029,2
167e818abfdb68cb90117e727576dca8,S024,1
167e818abfdb68cb90117e727576dca8,S045,1
167e818abfdb68cb90117e727576dca8,S019,3
ac4dfa6f5eb2ae38ad388873d234dd9a,S032,1
ac4dfa6f5eb2ae38ad388873d234dd9a,S033,1
ac4dfa6f5eb2ae38ad388873d234dd9a,S001,1
ac4dfa6f5eb2ae38ad388873d234dd9a,S042,3
ac4dfa6f5eb2ae38ad388873d234dd9a,S010,2
ac4dfa6f5eb2ae38ad388873d234dd9a,S014,1
ac4dfa6f5eb2ae38ad388873d234dd9a,S003,2
05c26ac8ea55e678cbd52d46cdf74d0f,S032,4
05c26ac8ea55e678cbd52d46cdf74d0f,S045,2
05c26ac8ea55e678cbd52d46cdf74d0f,S013,3
05c26ac8ea55e678cbd52d46cdf74d0f,S040,3
05c26ac8ea55e678cbd52d46cdf74d0f,S016,3
05c26ac8ea55e678cbd52d46cdf74d0f,S039,2
05c26ac8ea55e678cbd52d46cdf74d0f,S018,3
05c26ac8ea55e678cbd52d46cdf74d0f,S044,1
05c26ac8ea55e678cbd52d46cdf74d0f,S004,4
e7d0e88d25727f7663bdffe84f835615,S006,1
e7d0e88d25727f7663bdffe84f835615,S036,1
e7d0e88d25727f7663bdffe84f835615,S045,2
e7d0e88d25727f7663bdffe84f835615,S005,2
e7d0e88d25727f7663bdffe84f835615,S044,1
e7d0e88d25727f7663bdffe84f835615,S043,2
3d85b478ac764e325fca3f16bb30e992,S028,2
3d85b478ac764e325fca3f16bb30e992,S039,1
3d85b478ac764e325fca3f16bb30e992,S032,1
3d85b478ac764e325fca3f16bb30e992,S009,1
3d85b478ac764e325fca3f16bb30e992,S005,1
3d85b478ac764e325fca3f16bb30e992,S025,2
edc1e6533000bddc15eca3b86096ef16,S011,3
edc1e6533000bddc15eca3b86096ef16,S015,4
edc1e6533000bddc15eca3b86096ef16,S034,4
edc1e6533000bddc15eca3b86096ef16,S033,4
edc1e6533000bddc15eca3b86096ef16,S038,4
edc1e6533000bddc15eca3b86096ef16,S004,4
edc1e6533000bddc15eca3b86096ef16,S007,2
edc1e6533000bddc15eca3b86096ef16,S040,5
edc1e6533000bddc15eca3b86096ef16,S026,5
edc1e6533000bddc15eca3b86096ef16,S041,4
edc1e6533000bddc15eca3b86096ef16,S039,3
edc1e6533000bddc15eca3b86096ef16,S028,4
edc1e6533000bddc15eca3b86096ef16,S044,3
edc1e6533000bddc15eca3b86096ef16,S031,5
1a686564c7917be2154e580a5b9b6260,S028,3
1a686564c7917be2154e580a5b9b6260,S016,3
1a686564c7917be2154e580a5b9b6260,S012,4
1a686564c7917be2154e580a5b9b6260,S034,2
1a686564c7917be2154e580a5b9b6260,S040,5
1a686564c7917be2154e580a5b9b6260,S013,4
1a686564c7917be2154e580a5b9b6260,S024,4
1a686564c7917be2154e580a5b9b6260,S035,4
1a686564c7917be2154e580a5b9b6260,S029,3
1a686564c7917be2154e580a5b9b6260,S017,4
944d2b66cf565940b0c0111799cff155,S037,5
944d2b66cf565940b0c0111799cff155,S034,4
944d2b66cf565940b0c0111799cff155,S045,4
944d2b66cf565940b0c0111799cff155,S007,3
944d2b66cf565940b0c0111799cff155,S002,3
944d2b66cf565940b0c0111799cff155,S031,3
944d2b66cf565940b0c0111799cff155,S010,3
944d2b66cf565940b0c0111799cff155,S027,4
944d2b66cf565940b0c0111799cff155,S041,5
944d2b66cf565940b0c0111799cff155,S001,4
944d2b66cf565940b0c0111799cff155,S042,4
944d2b66cf565940b0c0111799cff155,S008,4
76f6e7eb52db26cc7f456879dab64dc5,S004,5
76f6e7eb52db26cc7f456879dab64dc5,S021,4
76f6e7eb52db26cc7f456879dab64dc5,S020,5
76f6e7eb52db26cc7f456879dab64dc5,S009,5
76f6e7eb52db26cc7f456879dab64dc5,S010,3
76f6e7eb52db26cc7f456879dab64dc5,S030,4
76f6e7eb52db26cc7f456879dab64dc5,S019,3
76f6e7eb52db26cc7f456879dab64dc5,S028,4
76f6e7eb52db26cc7f456879dab64dc5,S023,3
76f6e7eb52db26cc7f456879dab64dc5,S042,4
76f6e7eb52db26cc7f456879dab64dc5,S003,5
7c9afc0dae9ee22629df205b9a42aff1,S006,2
7c9afc0dae9ee22629df205b9a42aff1,S009,2
7c9afc0dae9ee22629df205b9a42aff1,S001,3
7c9afc0dae9ee22629df205b9a42aff1,S042,1
7c9afc0dae9ee22629df205b9a42aff1,S043,1
7c9afc0dae9ee22629df205b9a42aff1,S031,2
7c9afc0dae9ee22629df205b9a42aff1,S011,1
7c9afc0dae9ee22629df205b9a42aff1,S033,2
fd0fff569369be316e4746d14d1cc9ac,S032,2
fd0fff569369be316e4746d14d1cc9ac,S021,3
fd0fff569369be316e4746d14d1cc9ac,S040,4
fd0fff569369be316e4746d14d1cc9ac,S010,4
fd0fff569369be316e4746d14d1cc9ac,S009,3
fd0fff569369be316e4746d14d1cc9ac,S028,3
fd0fff569369be316e4746d14d1cc9ac,S012,5
fd0fff569369be316e4746d14d1cc9ac,S038,4
fd0fff569369be316e4746d14d1cc9ac,S019,4
fd0fff569369be316e4746d14d1cc9ac,S017,4
c6c7953f6d49e91fdd9fb99c3ea2cdff,S039,5
c6c7953f6d49e91fdd9fb99c3ea2cdff,S014,3
c6c7953f6d49e91fdd9fb99c3ea2cdff,S034,3
c6c7953f6d49e91fdd9fb99c3ea2cdff,S007,4
c6c7953f6d49e91fdd9fb99c3ea2cdff,S006,4
c6c7953f6d49e91fdd9fb99c3ea2cdff,S028,3
c6c7953f6d49e91fdd9fb99c3ea2cdff,S017,4
c6c7953f6d49e91fdd9fb99c3ea2cdff,S020,5
c6c7953f6d49e91fdd9fb99c3ea2cdff,S030,3
c6c7953f6d49e91fdd9fb99c3ea2cdff,S023,4
c6c7953f6d49e91fdd9fb99c3ea2cdff,S044,3
9f657814eecbac766375bd9e305f8ac2,S009,2
9f657814eecbac766375bd9e305f8ac2,S026,1
9f657814eecbac766375bd9e305f8ac2,S030,1
9f657814eecbac766375bd9e305f8ac2,S007,3
9f657814eecbac766375bd9e305f8ac2,S042,2
9f657814eecbac766375bd9e305f8ac2,S008,2
24a8b8ee01efc897f98ac811b86ad28a,S039,1
24a8b8ee01efc897f98ac811b86ad28a,S019,2
24a8b8ee01efc897f98ac811b86ad28a,S009,1
24a8b8ee01efc897f98ac811b86ad28a,S027,1
24a8b8ee01efc897f98ac811b86ad28a,S035,1
bb5110a4c7391ad4afaf96596d818ad4,S026,3
bb5110a4c7391ad4afaf96596d818ad4,S020,3
bb5110a4c7391ad4afaf96596d818ad4,S040,2
bb5110a4c7391ad4afaf96596d818ad4,S024,3
bb5110a4c7391ad4afaf96596d818ad4,S006,2
bb5110a4c7391ad4afaf96596d818ad4,S035,3
bb5110a4c7391ad4afaf96596d818ad4,S009,4
bb5110a4c7391ad4afaf96596d818ad4,S014,2
bb5110a4c7391ad4afaf96596d818ad4,S032,3
bb5110a4c7391ad4afaf96596d818ad4,S012,4
bb5110a4c7391ad4afaf96596d818ad4,S033,2
be9136b4d1d4b9a8652cf2d5c97ff0a3,S039,3
be9136b4d1d4b9a8652cf2d5c97ff0a3,S002,2
be9136b4d1d4b9a8652cf2d5c97ff0a3,S012,2
be9136b4d1d4b9a8652cf2d5c97ff0a3,S037,2
be9136b4d1d4b9a8652cf2d5c97ff0a3,S018,3
be9136b4d1d4b9a8652cf2d5c97ff0a3,S019,1
be9136b4d1d4b9a8652cf2d5c97ff0a3,S022,1
c067d045a4af9371db8a9edbbdee20fb,S043,5
c067d045a4af9371db8a9edbbdee20fb,S022,4
c067d045a4af9371db8a9edbbdee20fb,S028,5
c067d045a4af9371db8a9edbbdee20fb,S034,3
c067d045a4af9371db8a9edbbdee20fb,S025,5
c067d045a4af9371db8a9edbbdee20fb,S036,3
c067d045a4af9371db8a9edbbdee20fb,S026,4
c067d045a4af9371db8a9edbbdee20fb,S039,4
c067d045a4af9371db8a9edbbdee20fb,S035,3
c067d045a4af9371db8a9edbbdee20fb,S002,4
c067d045a4af9371db8a9edbbdee20fb,S045,5
c067d045a4af9371db8a9edbbdee20fb,S032,5
c067d045a4af9371db8a9edbbdee20fb,S031,2
b0d66fa355345e5c04a3c473d8d9776d,S011,3
b0d66fa355345e5c04a3c473d8d9776d,S010,5
b0d66fa355345e5c04a3c473d8d9776d,S035,3
b0d66fa355345e5c04a3c473d8d9776d,S022,3
b0d66fa355345e5c04a3c473d8d9776d,S044,4
b0d66fa355345e5c04a3c473d8d9776d,S006,2
b0d66fa355345e5c04a3c473d8d9776d,S020,3
b0d66fa355345e5c04a3c473d8d9776d,S033,2
b0d66fa355345e5c04a3c473d8d9776d,S042,3
b0d66fa355345e5c04a3c473d8d9776d,S036,3
b0d66fa355345e5c04a3c473d8d9776d,S025,3
b0d66fa355345e5c04a3c473d8d9776d,S014,3
ac8fbd57a267412aa4bb511cfb29b5f2,S034,4
ac8fbd57a267412aa4bb511cfb29b5f2,S019,3
ac8fbd57a267412aa4bb511cfb29b5f2,S007,5
ac8fbd57a267412aa4bb511cfb29b5f2,S001,4
ac8fbd57a267412aa4bb511cfb29b5f2,S011,4
ac8fbd57a267412aa4bb511cfb29b5f2,S021,4
ac8fbd57a267412aa4bb511cfb29b5f2,S027,3
ac8fbd57a267412aa4bb511cfb29b5f2,S006,3
ac8fbd57a267412aa4bb511cfb29b5f2,S014,4
ac8fbd57a267412aa4bb511cfb29b5f2,S020,4
ac8fbd57a267412aa4bb511cfb29b5f2,S042,4
ac8fbd57a267412aa4bb511cfb29b5f2,S024,1
ac8fbd57a267412aa4bb511cfb29b5f2,S029,3
9ff995ddc9a1dabafeefddc47bcaae38,S041,5
9ff995ddc9a1dabafeefddc47bcaae38,S032,3
9ff995ddc9a1dabafeefddc47bcaae38,S037,5
9ff995ddc9a1dabafeefddc47bcaae38,S044,5
9ff995ddc9a1dabafeefddc47bcaae38,S020,5
9ff995ddc9a1dabafeefddc47bcaae38,S001,5
9ff995ddc9a1dabafeefddc47bcaae38,S034,4
9ff995ddc9a1dabafeefddc47bcaae38,S017,4
9ff995ddc9a1dabafeefddc47bcaae38,S014,3
9ff995ddc9a1dabafeefddc47bcaae38,S039,4
9ff995ddc9a1dabafeefddc47bcaae38,S002,2
9ff995ddc9a1dabafeefddc47bcaae38,S036,4
9ff995ddc9a1dabafeefddc47bcaae38,S009,2
9ff995ddc9a1dabafeefddc47bcaae38,S005,5
1db822a6b997fdcc5bfa7ebd62f0f6af,S031,5
1db822a6b997fdcc5bfa7ebd62f0f6af,S043,5
1db822a6b997fdcc5bfa7ebd62f0f6af,S025,4
1db822a6b997fdcc5bfa7ebd62f0f6af,S022,5
1db822a6b997fdcc5bfa7ebd62f0f6af,S041,5
1db822a6b997fdcc5bfa7ebd62f0f6af,S028,4
1db822a6b997fdcc5bfa7ebd62f0f6af,S012,4
1db822a6b997fdcc5bfa7ebd62f0f6af,S005,4
1db822a6b997fdcc5bfa7ebd62f0f6af,S032,5
1db822a6b997fdcc5bfa7ebd62f0f6af,S027,3
1db822a6b997fdcc5bfa7ebd62f0f6af,S013,3
6cc43a10b0acf7e4ef637a08bf6613b9,S023,2
6cc43a10b0acf7e4ef637a08bf6613b9,S029,1
6cc43a10b0acf7e4ef637a08bf6613b9,S020,3
6cc43a10b0acf7e4ef637a08bf6613b9,S045,5
6cc43a10b0acf7e4ef637a08bf6613b9,S028,3
6cc43a10b0acf7e4ef637a08bf6613b9,S006,4
6cc43a10b0acf7e4ef637a08bf6613b9,S001,3
6cc43a10b0acf7e4ef637a08bf6613b9,S042,2
6cc43a10b0acf7e4ef637a08bf6613b9,S008,3
6cc43a10b0acf7e4ef637a08bf6613b9,S010,3
a7e49a00a2fc452f39e8cab450e9178c,S027,4
a7e49a00a2fc452f39e8cab450e9178c,S007,5
a7e49a00a2fc452f39e8cab450e9178c,S009,5
a7e49a00a2fc452f39e8cab450e9178c,S043,4
a7e49a00a2fc452f39e8cab450e9178c,S002,4
a7e49a00a2fc452f39e8cab450e9178c,S038,3
a7e49a00a2fc452f39e8cab450e9178c,S004,4
a7e49a00a2fc452f39e8cab450e9178c,S003,4
a7e49a00a2fc452f39e8cab450e9178c,S018,4
a7e49a00a2fc452f39e8cab450e9178c,S013,4
a7e49a00a2fc452f39e8cab450e9178c,S011,3
a7e49a00a2fc452f39e8cab450e9178c,S006,3
a7e49a00a2fc452f39e8cab450e9178c,S030,4
a7e49a00a2fc452f39e8cab450e9178c,S012,4
6d3313dae7d60c679895e1a384f4c439,S044,2
6d3313dae7d60c679895e1a384f4c439,S016,1
6d3313dae7d60c679895e1a384f4c439,S018,2
6d3313dae7d60c679895e1a384f4c439,S023,2
6d3313dae7d60c679895e1a384f4c439,S040,1
6d3313dae7d60c679895e1a384f4c439,S032,1
6d3313dae7d60c679895e1a384f4c439,S022,1
ed0d3d51e50e57150b9ac2e8c4f53f71,S004,3
ed0d3d51e50e57150b9ac2e8c4f53f71,S020,4
ed0d3d51e50e57150b9ac2e8c4f53f71,S019,3
ed0d3d51e50e57150b9ac2e8c4f53f71,S018,4
ed0d3d51e50e57150b9ac2e8c4f53f71,S025,3
ed0d3d51e50e57150b9ac2e8c4f53f71,S013,5
ed0d3d51e50e57150b9ac2e8c4f53f71,S040,4
ed0d3d51e50e57150b9ac2e8c4f53f71,S030,3
ed0d3d51e50e57150b9ac2e8c4f53f71,S031,4
ed0d3d51e50e57150b9ac2e8c4f53f71,S014,4
ed0d3d51e50e57150b9ac2e8c4f53f71,S003,3
ed0d3d51e50e57150b9ac2e8c4f53f71,S006,4
ed0d3d51e50e57150b9ac2e8c4f53f71,S001,4
ed0d3d51e50e57150b9ac2e8c4f53f71,S044,5
6aca5a6e7ae0e9e7ca62b379a06027d7,S024,2
6aca5a6e7ae0e9e7ca62b379a06027d7,S034,3
6aca5a6e7ae0e9e7ca62b379a06027d7,S044,5
6aca5a6e7ae0e9e7ca62b379a06027d7,S043,5
6aca5a6e7ae0e9e7ca62b379a06027d7,S042,3
6aca5a6e7ae0e9e7ca62b379a06027d7,S011,4
6aca5a6e7ae0e9e7ca62b379a06027d7,S006,4
6aca5a6e7ae0e9e7ca62b379a06027d7,S039,4
6aca5a6e7ae0e9e7ca62b379a06027d7,S008,5
6aca5a6e7ae0e9e7ca62b379a06027d7,S041,4
6aca5a6e7ae0e9e7ca62b379a06027d7,S003,5
6aca5a6e7ae0e9e7ca62b379a06027d7,S010,3
264ee1459fa689fcad04e8e7cec10848,S029,4
264ee1459fa689fcad04e8e7cec10848,S024,5
264ee1459fa689fcad04e8e7cec10848,S019,4
264ee1459fa689fcad04e8e7cec10848,S004,4
264ee1459fa689fcad04e8e7cec10848,S040,5
264ee1459fa689fcad04e8e7cec10848,S022,5
264ee1459fa689fcad04e8e7cec10848,S026,5
264ee1459fa689fcad04e8e7cec10848,S011,5
264ee1459fa689fcad04e8e7cec10848,S018,4
264ee1459fa689fcad04e8e7cec10848,S017,4
264ee1459fa689fcad04e8e7cec10848,S036,5
88da60b6fc9212ee6b0c6f3655c072ba,S018,5
88da60b6fc9212ee6b0c6f3655c072ba,S027,4
88da60b6fc9212ee6b0c6f3655c072ba,S022,5
88da60b6fc9212ee6b0c6f3655c072ba,S029,3
88da60b6fc9212ee6b0c6f3655c072ba,S003,5
88da60b6fc9212ee6b0c6f3655c072ba,S028,4
88da60b6fc9212ee6b0c6f3655c072ba,S037,5
88da60b6fc9212ee6b0c6f3655c072ba,S005,5
88da60b6fc9212ee6b0c6f3655c072ba,S034,5
88da60b6fc9212ee6b0c6f3655c072ba,S035,3
88da60b6fc9212ee6b0c6f3655c072ba,S043,4
88da60b6fc9212ee6b0c6f3655c072ba,S016,4
88da60b6fc9212ee6b0c6f3655c072ba,S021,4
88da60b6fc9212ee6b0c6f3655c072ba,S006,5
88da60b6fc9212ee6b0c6f3655c072ba,S036,4
da71dba9dccdd350a5a04a5e570be858,S027,4
da71dba9dccdd350a5a04a5e570be858,S025,4
da71dba9dccdd350a5a04a5e570be858,S033,4
da71dba9dccdd350a5a04a5e570be858,S003,3
da71dba9dccdd350a5a04a5e570be858,S002,5
da71dba9dccdd350a5a04a5e570be858,S035,5
da71dba9dccdd350a5a04a5e570be858,S017,4
da71dba9dccdd350a5a04a5e570be858,S045,4
da71dba9dccdd350a5a04a5e570be858,S032,4
da71dba9dccdd350a5a04a5e570be858,S038,3
da71dba9dccdd350a5a04a5e570be858,S011,4
da71dba9dccdd350a5a04a5e570be858,S008,4
b63152532421fc1df5b70b2f7bd18131,S035,1
b63152532421fc1df5b70b2f7bd18131,S010,2
b63152532421fc1df5b70b2f7bd18131,S004,2
b63152532421fc1df5b70b2f7bd18131,S031,1
b63152532421fc1df5b70b2f7bd18131,S019,2
b63152532421fc1df5b70b2f7bd18131,S011,3
9345b2b65607afc98ae2a73c0baa0d5a,S045,2
9345b2b65607afc98ae2a73c0baa0d5a,S033,4
9345b2b65607afc98ae2a73c0baa0d5a,S002,2
9345b2b65607afc98ae2a73c0baa0d5a,S008,4
9345b2b65607afc98ae2a73c0baa0d5a,S011,2
9345b2b65607afc98ae2a73c0baa0d5a,S043,2
9345b2b65607afc98ae2a73c0baa0d5a,S039,2
9345b2b65607afc98ae2a73c0baa0d5a,S024,4
9345b2b65607afc98ae2a73c0baa0d5a,S022,3
38e762aa2989a34348381aaee02b57fd,S013,1
38e762aa2989a34348381aaee02b57fd,S028,1
38e762aa2989a34348381aaee02b57fd,S027,2
38e762aa2989a34348381aaee02b57fd,S014,1
38e762aa2989a34348381aaee02b57fd,S026,2
38e762aa2989a34348381aaee02b57fd,S038,4
38e762aa2989a34348381aaee02b57fd,S009,1
38e762aa2989a34348381aaee02b57fd,S011,3
38e762aa2989a34348381aaee02b57fd,S037,2
20d59071836cad0f443de9d8e55c9098,S037,4
20d59071836cad0f443de9d8e55c9098,S028,3
20d59071836cad0f443de9d8e55c9098,S005,5
20d59071836cad0f443de9d8e55c9098,S026,5
20d59071836cad0f443de9d8e55c9098,S008,3
20d59071836cad0f443de9d8e55c9098,S035,4
20d59071836cad0f443de9d8e55c9098,S030,3
20d59071836cad0f443de9d8e55c9098,S014,3
20d59071836cad0f443de9d8e55c9098,S045,3
20d59071836cad0f443de9d8e55c9098,S032,4
20d59071836cad0f443de9d8e55c9098,S018,5
20d59071836cad0f443de9d8e55c9098,S041,4
8458d55387cdcab7450c47da08c57998,S007,3
8458d55387cdcab7450c47da08c57998,S028,5
8458d55387cdcab7450c47da08c57998,S031,4
8458d55387cdcab7450c47da08c57998,S045,4
8458d55387cdcab7450c47da08c57998,S009,3
8458d55387cdcab7450c47da08c57998,S014,3
8458d55387cdcab7450c47da08c57998,S043,3
8458d55387cdcab7450c47da08c57998,S030,4
8458d55387cdcab7450c47da08c57998,S015,4
8458d55387cdcab7450c47da08c57998,S018,3
8458d55387cdcab7450c47da08c57998,S002,4
8f6dbf6978e2a6993c2957e673593c92,S007,3
8f6dbf6978e2a6993c2957e673593c92,S035,2
8f6dbf6978e2a6993c2957e673593c92,S033,3
8f6dbf6978e2a6993c2957e673593c92,S032,3
8f6dbf6978e2a6993c2957e673593c92,S001,2
8f6dbf6978e2a6993c2957e673593c92,S019,4
8f6dbf6978e2a6993c2957e673593c92,S022,3
8f6dbf6978e2a6993c2957e673593c92,S042,2
8f6dbf6978e2a6993c2957e673593c92,S037,2
22974ddd9bfca268d0ff07427fd2beba,S025,4
22974ddd9bfca268d0ff07427fd2beba,S035,5
22974ddd9bfca268d0ff07427fd2beba,S026,4
22974ddd9bfca268d0ff07427fd2beba,S041,4
22974ddd9bfca268d0ff07427fd2beba,S012,5
22974ddd9bfca268d0ff07427fd2beba,S010,4
22974ddd9bfca268d0ff07427fd2beba,S029,3
22974ddd9bfca268d0ff07427fd2beba,S036,4
22974ddd9bfca268d0ff07427fd2beba,S032,3
22974ddd9bfca268d0ff07427fd2beba,S027,4
22974ddd9bfca268d0ff07427fd2beba,S001,5
22974ddd9bfca268d0ff07427fd2beba,S016,5
22974ddd9bfca268d0ff07427fd2beba,S028,5
22974ddd9bfca268d0ff07427fd2beba,S034,4
5a618f6ea23aec609b14969891bf87b2,S018,1
5a618f6ea23aec609b14969891bf87b2,S035,3
5a618f6ea23aec609b14969891bf87b2,S032,1
5a618f6ea23aec609b14969891bf87b2,S027,2
5a618f6ea23aec609b14969891bf87b2,S007,1
5a618f6ea23aec609b14969891bf87b2,S014,1
5a618f6ea23aec609b14969891bf87b2,S003,1
84f79d2d1adc217243d747f0fdd91a95,S039,2
84f79d2d1adc217243d747f0fdd91a95,S002,3
84f79d2d1adc217243d747f0fdd91a95,S007,3
84f79d2d1adc217243d747f0fdd91a95,S038,1
84f79d2d1adc217243d747f0fdd91a95,S003,3
84f79d2d1adc217243d747f0fdd91a95,S019,4
84f79d2d1adc217243d747f0fdd91a95,S005,3
84f79d2d1adc217243d747f0fdd91a95,S036,2
84f79d2d1adc217243d747f0fdd91a95,S042,3
156575765a30f0239519c8d57cdec65c,S004,4
156575765a30f0239519c8d57cdec65c,S006,4
156575765a30f0239519c8d57cdec65c,S031,3
156575765a30f0239519c8d57cdec65c,S018,3
156575765a30f0239519c8d57cdec65c,S022,5
156575765a30f0239519c8d57cdec65c,S041,4
156575765a30f0239519c8d57cdec65c,S023,3
156575765a30f0239519c8d57cdec65c,S011,4
156575765a30f0239519c8d57cdec65c,S007,4
156575765a30f0239519c8d57cdec65c,S034,5
a60ddacc379b3186c2b26fb9278aee0f,S019,2
a60ddacc379b3186c2b26fb9278aee0f,S032,2
a60ddacc379b3186c2b26fb9278aee0f,S011,3
a60ddacc379b3186c2b26fb9278aee0f,S043,2
a60ddacc379b3186c2b26fb9278aee0f,S029,3
a60ddacc379b3186c2b26fb9278aee0f,S036,4
a60ddacc379b3186c2b26fb9278aee0f,S028,3
a60ddacc379b3186c2b26fb9278aee0f,S040,4
9890093695863b50a13c1642180328dc,S006,4
9890093695863b50a13c1642180328dc,S024,2
9890093695863b50a13c1642180328dc,S033,4
9890093695863b50a13c1642180328dc,S037,3
9890093695863b50a13c1642180328dc,S008,4
9890093695863b50a13c1642180328dc,S043,3
9890093695863b50a13c1642180328dc,S018,1
9890093695863b50a13c1642180328dc,S045,3
643ac078e7b6dc99d9aeedfc87e8ca0f,S043,5
643ac078e7b6dc99d9aeedfc87e8ca0f,S016,5
643ac078e7b6dc99d9aeedfc87e8ca0f,S002,4
643ac078e7b6dc99d9aeedfc87e8ca0f,S029,3
643ac078e7b6dc99d9aeedfc87e8ca0f,S042,3
643ac078e7b6dc99d9aeedfc87e8ca0f,S035,4
643ac078e7b6dc99d9aeedfc87e8ca0f,S033,5
643ac078e7b6dc99d9aeedfc87e8ca0f,S009,4
643ac078e7b6dc99d9aeedfc87e8ca0f,S030,5
643ac078e7b6dc99d9aeedfc87e8ca0f,S028,4
643ac078e7b6dc99d9aeedfc87e8ca0f,S026,3
edba1739e994d0d3ac3f378b59da73ab,S014,3
edba1739e994d0d3ac3f378b59da73ab,S005,3
edba1739e994d0d3ac3f378b59da73ab,S012,3
edba1739e994d0d3ac3f378b59da73ab,S037,3
edba1739e994d0d3ac3f378b59da73ab,S016,3
edba1739e994d0d3ac3f378b59da73ab,S010,5
edba1739e994d0d3ac3f378b59da73ab,S013,4
edba1739e994d0d3ac3f378b59da73ab,S011,4
edba1739e994d0d3ac3f378b59da73ab,S023,4
edba1739e994d0d3ac3f378b59da73ab,S044,4
edba1739e994d0d3ac3f378b59da73ab,S024,4
edba1739e994d0d3ac3f378b59da73ab,S036,4
edba1739e994d0d3ac3f378b59da73ab,S026,4
67e8e268b9db74a6cf85ac5290f96983,S040,5
67e8e268b9db74a6cf85ac5290f96983,S004,4
67e8e268b9db74a6cf85ac5290f96983,S015,3
67e8e268b9db74a6cf85ac5290f96983,S028,5
67e8e268b9db74a6cf85ac5290f96983,S009,3
67e8e268b9db74a6cf85ac5290f96983,S006,4
67e8e268b9db74a6cf85ac5290f96983,S005,5
67e8e268b9db74a6cf85ac5290f96983,S036,5
67e8e268b9db74a6cf85ac5290f96983,S001,4
67e8e268b9db74a6cf85ac5290f96983,S039,4
67e8e268b9db74a6cf85ac5290f96983,S041,4
67e8e268b9db74a6cf85ac5290f96983,S042,4
50c543e2fc8ebf831db861581087a90d,S038,3
50c543e2fc8ebf831db861581087a90d,S004,5
50c543e2fc8ebf831db861581087a90d,S033,5
50c543e2fc8ebf831db861581087a90d,S014,5
50c543e2fc8ebf831db861581087a90d,S015,4
50c543e2fc8ebf831db861581087a90d,S028,5
50c543e2fc8ebf831db861581087a90d,S043,5
50c543e2fc8ebf831db861581087a90d,S011,4
50c543e2fc8ebf831db861581087a90d,S045,3
50c543e2fc8ebf831db861581087a90d,S002,3
50c543e2fc8ebf831db861581087a90d,S020,4
50c543e2fc8ebf831db861581087a90d,S016,4
50c543e2fc8ebf831db861581087a90d,S001,4
676607ce4600349df445ebbc2d5b3ca8,S001,4
676607ce4600349df445ebbc2d5b3ca8,S029,4
676607ce4600349df445ebbc2d5b3ca8,S009,4
676607ce4600349df445ebbc2d5b3ca8,S018,3
676607ce4600349df445ebbc2d5b3ca8,S019,3
676607ce4600349df445ebbc2d5b3ca8,S045,4
676607ce4600349df445ebbc2d5b3ca8,S028,3
676607ce4600349df445ebbc2d5b3ca8,S033,1
676607ce4600349df445ebbc2d5b3ca8,S036,4
f9e591084235db6bd15cf64382ed00c1,S039,5
f9e591084235db6bd15cf64382ed00c1,S033,4
f9e591084235db6bd15cf64382ed00c1,S022,4
f9e591084235db6bd15cf64382ed00c1,S043,3
f9e591084235db6bd15cf64382ed00c1,S025,4
f9e591084235db6bd15cf64382ed00c1,S040,5
f9e591084235db6bd15cf64382ed00c1,S029,4
f9e591084235db6bd15cf64382ed00c1,S020,3
f9e591084235db6bd15cf64382ed00c1,S041,4
f9e591084235db6bd15cf64382ed00c1,S011,3
e8b50c7e573961d6e2e7dc94703f214c,S036,5
e8b50c7e573961d6e2e7dc94703f214c,S023,4
e8b50c7e573961d6e2e7dc94703f214c,S007,5
e8b50c7e573961d6e2e7dc94703f214c,S035,5
e8b50c7e573961d6e2e7dc94703f214c,S022,4
e8b50c7e573961d6e2e7dc94703f214c,S015,4
e8b50c7e573961d6e2e7dc94703f214c,S025,4
e8b50c7e573961d6e2e7dc94703f214c,S005,4
e8b50c7e573961d6e2e7dc94703f214c,S017,4
e8b50c7e573961d6e2e7dc94703f214c,S042,5
e8b50c7e573961d6e2e7dc94703f214c,S020,5
e8b50c7e573961d6e2e7dc94703f214c,S008,5
e8b50c7e573961d6e2e7dc94703f214c,S037,4
e8b50c7e573961d6e2e7dc94703f214c,S009,5
0250960324dcada883c4d4640a2bde74,S011,3
0250960324dcada883c4d4640a2bde74,S037,3
0250960324dcada883c4d4640a2bde74,S008,2
0250960324dcada883c4d4640a2bde74,S027,2
0250960324dcada883c4d4640a2bde74,S044,4
0250960324dcada883c4d4640a2bde74,S026,3
0250960324dcada883c4d4640a2bde74,S035,4
0250960324dcada883c4d4640a2bde74,S017,4
0250960324dcada883c4d4640a2bde74,S040,2
0250960324dcada883c4d4640a2bde74,S043,2
0250960324dcada883c4d4640a2bde74,S036,2
5e958a7900beb31cfb3324d36ef3a52d,S040,3
5e958a7900beb31cfb3324d36ef3a52d,S004,5
5e958a7900beb31cfb3324d36ef3a52d,S032,5
5e958a7900beb31cfb3324d36ef3a52d,S031,4
5e958a7900beb31cfb3324d36ef3a52d,S022,5
5e958a7900beb31cfb3324d36ef3a52d,S014,4
5e958a7900beb31cfb3324d36ef3a52d,S015,5
5e958a7900beb31cfb3324d36ef3a52d,S024,5
5e958a7900beb31cfb3324d36ef3a52d,S009,4
5e958a7900beb31cfb3324d36ef3a52d,S021,4
5e958a7900beb31cfb3324d36ef3a52d,S016,4
5e958a7900beb31cfb3324d36ef3a52d,S012,4
5e958a7900beb31cfb3324d36ef3a52d,S013,4
bf1f7685f2bdecfd3e9aeec48aad95bc,S025,4
bf1f7685f2bdecfd3e9aeec48aad95bc,S035,5
bf1f7685f2bdecfd3e9aeec48aad95bc,S002,4
bf1f7685f2bdecfd3e9aeec48aad95bc,S017,4
bf1f7685f2bdecfd3e9aeec48aad95bc,S003,3
bf1f7685f2bdecfd3e9aeec48aad95bc,S045,4
bf1f7685f2bdecfd3e9aeec48aad95bc,S038,5
bf1f7685f2bdecfd3e9aeec48aad95bc,S033,4
bf1f7685f2bdecfd3e9aeec48aad95bc,S013,3
bf1f7685f2bdecfd3e9aeec48aad95bc,S036,5
bf1f7685f2bdecfd3e9aeec48aad95bc,S044,3
bf1f7685f2bdecfd3e9aeec48aad95bc,S006,4
bf1f7685f2bdecfd3e9aeec48aad95bc,S041,4
bf1f7685f2bdecfd3e9aeec48aad95bc,S020,4
fa982f548d6f5d1235a6ba43f105365a,S002,3
fa982f548d6f5d1235a6ba43f105365a,S022,3
fa982f548d6f5d1235a6ba43f105365a,S024,2
fa982f548d6f5d1235a6ba43f105365a,S038,1
fa982f548d6f5d1235a6ba43f105365a,S010,3
fa982f548d6f5d1235a6ba43f105365a,S011,3
fa982f548d6f5d1235a6ba43f105365a,S012,1
fa982f548d6f5d1235a6ba43f105365a,S005,1
fa982f548d6f5d1235a6ba43f105365a,S001,4
fa982f548d6f5d1235a6ba43f105365a,S020,2
fa4d64029b31735b13b901b858ce501b,S033,2
fa4d64029b31735b13b901b858ce501b,S044,1
fa4d64029b31735b13b901b858ce501b,S045,2
fa4d64029b31735b13b901b858ce501b,S005,2
fa4d64029b31735b13b901b858ce501b,S030,2
fa4d64029b31735b13b901b858ce501b,S039,1
86bf456ee0f5ba3bdf28fcaa72aec247,S030,2
86bf456ee0f5ba3bdf28fcaa72aec247,S003,3
86bf456ee0f5ba3bdf28fcaa72aec247,S036,5
86bf456ee0f5ba3bdf28fcaa72aec247,S039,5
86bf456ee0f5ba3bdf28fcaa72aec247,S045,4
86bf456ee0f5ba3bdf28fcaa72aec247,S019,4
86bf456ee0f5ba3bdf28fcaa72aec247,S021,5
86bf456ee0f5ba3bdf28fcaa72aec247,S024,5
86bf456ee0f5ba3bdf28fcaa72aec247,S005,5
86bf456ee0f5ba3bdf28fcaa72aec247,S012,5
86bf456ee0f5ba3bdf28fcaa72aec247,S040,3
86bf456ee0f5ba3bdf28fcaa72aec247,S035,4
86bf456ee0f5ba3bdf28fcaa72aec247,S014,4
5ba1f76eeda896cda24fa73e584e8bec,S005,5
5ba1f76eeda896cda24fa73e584e8bec,S004,4
5ba1f76eeda896cda24fa73e584e8bec,S034,5
5ba1f76eeda896cda24fa73e584e8bec,S035,5
5ba1f76eeda896cda24fa73e584e8bec,S017,4
5ba1f76eeda896cda24fa73e584e8bec,S002,3
5ba1f76eeda896cda24fa73e584e8bec,S040,4
5ba1f76eeda896cda24fa73e584e8bec,S028,5
5ba1f76eeda896cda24fa73e584e8bec,S026,4
5ba1f76eeda896cda24fa73e584e8bec,S014,5
5ba1f76eeda896cda24fa73e584e8bec,S003,5
5ba1f76eeda896cda24fa73e584e8bec,S012,4
5ba1f76eeda896cda24fa73e584e8bec,S015,4
5ba1f76eeda896cda24fa73e584e8bec,S016,5
4120d330a9ec5a2deee91acb068a7a75,S037,1
4120d330a9ec5a2deee91acb068a7a75,S041,1
4120d330a9ec5a2deee91acb068a7a75,S015,2
4120d330a9ec5a2deee91acb068a7a75,S028,3
4120d330a9ec5a2deee91acb068a7a75,S012,3
a75e6727739322b4dd729006c07decbe,S010,3
a75e6727739322b4dd729006c07decbe,S023,5
a75e6727739322b4dd729006c07decbe,S030,4
a75e6727739322b4dd729006c07decbe,S006,5
a75e6727739322b4dd729006c07decbe,S026,4
a75e6727739322b4dd729006c07decbe,S042,4
a75e6727739322b4dd729006c07decbe,S015,4
a75e6727739322b4dd729006c07decbe,S016,5
a75e6727739322b4dd729006c07decbe,S013,5
a75e6727739322b4dd729006c07decbe,S009,3
94feaedd7c74f5ac1652351c850e8916,S014,3
94feaedd7c74f5ac1652351c850e8916,S044,2
94feaedd7c74f5ac1652351c850e8916,S005,3
94feaedd7c74f5ac1652351c850e8916,S045,3
94feaedd7c74f5ac1652351c850e8916,S032,3
94feaedd7c74f5ac1652351c850e8916,S021,4
94feaedd7c74f5ac1652351c850e8916,S031,2
94feaedd7c74f5ac1652351c850e8916,S020,3
94feaedd7c74f5ac1652351c850e8916,S034,3
f580f627ca5c4b06df912dd1e490012d,S036,3
f580f627ca5c4b06df912dd1e490012d,S028,4
f580f627ca5c4b06df912dd1e490012d,S018,4
f580f627ca5c4b06df912dd1e490012d,S037,4
f580f627ca5c4b06df912dd1e490012d,S019,4
f580f627ca5c4b06df912dd1e490012d,S041,3
f580f627ca5c4b06df912dd1e490012d,S040,4
f580f627ca5c4b06df912dd1e490012d,S043,2
f580f627ca5c4b06df912dd1e490012d,S001,4
f580f627ca5c4b06df912dd1e490012d,S034,5
f580f627ca5c4b06df912dd1e490012d,S009,4
f580f627ca5c4b06df912dd1e490012d,S042,3
f580f627ca5c4b06df912dd1e490012d,S013,4
f580f627ca5c4b06df912dd1e490012d,S005,4
31dfc2a11998ce73aa85756a7c88c555,S025,5
31dfc2a11998ce73aa85756a7c88c555,S012,3
31dfc2a11998ce73aa85756a7c88c555,S024,3
31dfc2a11998ce73aa85756a7c88c555,S017,3
31dfc2a11998ce73aa85756a7c88c555,S036,2
31dfc2a11998ce73aa85756a7c88c555,S011,3
31dfc2a11998ce73aa85756a7c88c555,S030,3
31dfc2a11998ce73aa85756a7c88c555,S006,3
31dfc2a11998ce73aa85756a7c88c555,S037,4
31dfc2a11998ce73aa85756a7c88c555,S002,3
31dfc2a11998ce73aa85756a7c88c555,S010,4
821689745c82327a22a75188615dc94d,S001,4
821689745c82327a22a75188615dc94d,S025,4
821689745c82327a22a75188615dc94d,S038,4
821689745c82327a22a75188615dc94d,S041,5
821689745c82327a22a75188615dc94d,S019,4
821689745c82327a22a75188615dc94d,S031,5
821689745c82327a22a75188615dc94d,S030,4
821689745c82327a22a75188615dc94d,S015,4
821689745c82327a22a75188615dc94d,S005,5
821689745c82327a22a75188615dc94d,S012,3
821689745c82327a22a75188615dc94d,S014,4
821689745c82327a22a75188615dc94d,S018,3
821689745c82327a22a75188615dc94d,S007,5
e01c8f2dc69e6deb6482da4bc3e59ad2,S007,3
e01c8f2dc69e6deb6482da4bc3e59ad2,S012,4
e01c8f2dc69e6deb6482da4bc3e59ad2,S016,2
e01c8f2dc69e6deb6482da4bc3e59ad2,S010,4
e01c8f2dc69e6deb6482da4bc3e59ad2,S028,5
e01c8f2dc69e6deb6482da4bc3e59ad2,S037,4
e01c8f2dc69e6deb6482da4bc3e59ad2,S033,4
e01c8f2dc69e6deb6482da4bc3e59ad2,S032,4
e01c8f2dc69e6deb6482da4bc3e59ad2,S026,5
e01c8f2dc69e6deb6482da4bc3e59ad2,S031,5
e01c8f2dc69e6deb6482da4bc3e59ad2,S018,3
e01c8f2dc69e6deb6482da4bc3e59ad2,S029,5
3584daf83874193d2c18d2faa05bd114,S008,3
3584daf83874193d2c18d2faa05bd114,S028,4
3584daf83874193d2c18d2faa05bd114,S010,4
3584daf83874193d2c18d2faa05bd114,S026,5
3584daf83874193d2c18d2faa05bd114,S003,3
3584daf83874193d2c18d2faa05bd114,S021,3
3584daf83874193d2c18d2faa05bd114,S007,4
3584daf83874193d2c18d2faa05bd114,S039,3
3584daf83874193d2c18d2faa05bd114,S040,4
3584daf83874193d2c18d2faa05bd114,S033,4
3584daf83874193d2c18d2faa05bd114,S025,4
3584daf83874193d2c18d2faa05bd114,S034,4
3584daf83874193d2c18d2faa05bd114,S012,3
be15fc4f62754e44e7a89bbdd290dcd0,S014,3
be15fc4f62754e44e7a89bbdd290dcd0,S005,3
be15fc4f62754e44e7a89bbdd290dcd0,S041,2
be15fc4f62754e44e7a89bbdd290dcd0,S016,2
be15fc4f62754e44e7a89bbdd290dcd0,S011,5
be15fc4f62754e44e7a89bbdd290dcd0,S002,3
be15fc4f62754e44e7a89bbdd290dcd0,S025,3
be15fc4f62754e44e7a89bbdd290dcd0,S038,2
4c69de2aad4591edad8f1d3ee1544594,S014,3
4c69de2aad4591edad8f1d3ee1544594,S005,5
4c69de2aad4591edad8f1d3ee1544594,S017,4
4c69de2aad4591edad8f1d3ee1544594,S002,2
4c69de2aad4591edad8f1d3ee1544594,S001,4
4c69de2aad4591edad8f1d3ee1544594,S013,5
4c69de2aad4591edad8f1d3ee1544594,S018,4
4c69de2aad4591edad8f1d3ee1544594,S026,5
4c69de2aad4591edad8f1d3ee1544594,S012,4
4c69de2aad4591edad8f1d3ee1544594,S004,4
43dfac00a1e067d6216dfb739f88733c,S019,3
43dfac00a1e067d6216dfb739f88733c,S015,4
43dfac00a1e067d6216dfb739f88733c,S013,3
43dfac00a1e067d6216dfb739f88733c,S042,4
43dfac00a1e067d6216dfb739f88733c,S025,3
43dfac00a1e067d6216dfb739f88733c,S017,3
43dfac00a1e067d6216dfb739f88733c,S003,5
43dfac00a1e067d6216dfb739f88733c,S040,4
43dfac00a1e067d6216dfb739f88733c,S026,5
43dfac00a1e067d6216dfb739f88733c,S031,5
43dfac00a1e067d6216dfb739f88733c,S011,3
43dfac00a1e067d6216dfb739f88733c,S034,4
43dfac00a1e067d6216dfb739f88733c,S010,3
43dfac00a1e067d6216dfb739f88733c,S007,3
d2c46fc5a4a9b7ca7b9158d62a560792,S017,3
d2c46fc5a4a9b7ca7b9158d62a560792,S006,2
d2c46fc5a4a9b7ca7b9158d62a560792,S007,4
d2c46fc5a4a9b7ca7b9158d62a560792,S004,3
d2c46fc5a4a9b7ca7b9158d62a560792,S020,3
d2c46fc5a4a9b7ca7b9158d62a560792,S039,2
d2c46fc5a4a9b7ca7b9158d62a560792,S022,2
d2c46fc5a4a9b7ca7b9158d62a560792,S012,3
d2c46fc5a4a9b7ca7b9158d62a560792,S029,3
bcb9b6ce743c28f9e3430268e60dab52,S012,1
bcb9b6ce743c28f9e3430268e60dab52,S026,1
bcb9b6ce743c28f9e3430268e60dab52,S009,2
bcb9b6ce743c28f9e3430268e60dab52,S042,2
bcb9b6ce743c28f9e3430268e60dab52,S037,2
bcb9b6ce743c28f9e3430268e60dab52,S043,1
dddc19c08e42476ab365466c2a0e83cc,S012,4
dddc19c08e42476ab365466c2a0e83cc,S004,3
dddc19c08e42476ab365466c2a0e83cc,S042,5
dddc19c08e42476ab365466c2a0e83cc,S037,4
dddc19c08e42476ab365466c2a0e83cc,S045,5
dddc19c08e42476ab365466c2a0e83cc,S031,4
dddc19c08e42476ab365466c2a0e83cc,S034,5
dddc19c08e42476ab365466c2a0e83cc,S036,5
dddc19c08e42476ab365466c2a0e83cc,S025,3
dddc19c08e42476ab365466c2a0e83cc,S017,5
dddc19c08e42476ab365466c2a0e83cc,S032,4
e9cc5bba1dc0f07a3afc0d460701a35c,S024,2
e9cc5bba1dc0f07a3afc0d460701a35c,S005,1
e9cc5bba1dc0f07a3afc0d460701a35c,S041,2
e9cc5bba1dc0f07a3afc0d460701a35c,S045,3
e9cc5bba1dc0f07a3afc0d460701a35c,S043,3
e9cc5bba1dc0f07a3afc0d460701a35c,S025,2
e9cc5bba1dc0f07a3afc0d460701a35c,S027,1
e9cc5bba1dc0f07a3afc0d460701a35c,S042,3
af62fb0a3c61aff2dee748620fbe66f2,S002,3
af62fb0a3c61aff2dee748620fbe66f2,S008,3
af62fb0a3c61aff2dee748620fbe66f2,S010,4
af62fb0a3c61aff2dee748620fbe66f2,S034,4
af62fb0a3c61aff2dee748620fbe66f2,S037,5
af62fb0a3c61aff2dee748620fbe66f2,S015,2
af62fb0a3c61aff2dee748620fbe66f2,S011,2
af62fb0a3c61aff2dee748620fbe66f2,S029,3
af62fb0a3c61aff2dee748620fbe66f2,S025,3
af62fb0a3c61aff2dee748620fbe66f2,S017,2
90641bc6d91a2328c7e833f9a1ef28c7,S031,2
90641bc6d91a2328c7e833f9a1ef28c7,S043,2
90641bc6d91a2328c7e833f9a1ef28c7,S001,2
90641bc6d91a2328c7e833f9a1ef28c7,S016,4
90641bc6d91a2328c7e833f9a1ef28c7,S036,2
90641bc6d91a2328c7e833f9a1ef28c7,S022,5
90641bc6d91a2328c7e833f9a1ef28c7,S029,3
90641bc6d91a2328c7e833f9a1ef28c7,S041,4
90641bc6d91a2328c7e833f9a1ef28c7,S035,2
90641bc6d91a2328c7e833f9a1ef28c7,S009,3
90641bc6d91a2328c7e833f9a1ef28c7,S037,4
4c507cb68fb902ba40a6176f2c003fd6,S010,1
4c507cb68fb902ba40a6176f2c003fd6,S043,1
4c507cb68fb902ba40a6176f2c003fd6,S019,2
4c507cb68fb902ba40a6176f2c003fd6,S014,2
4c507cb68fb902ba40a6176f2c003fd6,S027,1
4c507cb68fb902ba40a6176f2c003fd6,S008,2
4c507cb68fb902ba40a6176f2c003fd6,S005,2
4c507cb68fb902ba40a6176f2c003fd6,S029,2
4c507cb68fb902ba40a6176f2c003fd6,S034,3
2b50e7b31004ea9a33437628bbb416d5,S043,5
2b50e7b31004ea9a33437628bbb416d5,S021,4
2b50e7b31004ea9a33437628bbb416d5,S039,5
2b50e7b31004ea9a33437628bbb416d5,S017,4
2b50e7b31004ea9a33437628bbb416d5,S033,2
2b50e7b31004ea9a33437628bbb416d5,S037,5
2b50e7b31004ea9a33437628bbb416d5,S007,5
2b50e7b31004ea9a33437628bbb416d5,S025,4
2b50e7b31004ea9a33437628bbb416d5,S019,2
2b50e7b31004ea9a33437628bbb416d5,S029,4
03ac3bc9d5b4a02591d4b08b47e698fe,S016,3
03ac3bc9d5b4a02591d4b08b47e698fe,S019,3
03ac3bc9d5b4a02591d4b08b47e698fe,S020,3
03ac3bc9d5b4a02591d4b08b47e698fe,S003,4
03ac3bc9d5b4a02591d4b08b47e698fe,S022,3
03ac3bc9d5b4a02591d4b08b47e698fe,S017,3
03ac3bc9d5b4a02591d4b08b47e698fe,S014,3
03ac3bc9d5b4a02591d4b08b47e698fe,S025,4
03ac3bc9d5b4a02591d4b08b47e698fe,S004,4
03ac3bc9d5b4a02591d4b08b47e698fe,S045,2
03ac3bc9d5b4a02591d4b08b47e698fe,S028,3
d42c54cd72305e4b152872061ea80573,S003,2
d42c54cd72305e4b152872061ea80573,S017,1
d42c54cd72305e4b152872061ea80573,S031,1
d42c54cd72305e4b152872061ea80573,S023,1
d42c54cd72305e4b152872061ea80573,S002,2
bba0047a165efbe7d45771e7c26e76a2,S041,1
bba0047a165efbe7d45771e7c26e76a2,S021,2
bba0047a165efbe7d45771e7c26e76a2,S001,1
bba0047a165efbe7d45771e7c26e76a2,S006,1
bba0047a165efbe7d45771e7c26e76a2,S012,2
bba0047a165efbe7d45771e7c26e76a2,S005,2
bba0047a165efbe7d45771e7c26e76a2,S039,1
e1655f03c90de937582d40d74e1efad2,S044,2
e1655f03c90de937582d40d74e1efad2,S021,1
e1655f03c90de937582d40d74e1efad2,S038,2
e1655f03c90de937582d40d74e1efad2,S036,1
e1655f03c90de937582d40d74e1efad2,S006,1
7acd4ebb018a2d5d254a867363179919,S031,3
7acd4ebb018a2d5d254a867363179919,S041,3
7acd4ebb018a2d5d254a867363179919,S039,5
7acd4ebb018a2d5d254a867363179919,S020,3
7acd4ebb018a2d5d254a867363179919,S037,2
7acd4ebb018a2d5d254a867363179919,S035,4
7acd4ebb018a2d5d254a867363179919,S029,4
7acd4ebb018a2d5d254a867363179919,S019,2
7acd4ebb018a2d5d254a867363179919,S023,3
608839f040015abaa784e08ac5a8b609,S023,3
608839f040015abaa784e08ac5a8b609,S032,4
608839f040015abaa784e08ac5a8b609,S028,4
608839f040015abaa784e08ac5a8b609,S038,3
608839f040015abaa784e08ac5a8b609,S011,3
608839f040015abaa784e08ac5a8b609,S030,3
608839f040015abaa784e08ac5a8b609,S010,3
608839f040015abaa784e08ac5a8b609,S035,4
608839f040015abaa784e08ac5a8b609,S042,4
608839f040015abaa784e08ac5a8b609,S019,2
e249bfe78ff7be26a8c9f41e856a1302,S010,4
e249bfe78ff7be26a8c9f41e856a1302,S005,2
e249bfe78ff7be26a8c9f41e856a1302,S015,3
e249bfe78ff7be26a8c9f41e856a1302,S021,4
e249bfe78ff7be26a8c9f41e856a1302,S008,1
e249bfe78ff7be26a8c9f41e856a1302,S003,2
e249bfe78ff7be26a8c9f41e856a1302,S029,4
e249bfe78ff7be26a8c9f41e856a1302,S011,4
e249bfe78ff7be26a8c9f41e856a1302,S041,3
e249bfe78ff7be26a8c9f41e856a1302,S009,3
e249bfe78ff7be26a8c9f41e856a1302,S016,4
3fe90be67df5bce9b5132af622337d83,S029,5
3fe90be67df5bce9b5132af622337d83,S019,3
3fe90be67df5bce9b5132af622337d83,S003,3
3fe90be67df5bce9b5132af622337d83,S034,3
3fe90be67df5bce9b5132af622337d83,S011,3
3fe90be67df5bce9b5132af622337d83,S024,2
3fe90be67df5bce9b5132af622337d83,S031,4
3fe90be67df5bce9b5132af622337d83,S032,4
3fe90be67df5bce9b5132af622337d83,S007,5
3fe90be67df5bce9b5132af622337d83,S025,4
3fe90be67df5bce9b5132af622337d83,S037,4
bb436e8361e4de65c90a55abd13bada7,S033,4
bb436e8361e4de65c90a55abd13bada7,S025,5
bb436e8361e4de65c90a55abd13bada7,S011,4
bb436e8361e4de65c90a55abd13bada7,S019,5
bb436e8361e4de65c90a55abd13bada7,S003,4
bb436e8361e4de65c90a55abd13bada7,S018,5
bb436e8361e4de65c90a55abd13bada7,S012,5
bb436e8361e4de65c90a55abd13bada7,S038,5
bb436e8361e4de65c90a55abd13bada7,S004,3
bb436e8361e4de65c90a55abd13bada7,S002,5
bb436e8361e4de65c90a55abd13bada7,S031,4
bb436e8361e4de65c90a55abd13bada7,S017,4
bb436e8361e4de65c90a55abd13bada7,S036,4
bb436e8361e4de65c90a55abd13bada7,S014,4
bb436e8361e4de65c90a55abd13bada7,S008,5
bb436e8361e4de65c90a55abd13bada7,S005,5
d188f4f36375b7b6d6778291c02fa902,S003,4
d188f4f36375b7b6d6778291c02fa902,S037,3
d188f4f36375b7b6d6778291c02fa902,S038,3
d188f4f36375b7b6d6778291c02fa902,S025,2
d188f4f36375b7b6d6778291c02fa902,S032,2
d188f4f36375b7b6d6778291c02fa902,S015,3
d188f4f36375b7b6d6778291c02fa902,S001,3
d188f4f36375b7b6d6778291c02fa902,S005,3
d188f4f36375b7b6d6778291c02fa902,S016,3
d188f4f36375b7b6d6778291c02fa902,S020,2
d188f4f36375b7b6d6778291c02fa902,S006,2
1493e00c2532d4ea910acabb234a26d5,S006,2
1493e00c2532d4ea910acabb234a26d5,S014,2
1493e00c2532d4ea910acabb234a26d5,S011,1
1493e00c2532d4ea910acabb234a26d5,S041,1
1493e00c2532d4ea910acabb234a26d5,S012,2
7e78d75b37d1ed9b6d475dee3bb7a93b,S002,2
7e78d75b37d1ed9b6d475dee3bb7a93b,S016,1
7e78d75b37d1ed9b6d475dee3bb7a93b,S033,1
7e78d75b37d1ed9b6d475dee3bb7a93b,S031,2
7e78d75b37d1ed9b6d475dee3bb7a93b,S027,1
bf830991f9b257e75f882232c10840cc,S015,5
bf830991f9b257e75f882232c10840cc,S035,3
bf830991f9b257e75f882232c10840cc,S034,3
bf830991f9b257e75f882232c10840cc,S045,4
bf830991f9b257e75f882232c10840cc,S004,3
bf830991f9b257e75f882232c10840cc,S024,5
bf830991f9b257e75f882232c10840cc,S036,2
bf830991f9b257e75f882232c10840cc,S021,4
bf830991f9b257e75f882232c10840cc,S010,3
bf830991f9b257e75f882232c10840cc,S006,4
bf830991f9b257e75f882232c10840cc,S039,3
bf830991f9b257e75f882232c10840cc,S003,5
bf830991f9b257e75f882232c10840cc,S020,2
7edae21140237b4e5f1663604d9bbd18,S040,4
7edae21140237b4e5f1663604d9bbd18,S020,4
7edae21140237b4e5f1663604d9bbd18,S031,3
7edae21140237b4e5f1663604d9bbd18,S028,3
7edae21140237b4e5f1663604d9bbd18,S017,4
7edae21140237b4e5f1663604d9bbd18,S019,4
7edae21140237b4e5f1663604d9bbd18,S042,3
7edae21140237b4e5f1663604d9bbd18,S033,4
7edae21140237b4e5f1663604d9bbd18,S023,5
7edae21140237b4e5f1663604d9bbd18,S039,4
7edae21140237b4e5f1663604d9bbd18,S001,4
7edae21140237b4e5f1663604d9bbd18,S012,4
7edae21140237b4e5f1663604d9bbd18,S041,5
570d21023c3bbb18c8176ad9b1d029fe,S040,4
570d21023c3bbb18c8176ad9b1d029fe,S020,2
570d21023c3bbb18c8176ad9b1d029fe,S026,4
570d21023c3bbb18c8176ad9b1d029fe,S029,5
570d21023c3bbb18c8176ad9b1d029fe,S037,2
570d21023c3bbb18c8176ad9b1d029fe,S027,4
570d21023c3bbb18c8176ad9b1d029fe,S042,3
570d21023c3bbb18c8176ad9b1d029fe,S025,5
570d21023c3bbb18c8176ad9b1d029fe,S043,4
570d21023c3bbb18c8176ad9b1d029fe,S008,5
570d21023c3bbb18c8176ad9b1d029fe,S028,3
570d21023c3bbb18c8176ad9b1d029fe,S011,4
68a7e2c19b44a566ba767b0a3b37588d,S038,5
68a7e2c19b44a566ba767b0a3b37588d,S030,2
68a7e2c19b44a566ba767b0a3b37588d,S045,3
68a7e2c19b44a566ba767b0a3b37588d,S020,4
68a7e2c19b44a566ba767b0a3b37588d,S014,4
68a7e2c19b44a566ba767b0a3b37588d,S010,3
68a7e2c19b44a566ba767b0a3b37588d,S019,2
68a7e2c19b44a566ba767b0a3b37588d,S001,3
580e7a5f961cee8d91796977bf82e277,S026,3
580e7a5f961cee8d91796977bf82e277,S001,1
580e7a5f961cee8d91796977bf82e277,S031,4
580e7a5f961cee8d91796977bf82e277,S032,3
580e7a5f961cee8d91796977bf82e277,S024,4
580e7a5f961cee8d91796977bf82e277,S021,2
580e7a5f961cee8d91796977bf82e277,S012,2
580e7a5f961cee8d91796977bf82e277,S036,4
580e7a5f961cee8d91796977bf82e277,S013,4
483cc1b74807042d5acfe6aa1706c36a,S012,4
483cc1b74807042d5acfe6aa1706c36a,S031,3
483cc1b74807042d5acfe6aa1706c36a,S024,2
483cc1b74807042d5acfe6aa1706c36a,S021,5
483cc1b74807042d5acfe6aa1706c36a,S017,3
483cc1b74807042d5acfe6aa1706c36a,S008,5
483cc1b74807042d5acfe6aa1706c36a,S020,5
483cc1b74807042d5acfe6aa1706c36a,S043,4
483cc1b74807042d5acfe6aa1706c36a,S028,4
483cc1b74807042d5acfe6aa1706c36a,S009,4
483cc1b74807042d5acfe6aa1706c36a,S005,4
483cc1b74807042d5acfe6aa1706c36a,S007,4
483cc1b74807042d5acfe6aa1706c36a,S041,4
16833bbc6b41feee695092b698f68e8a,S040,4
16833bbc6b41feee695092b698f68e8a,S024,4
16833bbc6b41feee695092b698f68e8a,S003,5
16833bbc6b41feee695092b698f68e8a,S026,5
16833bbc6b41feee695092b698f68e8a,S017,4
16833bbc6b41feee695092b698f68e8a,S034,3
16833bbc6b41feee695092b698f68e8a,S004,5
16833bbc6b41feee695092b698f68e8a,S022,3
16833bbc6b41feee695092b698f68e8a,S036,4
16833bbc6b41feee695092b698f68e8a,S044,3
16833bbc6b41feee695092b698f68e8a,S025,5
16833bbc6b41feee695092b698f68e8a,S027,3
16833bbc6b41feee695092b698f68e8a,S035,4
16833bbc6b41feee695092b698f68e8a,S016,4
d1bc82963d5f08a3414e76843413f840,S039,4
d1bc82963d5f08a3414e76843413f840,S023,4
d1bc82963d5f08a3414e76843413f840,S038,4
d1bc82963d5f08a3414e76843413f840,S020,5
d1bc82963d5f08a3414e76843413f840,S041,3
d1bc82963d5f08a3414e76843413f840,S043,5
d1bc82963d5f08a3414e76843413f840,S044,4
d1bc82963d5f08a3414e76843413f840,S004,5
d1bc82963d5f08a3414e76843413f840,S002,3
d1bc82963d5f08a3414e76843413f840,S034,4
d46e0aec99f22a0c7c6b0f93dda9e686,S029,4
d46e0aec99f22a0c7c6b0f93dda9e686,S044,4
d46e0aec99f22a0c7c6b0f93dda9e686,S003,4
d46e0aec99f22a0c7c6b0f93dda9e686,S007,4
d46e0aec99f22a0c7c6b0f93dda9e686,S024,2
d46e0aec99f22a0c7c6b0f93dda9e686,S005,5
d46e0aec99f22a0c7c6b0f93dda9e686,S018,5
d46e0aec99f22a0c7c6b0f93dda9e686,S042,4
d46e0aec99f22a0c7c6b0f93dda9e686,S006,5
d46e0aec99f22a0c7c6b0f93dda9e686,S013,5
5d28dac3dae45ed945c4fa2e18a0beea,S023,4
5d28dac3dae45ed945c4fa2e18a0beea,S027,3
5d28dac3dae45ed945c4fa2e18a0beea,S002,4
5d28dac3dae45ed945c4fa2e18a0beea,S007,4
5d28dac3dae45ed945c4fa2e18a0beea,S015,5
5d28dac3dae45ed945c4fa2e18a0beea,S003,3
5d28dac3dae45ed945c4fa2e18a0beea,S037,4
5d28dac3dae45ed945c4fa2e18a0beea,S005,4
5d28dac3dae45ed945c4fa2e18a0beea,S026,4
5d28dac3dae45ed945c4fa2e18a0beea,S014,4
5d28dac3dae45ed945c4fa2e18a0beea,S013,5
5d28dac3dae45ed945c4fa2e18a0beea,S042,4
5d28dac3dae45ed945c4fa2e18a0beea,S018,4
5d28dac3dae45ed945c4fa2e18a0beea,S021,5
41eea73fb3696ebe52ad3dbabcb5134c,S045,3
41eea73fb3696ebe52ad3dbabcb5134c,S038,4
41eea73fb3696ebe52ad3dbabcb5134c,S035,5
41eea73fb3696ebe52ad3dbabcb5134c,S014,3
41eea73fb3696ebe52ad3dbabcb5134c,S017,5
41eea73fb3696ebe52ad3dbabcb5134c,S002,2
41eea73fb3696ebe52ad3dbabcb5134c,S016,4
41eea73fb3696ebe52ad3dbabcb5134c,S008,5
41eea73fb3696ebe52ad3dbabcb5134c,S044,4
41eea73fb3696ebe52ad3dbabcb5134c,S042,4
41eea73fb3696ebe52ad3dbabcb5134c,S006,4
41eea73fb3696ebe52ad3dbabcb5134c,S026,4
41eea73fb3696ebe52ad3dbabcb5134c,S031,3
41eea73fb3696ebe52ad3dbabcb5134c,S023,5
4b8491ab9cc3d59d64783076b1897f61,S030,1
4b8491ab9cc3d59d64783076b1897f61,S016,1
4b8491ab9cc3d59d64783076b1897f61,S041,3
4b8491ab9cc3d59d64783076b1897f61,S037,1
4b8491ab9cc3d59d64783076b1897f61,S001,2
4b8491ab9cc3d59d64783076b1897f61,S022,2
6e8b4e132d8ecd804f4e82d30cbf83e3,S045,2
6e8b4e132d8ecd804f4e82d30cbf83e3,S027,2
6e8b4e132d8ecd804f4e82d30cbf83e3,S021,1
6e8b4e132d8ecd804f4e82d30cbf83e3,S001,1
6e8b4e132d8ecd804f4e82d30cbf83e3,S019,1
6e8b4e132d8ecd804f4e82d30cbf83e3,S025,3
4727e729131df14d528859bf68a9b2a1,S035,2
4727e729131df14d528859bf68a9b2a1,S028,2
4727e729131df14d528859bf68a9b2a1,S043,3
4727e729131df14d528859bf68a9b2a1,S038,2
4727e729131df14d528859bf68a9b2a1,S044,3
4727e729131df14d528859bf68a9b2a1,S023,4
4727e729131df14d528859bf68a9b2a1,S014,3
4727e729131df14d528859bf68a9b2a1,S034,4
b7ba3f2776e0e01ac6124569f7144cc2,S019,4
b7ba3f2776e0e01ac6124569f7144cc2,S045,4
b7ba3f2776e0e01ac6124569f7144cc2,S001,5
b7ba3f2776e0e01ac6124569f7144cc2,S029,3
b7ba3f2776e0e01ac6124569f7144cc2,S009,4
b7ba3f2776e0e01ac6124569f7144cc2,S004,4
b7ba3f2776e0e01ac6124569f7144cc2,S026,4
b7ba3f2776e0e01ac6124569f7144cc2,S021,3
b7ba3f2776e0e01ac6124569f7144cc2,S032,3
b7ba3f2776e0e01ac6124569f7144cc2,S024,4
58f97b5397197d8e29f732974431affc,S029,4
58f97b5397197d8e29f732974431affc,S022,4
58f97b5397197d8e29f732974431affc,S030,5
58f97b5397197d8e29f732974431affc,S032,3
58f97b5397197d8e29f732974431affc,S042,4
58f97b5397197d8e29f732974431affc,S043,5
58f97b5397197d8e29f732974431affc,S014,5
58f97b5397197d8e29f732974431affc,S021,4
58f97b5397197d8e29f732974431affc,S045,5
58f97b5397197d8e29f732974431affc,S015,4
58f97b5397197d8e29f732974431affc,S038,5
58f97b5397197d8e29f732974431affc,S012,4
ce38126aeb49eb4237e2fc2f97355dee,S018,1
ce38126aeb49eb4237e2fc2f97355dee,S020,2
ce38126aeb49eb4237e2fc2f97355dee,S030,2
ce38126aeb49eb4237e2fc2f97355dee,S042,2
ce38126aeb49eb4237e2fc2f97355dee,S031,1
ce38126aeb49eb4237e2fc2f97355dee,S011,1
ce38126aeb49eb4237e2fc2f97355dee,S024,1
e4374d41943aa3f33e6e251f7398cb0a,S042,1
e4374d41943aa3f33e6e251f7398cb0a,S040,2
e4374d41943aa3f33e6e251f7398cb0a,S007,2
e4374d41943aa3f33e6e251f7398cb0a,S015,1
e4374d41943aa3f33e6e251f7398cb0a,S044,1
e4374d41943aa3f33e6e251f7398cb0a,S035,3
e4374d41943aa3f33e6e251f7398cb0a,S016,3
3f199b68302a5221c1a0e1e4c823f035,S032,3
3f199b68302a5221c1a0e1e4c823f035,S021,3
3f199b68302a5221c1a0e1e4c823f035,S034,3
3f199b68302a5221c1a0e1e4c823f035,S036,1
3f199b68302a5221c1a0e1e4c823f035,S011,1
3f199b68302a5221c1a0e1e4c823f035,S044,2
9a289c8cfe10c254d964060b41ad2eb9,S036,3
9a289c8cfe10c254d964060b41ad2eb9,S023,2
9a289c8cfe10c254d964060b41ad2eb9,S017,3
9a289c8cfe10c254d964060b41ad2eb9,S043,4
9a289c8cfe10c254d964060b41ad2eb9,S035,2
9a289c8cfe10c254d964060b41ad2eb9,S021,2
9a289c8cfe10c254d964060b41ad2eb9,S016,3
9a289c8cfe10c254d964060b41ad2eb9,S004,3
5ee7b2e604a055744e00ec8efb6a9579,S017,3
5ee7b2e604a055744e00ec8efb6a9579,S033,5
5ee7b2e604a055744e00ec8efb6a9579,S041,2
5ee7b2e604a055744e00ec8efb6a9579,S020,5
5ee7b2e604a055744e00ec8efb6a9579,S030,5
5ee7b2e604a055744e00ec8efb6a9579,S004,3
5ee7b2e604a055744e00ec8efb6a9579,S031,5
5ee7b2e604a055744e00ec8efb6a9579,S006,3
5ee7b2e604a055744e00ec8efb6a9579,S045,5
5ee7b2e604a055744e00ec8efb6a9579,S013,2
4ef20bbf06fa819ea659058aa26c9fd3,S039,4
4ef20bbf06fa819ea659058aa26c9fd3,S037,3
4ef20bbf06fa819ea659058aa26c9fd3,S024,5
4ef20bbf06fa819ea659058aa26c9fd3,S042,5
4ef20bbf06fa819ea659058aa26c9fd3,S023,5
4ef20bbf06fa819ea659058aa26c9fd3,S034,5
4ef20bbf06fa819ea659058aa26c9fd3,S043,4
4ef20bbf06fa819ea659058aa26c9fd3,S018,5
4ef20bbf06fa819ea659058aa26c9fd3,S036,4
4ef20bbf06fa819ea659058aa26c9fd3,S008,3
4ef20bbf06fa819ea659058aa26c9fd3,S041,4
4ef20bbf06fa819ea659058aa26c9fd3,S013,5
4ef20bbf06fa819ea659058aa26c9fd3,S015,5
4ef20bbf06fa819ea659058aa26c9fd3,S045,4
4ef20bbf06fa819ea659058aa26c9fd3,S028,5
b0e3074a6d1a52a0f1dcd9a0e701c5ae,S015,1
b0e3074a6d1a52a0f1dcd9a0e701c5ae,S014,3
b0e3074a6d1a52a0f1dcd9a0e701c5ae,S044,1
b0e3074a6d1a52a0f1dcd9a0e701c5ae,S024,2
b0e3074a6d1a52a0f1dcd9a0e701c5ae,S016,1
17aa909f44a15fe2fcbe6dd33c5e5d31,S015,4
17aa909f44a15fe2fcbe6dd33c5e5d31,S045,3
17aa909f44a15fe2fcbe6dd33c5e5d31,S042,4
17aa909f44a15fe2fcbe6dd33c5e5d31,S005,3
17aa909f44a15fe2fcbe6dd33c5e5d31,S003,3
17aa909f44a15fe2fcbe6dd33c5e5d31,S028,3
17aa909f44a15fe2fcbe6dd33c5e5d31,S033,4
17aa909f44a15fe2fcbe6dd33c5e5d31,S035,4
17aa909f44a15fe2fcbe6dd33c5e5d31,S024,2
17aa909f44a15fe2fcbe6dd33c5e5d31,S016,3
17aa909f44a15fe2fcbe6dd33c5e5d31,S029,2
17aa909f44a15fe2fcbe6dd33c5e5d31,S030,4
99d092bbfbaac2e53775cbfef9d53008,S013,3
99d092bbfbaac2e53775cbfef9d53008,S017,2
99d092bbfbaac2e53775cbfef9d53008,S014,3
99d092bbfbaac2e53775cbfef9d53008,S025,3
99d092bbfbaac2e53775cbfef9d53008,S007,4
99d092bbfbaac2e53775cbfef9d53008,S002,2
99d092bbfbaac2e53775cbfef9d53008,S024,2
99d092bbfbaac2e53775cbfef9d53008,S037,3
ed6dc84209964c0e48f8894d9f949ac6,S009,2
ed6dc84209964c0e48f8894d9f949ac6,S037,4
ed6dc84209964c0e48f8894d9f949ac6,S027,2
ed6dc84209964c0e48f8894d9f949ac6,S021,2
ed6dc84209964c0e48f8894d9f949ac6,S030,2
ed6dc84209964c0e48f8894d9f949ac6,S001,4
ed6dc84209964c0e48f8894d9f949ac6,S018,4
ed6dc84209964c0e48f8894d9f949ac6,S007,3
ed6dc84209964c0e48f8894d9f949ac6,S045,2
16a09cbc04c7be61075ccd5299ee5541,S018,4
16a09cbc04c7be61075ccd5299ee5541,S037,4
16a09cbc04c7be61075ccd5299ee5541,S019,2
16a09cbc04c7be61075ccd5299ee5541,S013,2
16a09cbc04c7be61075ccd5299ee5541,S003,4
16a09cbc04c7be61075ccd5299ee5541,S029,3
16a09cbc04c7be61075ccd5299ee5541,S039,3
16a09cbc04c7be61075ccd5299ee5541,S034,3
16a09cbc04c7be61075ccd5299ee5541,S023,3
16a09cbc04c7be61075ccd5299ee5541,S008,4
16a09cbc04c7be61075ccd5299ee5541,S028,4
ee2205c60c6f98ab8549bdaacfe591b0,S030,2
ee2205c60c6f98ab8549bdaacfe591b0,S016,4
ee2205c60c6f98ab8549bdaacfe591b0,S039,3
ee2205c60c6f98ab8549bdaacfe591b0,S008,5
ee2205c60c6f98ab8549bdaacfe591b0,S003,4
ee2205c60c6f98ab8549bdaacfe591b0,S004,3
ee2205c60c6f98ab8549bdaacfe591b0,S009,4
ee2205c60c6f98ab8549bdaacfe591b0,S037,3
ee2205c60c6f98ab8549bdaacfe591b0,S043,3
ee2205c60c6f98ab8549bdaacfe591b0,S040,4
ee2205c60c6f98ab8549bdaacfe591b0,S002,4
ee2205c60c6f98ab8549bdaacfe591b0,S012,4
ee2205c60c6f98ab8549bdaacfe591b0,S025,3
ee2205c60c6f98ab8549bdaacfe591b0,S044,4
20487f3226f771eea414ea7e6265db86,S014,1
20487f3226f771eea414ea7e6265db86,S023,1
20487f3226f771eea414ea7e6265db86,S036,2
20487f3226f771eea414ea7e6265db86,S037,1
20487f3226f771eea414ea7e6265db86,S043,2
20487f3226f771eea414ea7e6265db86,S044,1
8c9d88236957ad50041d046a3bfba90e,S040,3
8c9d88236957ad50041d046a3bfba90e,S016,5
8c9d88236957ad50041d046a3bfba90e,S027,4
8c9d88236957ad50041d046a3bfba90e,S033,4
8c9d88236957ad50041d046a3bfba90e,S045,3
8c9d88236957ad50041d046a3bfba90e,S014,2
8c9d88236957ad50041d046a3bfba90e,S011,3
8c9d88236957ad50041d046a3bfba90e,S009,5
8c9d88236957ad50041d046a3bfba90e,S006,5
8c9d88236957ad50041d046a3bfba90e,S013,4
8c9d88236957ad50041d046a3bfba90e,S018,4
8c9d88236957ad50041d046a3bfba90e,S004,4
8c9d88236957ad50041d046a3bfba90e,S043,3
8c9d88236957ad50041d046a3bfba90e,S035,5
eae15a8702c3f8fdf27dd61ac34b4101,S004,2
eae15a8702c3f8fdf27dd61ac34b4101,S011,5
eae15a8702c3f8fdf27dd61ac34b4101,S029,4
eae15a8702c3f8fdf27dd61ac34b4101,S034,4
eae15a8702c3f8fdf27dd61ac34b4101,S021,5
eae15a8702c3f8fdf27dd61ac34b4101,S030,4
eae15a8702c3f8fdf27dd61ac34b4101,S023,4
eae15a8702c3f8fdf27dd61ac34b4101,S016,4
eae15a8702c3f8fdf27dd61ac34b4101,S045,5
eae15a8702c3f8fdf27dd61ac34b4101,S036,3
eae15a8702c3f8fdf27dd61ac34b4101,S003,2
eae15a8702c3f8fdf27dd61ac34b4101,S044,4
eae15a8702c3f8fdf27dd61ac34b4101,S024,5
eae15a8702c3f8fdf27dd61ac34b4101,S015,4
22d06bccc7af27673b0adfc9b69d796f,S008,2
22d06bccc7af27673b0adfc9b69d796f,S005,4
22d06bccc7af27673b0adfc9b69d796f,S023,4
22d06bccc7af27673b0adfc9b69d796f,S017,3
22d06bccc7af27673b0adfc9b69d796f,S018,4
22d06bccc7af27673b0adfc9b69d796f,S026,3
22d06bccc7af27673b0adfc9b69d796f,S024,3
22d06bccc7af27673b0adfc9b69d796f,S034,3
22d06bccc7af27673b0adfc9b69d796f,S001,4
ed5618d8aeff3d2d586b862e4846e769,S010,2
ed5618d8aeff3d2d586b862e4846e769,S041,3
ed5618d8aeff3d2d586b862e4846e769,S027,2
ed5618d8aeff3d2d586b862e4846e769,S006,3
ed5618d8aeff3d2d586b862e4846e769,S040,4
ed5618d8aeff3d2d586b862e4846e769,S038,3
ed5618d8aeff3d2d586b862e4846e769,S035,4
ed5618d8aeff3d2d586b862e4846e769,S032,4
ed5618d8aeff3d2d586b862e4846e769,S016,2
ed5618d8aeff3d2d586b862e4846e769,S007,5
2b31d986261d2d38f2ea03f69519dc8f,S036,3
2b31d986261d2d38f2ea03f69519dc8f,S001,4
2b31d986261d2d38f2ea03f69519dc8f,S012,4
2b31d986261d2d38f2ea03f69519dc8f,S009,4
2b31d986261d2d38f2ea03f69519dc8f,S035,5
2b31d986261d2d38f2ea03f69519dc8f,S004,4
2b31d986261d2d38f2ea03f69519dc8f,S034,4
2b31d986261d2d38f2ea03f69519dc8f,S027,4
2b31d986261d2d38f2ea03f69519dc8f,S040,4
2b31d986261d2d38f2ea03f69519dc8f,S007,3
2b31d986261d2d38f2ea03f69519dc8f,S003,5
2b31d986261d2d38f2ea03f69519dc8f,S017,3
324d931c7e66b344114b50f5d155af9e,S036,4
324d931c7e66b344114b50f5d155af9e,S038,2
324d931c7e66b344114b50f5d155af9e,S012,3
324d931c7e66b344114b50f5d155af9e,S022,4
324d931c7e66b344114b50f5d155af9e,S013,2
324d931c7e66b344114b50f5d155af9e,S008,3
324d931c7e66b344114b50f5d155af9e,S042,3
324d931c7e66b344114b50f5d155af9e,S028,3
324d931c7e66b344114b50f5d155af9e,S039,3
324d931c7e66b344114b50f5d155af9e,S025,2
324d931c7e66b344114b50f5d155af9e,S002,3
7adfb0277311689532dcf791f93554b2,S003,2
7adfb0277311689532dcf791f93554b2,S009,4
7adfb0277311689532dcf791f93554b2,S036,3
7adfb0277311689532dcf791f93554b2,S007,4
7adfb0277311689532dcf791f93554b2,S018,2
7adfb0277311689532dcf791f93554b2,S020,3
7adfb0277311689532dcf791f93554b2,S010,3
7adfb0277311689532dcf791f93554b2,S029,3
7adfb0277311689532dcf791f93554b2,S043,3
7adfb0277311689532dcf791f93554b2,S033,2
82971932bd6a6b8955a0fe124e24519c,S027,4
82971932bd6a6b8955a0fe124e24519c,S015,5
82971932bd6a6b8955a0fe124e24519c,S041,5
82971932bd6a6b8955a0fe124e24519c,S031,4
82971932bd6a6b8955a0fe124e24519c,S010,5
82971932bd6a6b8955a0fe124e24519c,S037,4
82971932bd6a6b8955a0fe124e24519c,S014,5
82971932bd6a6b8955a0fe124e24519c,S040,4
82971932bd6a6b8955a0fe124e24519c,S034,4
82971932bd6a6b8955a0fe124e24519c,S033,4
82971932bd6a6b8955a0fe124e24519c,S030,5
6152e73d9c5abbde2dae7dd7c9c38c56,S017,3
6152e73d9c5abbde2dae7dd7c9c38c56,S039,5
6152e73d9c5abbde2dae7dd7c9c38c56,S033,4
6152e73d9c5abbde2dae7dd7c9c38c56,S010,3
6152e73d9c5abbde2dae7dd7c9c38c56,S013,4
6152e73d9c5abbde2dae7dd7c9c38c56,S018,3
6152e73d9c5abbde2dae7dd7c9c38c56,S012,3
6152e73d9c5abbde2dae7dd7c9c38c56,S029,5
6152e73d9c5abbde2dae7dd7c9c38c56,S001,5
6152e73d9c5abbde2dae7dd7c9c38c56,S009,5
18e251b83c40472ecadc1e2f4a74a405,S021,4
18e251b83c40472ecadc1e2f4a74a405,S009,5
18e251b83c40472ecadc1e2f4a74a405,S028,3
18e251b83c40472ecadc1e2f4a74a405,S029,4
18e251b83c40472ecadc1e2f4a74a405,S015,5
18e251b83c40472ecadc1e2f4a74a405,S045,5
18e251b83c40472ecadc1e2f4a74a405,S002,5
18e251b83c40472ecadc1e2f4a74a405,S008,5
18e251b83c40472ecadc1e2f4a74a405,S011,3
18e251b83c40472ecadc1e2f4a74a405,S038,4
18e251b83c40472ecadc1e2f4a74a405,S010,4
18e251b83c40472ecadc1e2f4a74a405,S004,4
18e251b83c40472ecadc1e2f4a74a405,S018,4
18e251b83c40472ecadc1e2f4a74a405,S044,4
2904e3e664639a0def7cf9d3cf699fdf,S004,4
2904e3e664639a0def7cf9d3cf699fdf,S026,3
2904e3e664639a0def7cf9d3cf699fdf,S021,3
2904e3e664639a0def7cf9d3cf699fdf,S025,3
2904e3e664639a0def7cf9d3cf699fdf,S018,3
2904e3e664639a0def7cf9d3cf699fdf,S041,4
2904e3e664639a0def7cf9d3cf699fdf,S036,4
2904e3e664639a0def7cf9d3cf699fdf,S033,3
2904e3e664639a0def7cf9d3cf699fdf,S013,3
3cf7d3a82a43980a3c9880d87782d0ac,S016,3
3cf7d3a82a43980a3c9880d87782d0ac,S010,4
3cf7d3a82a43980a3c9880d87782d0ac,S005,3
3cf7d3a82a43980a3c9880d87782d0ac,S033,4
3cf7d3a82a43980a3c9880d87782d0ac,S021,5
3cf7d3a82a43980a3c9880d87782d0ac,S028,2
3cf7d3a82a43980a3c9880d87782d0ac,S042,4
3cf7d3a82a43980a3c9880d87782d0ac,S007,3
3cf7d3a82a43980a3c9880d87782d0ac,S009,5
3cf7d3a82a43980a3c9880d87782d0ac,S035,3
3cf7d3a82a43980a3c9880d87782d0ac,S034,4
3cf7d3a82a43980a3c9880d87782d0ac,S040,4
d0cb64ca7531fe381a6c5367aea6f97d,S016,5
d0cb64ca7531fe381a6c5367aea6f97d,S001,5
d0cb64ca7531fe381a6c5367aea6f97d,S009,3
d0cb64ca7531fe381a6c5367aea6f97d,S010,3
d0cb64ca7531fe381a6c5367aea6f97d,S038,4
d0cb64ca7531fe381a6c5367aea6f97d,S012,4
d0cb64ca7531fe381a6c5367aea6f97d,S021,3
d0cb64ca7531fe381a6c5367aea6f97d,S045,4
d0cb64ca7531fe381a6c5367aea6f97d,S040,3
d0cb64ca7531fe381a6c5367aea6f97d,S041,3
d0cb64ca7531fe381a6c5367aea6f97d,S003,5
d0cb64ca7531fe381a6c5367aea6f97d,S007,4
d0cb64ca7531fe381a6c5367aea6f97d,S011,3
d0cb64ca7531fe381a6c5367aea6f97d,S044,5
418771f4c04b6fb270abe73713488ec3,S013,2
418771f4c04b6fb270abe73713488ec3,S006,2
418771f4c04b6fb270abe73713488ec3,S027,1
418771f4c04b6fb270abe73713488ec3,S005,1
418771f4c04b6fb270abe73713488ec3,S025,2
418771f4c04b6fb270abe73713488ec3,S020,1
a925c8e8514cb02e0715ede0833940ce,S002,2
a925c8e8514cb02e0715ede0833940ce,S019,3
a925c8e8514cb02e0715ede0833940ce,S007,3
a925c8e8514cb02e0715ede0833940ce,S041,3
a925c8e8514cb02e0715ede0833940ce,S012,2
a925c8e8514cb02e0715ede0833940ce,S013,3
a925c8e8514cb02e0715ede0833940ce,S024,5
a925c8e8514cb02e0715ede0833940ce,S039,5
a925c8e8514cb02e0715ede0833940ce,S038,4
a925c8e8514cb02e0715ede0833940ce,S015,2
a925c8e8514cb02e0715ede0833940ce,S033,3
a925c8e8514cb02e0715ede0833940ce,S023,3
4d245e1bf48b230bf7516696f6e33d70,S027,3
4d245e1bf48b230bf7516696f6e33d70,S014,3
4d245e1bf48b230bf7516696f6e33d70,S034,2
4d245e1bf48b230bf7516696f6e33d70,S001,3
4d245e1bf48b230bf7516696f6e33d70,S035,2
4d245e1bf48b230bf7516696f6e33d70,S029,3
4d245e1bf48b230bf7516696f6e33d70,S045,3
4d245e1bf48b230bf7516696f6e33d70,S026,3
4d245e1bf48b230bf7516696f6e33d70,S024,3
4d245e1bf48b230bf7516696f6e33d70,S007,3
4d245e1bf48b230bf7516696f6e33d70,S016,3
5edb44ceef71e7c4d5942262c60618ae,S004,3
5edb44ceef71e7c4d5942262c60618ae,S014,5
5edb44ceef71e7c4d5942262c60618ae,S024,4
5edb44ceef71e7c4d5942262c60618ae,S042,4
5edb44ceef71e7c4d5942262c60618ae,S015,4
5edb44ceef71e7c4d5942262c60618ae,S021,5
5edb44ceef71e7c4d5942262c60618ae,S039,5
5edb44ceef71e7c4d5942262c60618ae,S017,4
5edb44ceef71e7c4d5942262c60618ae,S001,4
5edb44ceef71e7c4d5942262c60618ae,S016,4
5edb44ceef71e7c4d5942262c60618ae,S040,5
57930abb4b131b6a02815b1f13b64632,S032,1
57930abb4b131b6a02815b1f13b64632,S045,2
57930abb4b131b6a02815b1f13b64632,S024,2
57930abb4b131b6a02815b1f13b64632,S035,1
57930abb4b131b6a02815b1f13b64632,S026,1
76009833368603753ccbe888aa7eef61,S024,4
76009833368603753ccbe888aa7eef61,S019,1
76009833368603753ccbe888aa7eef61,S001,4
76009833368603753ccbe888aa7eef61,S042,3
76009833368603753ccbe888aa7eef61,S017,3
76009833368603753ccbe888aa7eef61,S032,4
76009833368603753ccbe888aa7eef61,S031,3
76009833368603753ccbe888aa7eef61,S018,3
76009833368603753ccbe888aa7eef61,S014,3
76009833368603753ccbe888aa7eef61,S007,4
9cbb55d41429065f32dafd7d4e5c0cc8,S045,4
9cbb55d41429065f32dafd7d4e5c0cc8,S017,4
9cbb55d41429065f32dafd7d4e5c0cc8,S029,2
9cbb55d41429065f32dafd7d4e5c0cc8,S015,4
9cbb55d41429065f32dafd7d4e5c0cc8,S018,4
9cbb55d41429065f32dafd7d4e5c0cc8,S006,4
9cbb55d41429065f32dafd7d4e5c0cc8,S044,4
9cbb55d41429065f32dafd7d4e5c0cc8,S042,3
9cbb55d41429065f32dafd7d4e5c0cc8,S016,5
9cbb55d41429065f32dafd7d4e5c0cc8,S012,3
9cbb55d41429065f32dafd7d4e5c0cc8,S027,5
9cbb55d41429065f32dafd7d4e5c0cc8,S022,4
9cbb55d41429065f32dafd7d4e5c0cc8,S024,2
7b4d02bc5c3b982940d703881824cd06,S033,3
7b4d02bc5c3b982940d703881824cd06,S032,4
7b4d02bc5c3b982940d703881824cd06,S009,2
7b4d02bc5c3b982940d703881824cd06,S007,3
7b4d02bc5c3b982940d703881824cd06,S003,3
7b4d02bc5c3b982940d703881824cd06,S029,3
7b4d02bc5c3b982940d703881824cd06,S013,3
7b4d02bc5c3b982940d703881824cd06,S044,2
7b4d02bc5c3b982940d703881824cd06,S026,3
7b4d02bc5c3b982940d703881824cd06,S040,4
7b4d02bc5c3b982940d703881824cd06,S034,3
7b4d02bc5c3b982940d703881824cd06,S016,3
67b799daa1105b0637e13bd45f1e89ed,S011,1
67b799daa1105b0637e13bd45f1e89ed,S021,2
67b799daa1105b0637e13bd45f1e89ed,S028,2
67b799daa1105b0637e13bd45f1e89ed,S025,1
67b799daa1105b0637e13bd45f1e89ed,S002,1
67b799daa1105b0637e13bd45f1e89ed,S010,2
67b799daa1105b0637e13bd45f1e89ed,S018,2
03414d08c0d2194c25a1d3bb58ab7e74,S003,2
03414d08c0d2194c25a1d3bb58ab7e74,S017,3
03414d08c0d2194c25a1d3bb58ab7e74,S016,2
03414d08c0d2194c25a1d3bb58ab7e74,S020,2
03414d08c0d2194c25a1d3bb58ab7e74,S001,2
03414d08c0d2194c25a1d3bb58ab7e74,S039,3
03414d08c0d2194c25a1d3bb58ab7e74,S044,2
03414d08c0d2194c25a1d3bb58ab7e74,S035,2
03414d08c0d2194c25a1d3bb58ab7e74,S040,1
0a3964974400c8309dd75df08146fc0b,S028,4
0a3964974400c8309dd75df08146fc0b,S033,3
0a3964974400c8309dd75df08146fc0b,S026,4
0a3964974400c8309dd75df08146fc0b,S039,2
0a3964974400c8309dd75df08146fc0b,S003,4
0a3964974400c8309dd75df08146fc0b,S016,3
0a3964974400c8309dd75df08146fc0b,S024,4
0a3964974400c8309dd75df08146fc0b,S043,4
0a3964974400c8309dd75df08146fc0b,S019,4
0a3964974400c8309dd75df08146fc0b,S022,3
0a3964974400c8309dd75df08146fc0b,S018,4
eeb25d0822348fabe8317e57fb9dda1c,S026,3
eeb25d0822348fabe8317e57fb9dda1c,S014,1
eeb25d0822348fabe8317e57fb9dda1c,S007,1
eeb25d0822348fabe8317e57fb9dda1c,S017,1
eeb25d0822348fabe8317e57fb9dda1c,S013,2
8b2ff4650af99e43c08f132cd8e96681,S041,3
8b2ff4650af99e43c08f132cd8e96681,S015,4
8b2ff4650af99e43c08f132cd8e96681,S030,3
8b2ff4650af99e43c08f132cd8e96681,S026,3
8b2ff4650af99e43c08f132cd8e96681,S012,3
8b2ff4650af99e43c08f132cd8e96681,S017,2
8b2ff4650af99e43c08f132cd8e96681,S038,2
8b2ff4650af99e43c08f132cd8e96681,S004,2
8b2ff4650af99e43c08f132cd8e96681,S040,3
8b2ff4650af99e43c08f132cd8e96681,S027,4
8b2ff4650af99e43c08f132cd8e96681,S045,3
dbe58f2934a691b914b411d5ba3f08e7,S045,3
dbe58f2934a691b914b411d5ba3f08e7,S028,2
dbe58f2934a691b914b411d5ba3f08e7,S008,1
dbe58f2934a691b914b411d5ba3f08e7,S012,2
dbe58f2934a691b914b411d5ba3f08e7,S025,4
dbe58f2934a691b914b411d5ba3f08e7,S021,1
9c5cb319640aa33cf0cd165af3d39a6d,S034,2
9c5cb319640aa33cf0cd165af3d39a6d,S009,1
9c5cb319640aa33cf0cd165af3d39a6d,S015,1
9c5cb319640aa33cf0cd165af3d39a6d,S010,1
9c5cb319640aa33cf0cd165af3d39a6d,S020,1
9c5cb319640aa33cf0cd165af3d39a6d,S002,2
df531436fb32f618fe72a8f66de789c1,S006,3
df531436fb32f618fe72a8f66de789c1,S011,2
df531436fb32f618fe72a8f66de789c1,S041,3
df531436fb32f618fe72a8f66de789c1,S033,3
df531436fb32f618fe72a8f66de789c1,S008,4
df531436fb32f618fe72a8f66de789c1,S010,2
df531436fb32f618fe72a8f66de789c1,S016,4
df531436fb32f618fe72a8f66de789c1,S004,4
df531436fb32f618fe72a8f66de789c1,S025,3
df531436fb32f618fe72a8f66de789c1,S021,3
4768a3979c9d0c348e217012f03e7151,S035,5
4768a3979c9d0c348e217012f03e7151,S004,5
4768a3979c9d0c348e217012f03e7151,S006,4
4768a3979c9d0c348e217012f03e7151,S031,4
4768a3979c9d0c348e217012f03e7151,S028,4
4768a3979c9d0c348e217012f03e7151,S026,4
4768a3979c9d0c348e217012f03e7151,S041,5
4768a3979c9d0c348e217012f03e7151,S027,5
4768a3979c9d0c348e217012f03e7151,S020,4
4768a3979c9d0c348e217012f03e7151,S037,3
4768a3979c9d0c348e217012f03e7151,S018,4
4768a3979c9d0c348e217012f03e7151,S008,5
4768a3979c9d0c348e217012f03e7151,S040,3
